ISO-10303-21;
HEADER;
/* Generated by software containing ST-Developer
 * from STEP Tools, Inc. (www.steptools.com) 
 */

FILE_DESCRIPTION(
/* description */ (''),
/* implementation_level */ '2;1');

FILE_NAME(
/* name */ 'Forearm_J3J4.step',
/* time_stamp */ '2026-08-03T19:36:25+09:00',
/* author */ (''),
/* organization */ (''),
/* preprocessor_version */ 'ST-DEVELOPER v20.1',
/* originating_system */ 'Autodesk Translation Framework v15.8.0.0',
/* authorisation */ '');

FILE_SCHEMA (('AUTOMOTIVE_DESIGN { 1 0 10303 214 3 1 1 }'));
ENDSEC;

DATA;
#10=MECHANICAL_DESIGN_GEOMETRIC_PRESENTATION_REPRESENTATION('',(#13),#2962);
#11=SHAPE_REPRESENTATION_RELATIONSHIP('SRR','None',#2969,#12);
#12=ADVANCED_BREP_SHAPE_REPRESENTATION('',(#14),#2961);
#13=STYLED_ITEM('',(#2978),#14);
#14=MANIFOLD_SOLID_BREP('\X2\30DC30C730A3\X0\1',#1814);
#15=FACE_BOUND('',#214,.T.);
#16=FACE_BOUND('',#216,.T.);
#17=FACE_BOUND('',#217,.T.);
#18=FACE_BOUND('',#222,.T.);
#19=FACE_BOUND('',#226,.T.);
#20=FACE_BOUND('',#230,.T.);
#21=FACE_BOUND('',#241,.T.);
#22=FACE_BOUND('',#242,.T.);
#23=FACE_BOUND('',#243,.T.);
#24=FACE_BOUND('',#244,.T.);
#25=FACE_BOUND('',#245,.T.);
#26=FACE_BOUND('',#252,.T.);
#27=FACE_BOUND('',#261,.T.);
#28=FACE_BOUND('',#266,.T.);
#29=FACE_BOUND('',#274,.T.);
#30=FACE_BOUND('',#292,.T.);
#31=FACE_BOUND('',#293,.T.);
#32=FACE_BOUND('',#294,.T.);
#33=FACE_BOUND('',#295,.T.);
#34=FACE_BOUND('',#296,.T.);
#35=FACE_BOUND('',#303,.T.);
#36=FACE_BOUND('',#304,.T.);
#37=FACE_BOUND('',#307,.T.);
#38=FACE_BOUND('',#309,.T.);
#39=FACE_BOUND('',#310,.T.);
#40=FACE_BOUND('',#311,.T.);
#41=FACE_BOUND('',#312,.T.);
#42=FACE_BOUND('',#313,.T.);
#43=CIRCLE('',#1831,21.5);
#44=CIRCLE('',#1832,21.5);
#45=CIRCLE('',#1834,21.5);
#46=CIRCLE('',#1835,21.5);
#47=CIRCLE('',#1837,21.5);
#48=CIRCLE('',#1838,21.5);
#49=CIRCLE('',#1848,2.3);
#50=CIRCLE('',#1849,1.2);
#51=CIRCLE('',#1851,2.3);
#52=CIRCLE('',#1852,2.3);
#53=CIRCLE('',#1853,3.25);
#54=CIRCLE('',#1855,2.3);
#55=CIRCLE('',#1856,2.3);
#56=CIRCLE('',#1858,2.3);
#57=CIRCLE('',#1859,2.3);
#58=CIRCLE('',#1861,2.3);
#59=CIRCLE('',#1862,2.3);
#60=CIRCLE('',#1864,1.2);
#61=CIRCLE('',#1866,2.3);
#62=CIRCLE('',#1868,2.3);
#63=CIRCLE('',#1869,2.3);
#64=CIRCLE('',#1871,1.2);
#65=CIRCLE('',#1874,2.3);
#66=CIRCLE('',#1875,2.3);
#67=CIRCLE('',#1877,1.2);
#68=CIRCLE('',#1881,1.2);
#69=CIRCLE('',#1882,1.2);
#70=CIRCLE('',#1883,1.2);
#71=CIRCLE('',#1885,1.2);
#72=CIRCLE('',#1887,1.2);
#73=CIRCLE('',#1889,1.2);
#74=CIRCLE('',#1890,1.2);
#75=CIRCLE('',#1891,1.2);
#76=CIRCLE('',#1896,3.25);
#77=CIRCLE('',#1911,8.00000000000001);
#78=CIRCLE('',#1913,8.00000000000001);
#79=CIRCLE('',#1917,5.15000000000001);
#80=CIRCLE('',#1919,5.15000000000001);
#81=CIRCLE('',#1937,1.70000000000002);
#82=CIRCLE('',#1938,1.70000000000002);
#83=CIRCLE('',#1940,1.70000000000002);
#84=CIRCLE('',#1941,1.70000000000002);
#85=CIRCLE('',#1943,1.70000000000002);
#86=CIRCLE('',#1944,1.70000000000002);
#87=CIRCLE('',#1946,1.70000000000002);
#88=CIRCLE('',#1947,1.70000000000002);
#89=CIRCLE('',#1949,3.15000000000001);
#90=CIRCLE('',#1950,3.15000000000001);
#91=CIRCLE('',#1952,10.4);
#92=CIRCLE('',#1953,10.4);
#93=CYLINDRICAL_SURFACE('',#1830,21.5);
#94=CYLINDRICAL_SURFACE('',#1833,21.5);
#95=CYLINDRICAL_SURFACE('',#1836,21.5);
#96=CYLINDRICAL_SURFACE('',#1857,2.3);
#97=CYLINDRICAL_SURFACE('',#1860,2.3);
#98=CYLINDRICAL_SURFACE('',#1867,2.3);
#99=CYLINDRICAL_SURFACE('',#1873,2.3);
#100=CYLINDRICAL_SURFACE('',#1880,1.2);
#101=CYLINDRICAL_SURFACE('',#1884,1.2);
#102=CYLINDRICAL_SURFACE('',#1886,1.2);
#103=CYLINDRICAL_SURFACE('',#1888,1.2);
#104=CYLINDRICAL_SURFACE('',#1906,3.25);
#105=CYLINDRICAL_SURFACE('',#1912,8.00000000000001);
#106=CYLINDRICAL_SURFACE('',#1918,5.15000000000001);
#107=CYLINDRICAL_SURFACE('',#1936,1.70000000000002);
#108=CYLINDRICAL_SURFACE('',#1939,1.70000000000002);
#109=CYLINDRICAL_SURFACE('',#1942,1.70000000000002);
#110=CYLINDRICAL_SURFACE('',#1945,1.70000000000002);
#111=CYLINDRICAL_SURFACE('',#1948,3.15000000000001);
#112=CYLINDRICAL_SURFACE('',#1951,10.4);
#113=FACE_OUTER_BOUND('',#200,.T.);
#114=FACE_OUTER_BOUND('',#201,.T.);
#115=FACE_OUTER_BOUND('',#202,.T.);
#116=FACE_OUTER_BOUND('',#203,.T.);
#117=FACE_OUTER_BOUND('',#204,.T.);
#118=FACE_OUTER_BOUND('',#205,.T.);
#119=FACE_OUTER_BOUND('',#206,.T.);
#120=FACE_OUTER_BOUND('',#207,.T.);
#121=FACE_OUTER_BOUND('',#208,.T.);
#122=FACE_OUTER_BOUND('',#209,.T.);
#123=FACE_OUTER_BOUND('',#210,.T.);
#124=FACE_OUTER_BOUND('',#211,.T.);
#125=FACE_OUTER_BOUND('',#212,.T.);
#126=FACE_OUTER_BOUND('',#213,.T.);
#127=FACE_OUTER_BOUND('',#215,.T.);
#128=FACE_OUTER_BOUND('',#218,.T.);
#129=FACE_OUTER_BOUND('',#219,.T.);
#130=FACE_OUTER_BOUND('',#220,.T.);
#131=FACE_OUTER_BOUND('',#221,.T.);
#132=FACE_OUTER_BOUND('',#223,.T.);
#133=FACE_OUTER_BOUND('',#224,.T.);
#134=FACE_OUTER_BOUND('',#225,.T.);
#135=FACE_OUTER_BOUND('',#227,.T.);
#136=FACE_OUTER_BOUND('',#228,.T.);
#137=FACE_OUTER_BOUND('',#229,.T.);
#138=FACE_OUTER_BOUND('',#231,.T.);
#139=FACE_OUTER_BOUND('',#232,.T.);
#140=FACE_OUTER_BOUND('',#233,.T.);
#141=FACE_OUTER_BOUND('',#234,.T.);
#142=FACE_OUTER_BOUND('',#235,.T.);
#143=FACE_OUTER_BOUND('',#236,.T.);
#144=FACE_OUTER_BOUND('',#237,.T.);
#145=FACE_OUTER_BOUND('',#238,.T.);
#146=FACE_OUTER_BOUND('',#239,.T.);
#147=FACE_OUTER_BOUND('',#240,.T.);
#148=FACE_OUTER_BOUND('',#246,.T.);
#149=FACE_OUTER_BOUND('',#247,.T.);
#150=FACE_OUTER_BOUND('',#248,.T.);
#151=FACE_OUTER_BOUND('',#249,.T.);
#152=FACE_OUTER_BOUND('',#250,.T.);
#153=FACE_OUTER_BOUND('',#251,.T.);
#154=FACE_OUTER_BOUND('',#253,.T.);
#155=FACE_OUTER_BOUND('',#254,.T.);
#156=FACE_OUTER_BOUND('',#255,.T.);
#157=FACE_OUTER_BOUND('',#256,.T.);
#158=FACE_OUTER_BOUND('',#257,.T.);
#159=FACE_OUTER_BOUND('',#258,.T.);
#160=FACE_OUTER_BOUND('',#259,.T.);
#161=FACE_OUTER_BOUND('',#260,.T.);
#162=FACE_OUTER_BOUND('',#262,.T.);
#163=FACE_OUTER_BOUND('',#263,.T.);
#164=FACE_OUTER_BOUND('',#264,.T.);
#165=FACE_OUTER_BOUND('',#265,.T.);
#166=FACE_OUTER_BOUND('',#267,.T.);
#167=FACE_OUTER_BOUND('',#268,.T.);
#168=FACE_OUTER_BOUND('',#269,.T.);
#169=FACE_OUTER_BOUND('',#270,.T.);
#170=FACE_OUTER_BOUND('',#271,.T.);
#171=FACE_OUTER_BOUND('',#272,.T.);
#172=FACE_OUTER_BOUND('',#273,.T.);
#173=FACE_OUTER_BOUND('',#275,.T.);
#174=FACE_OUTER_BOUND('',#276,.T.);
#175=FACE_OUTER_BOUND('',#277,.T.);
#176=FACE_OUTER_BOUND('',#278,.T.);
#177=FACE_OUTER_BOUND('',#279,.T.);
#178=FACE_OUTER_BOUND('',#280,.T.);
#179=FACE_OUTER_BOUND('',#281,.T.);
#180=FACE_OUTER_BOUND('',#282,.T.);
#181=FACE_OUTER_BOUND('',#283,.T.);
#182=FACE_OUTER_BOUND('',#284,.T.);
#183=FACE_OUTER_BOUND('',#285,.T.);
#184=FACE_OUTER_BOUND('',#286,.T.);
#185=FACE_OUTER_BOUND('',#287,.T.);
#186=FACE_OUTER_BOUND('',#288,.T.);
#187=FACE_OUTER_BOUND('',#289,.T.);
#188=FACE_OUTER_BOUND('',#290,.T.);
#189=FACE_OUTER_BOUND('',#291,.T.);
#190=FACE_OUTER_BOUND('',#297,.T.);
#191=FACE_OUTER_BOUND('',#298,.T.);
#192=FACE_OUTER_BOUND('',#299,.T.);
#193=FACE_OUTER_BOUND('',#300,.T.);
#194=FACE_OUTER_BOUND('',#301,.T.);
#195=FACE_OUTER_BOUND('',#302,.T.);
#196=FACE_OUTER_BOUND('',#305,.T.);
#197=FACE_OUTER_BOUND('',#306,.T.);
#198=FACE_OUTER_BOUND('',#308,.T.);
#199=FACE_OUTER_BOUND('',#314,.T.);
#200=EDGE_LOOP('',(#1150,#1151,#1152,#1153));
#201=EDGE_LOOP('',(#1154,#1155,#1156,#1157));
#202=EDGE_LOOP('',(#1158,#1159,#1160,#1161));
#203=EDGE_LOOP('',(#1162,#1163,#1164,#1165));
#204=EDGE_LOOP('',(#1166,#1167,#1168,#1169));
#205=EDGE_LOOP('',(#1170,#1171,#1172,#1173));
#206=EDGE_LOOP('',(#1174,#1175,#1176,#1177,#1178,#1179,#1180,#1181,#1182,
#1183,#1184,#1185,#1186,#1187,#1188,#1189,#1190,#1191,#1192,#1193,#1194,
#1195,#1196,#1197));
#207=EDGE_LOOP('',(#1198,#1199,#1200,#1201,#1202,#1203,#1204,#1205,#1206,
#1207,#1208,#1209,#1210,#1211,#1212,#1213,#1214,#1215,#1216,#1217,#1218,
#1219,#1220,#1221));
#208=EDGE_LOOP('',(#1222,#1223,#1224));
#209=EDGE_LOOP('',(#1225,#1226,#1227,#1228,#1229,#1230));
#210=EDGE_LOOP('',(#1231,#1232,#1233,#1234,#1235,#1236,#1237,#1238));
#211=EDGE_LOOP('',(#1239,#1240,#1241,#1242,#1243,#1244));
#212=EDGE_LOOP('',(#1245,#1246,#1247,#1248));
#213=EDGE_LOOP('',(#1249,#1250,#1251));
#214=EDGE_LOOP('',(#1252));
#215=EDGE_LOOP('',(#1253,#1254,#1255,#1256,#1257,#1258,#1259,#1260,#1261,
#1262,#1263,#1264,#1265,#1266,#1267,#1268));
#216=EDGE_LOOP('',(#1269));
#217=EDGE_LOOP('',(#1270,#1271,#1272,#1273));
#218=EDGE_LOOP('',(#1274,#1275,#1276,#1277,#1278,#1279,#1280,#1281));
#219=EDGE_LOOP('',(#1282,#1283,#1284,#1285,#1286,#1287,#1288,#1289,#1290,
#1291));
#220=EDGE_LOOP('',(#1292,#1293,#1294,#1295));
#221=EDGE_LOOP('',(#1296));
#222=EDGE_LOOP('',(#1297));
#223=EDGE_LOOP('',(#1298,#1299));
#224=EDGE_LOOP('',(#1300,#1301,#1302,#1303,#1304,#1305,#1306,#1307,#1308,
#1309));
#225=EDGE_LOOP('',(#1310,#1311,#1312));
#226=EDGE_LOOP('',(#1313));
#227=EDGE_LOOP('',(#1314,#1315));
#228=EDGE_LOOP('',(#1316,#1317,#1318,#1319));
#229=EDGE_LOOP('',(#1320));
#230=EDGE_LOOP('',(#1321));
#231=EDGE_LOOP('',(#1322,#1323,#1324,#1325,#1326,#1327,#1328,#1329,#1330,
#1331));
#232=EDGE_LOOP('',(#1332,#1333,#1334,#1335,#1336,#1337,#1338,#1339,#1340,
#1341));
#233=EDGE_LOOP('',(#1342,#1343,#1344,#1345,#1346,#1347,#1348,#1349));
#234=EDGE_LOOP('',(#1350,#1351,#1352,#1353));
#235=EDGE_LOOP('',(#1354,#1355,#1356,#1357));
#236=EDGE_LOOP('',(#1358,#1359,#1360,#1361,#1362,#1363,#1364,#1365));
#237=EDGE_LOOP('',(#1366,#1367,#1368,#1369,#1370,#1371,#1372,#1373));
#238=EDGE_LOOP('',(#1374,#1375,#1376,#1377));
#239=EDGE_LOOP('',(#1378,#1379,#1380,#1381));
#240=EDGE_LOOP('',(#1382,#1383,#1384,#1385,#1386,#1387,#1388,#1389,#1390,
#1391,#1392,#1393,#1394,#1395));
#241=EDGE_LOOP('',(#1396,#1397,#1398,#1399));
#242=EDGE_LOOP('',(#1400));
#243=EDGE_LOOP('',(#1401));
#244=EDGE_LOOP('',(#1402,#1403,#1404,#1405));
#245=EDGE_LOOP('',(#1406));
#246=EDGE_LOOP('',(#1407,#1408,#1409,#1410));
#247=EDGE_LOOP('',(#1411,#1412,#1413,#1414,#1415,#1416,#1417,#1418));
#248=EDGE_LOOP('',(#1419,#1420,#1421,#1422,#1423,#1424,#1425,#1426));
#249=EDGE_LOOP('',(#1427,#1428,#1429,#1430));
#250=EDGE_LOOP('',(#1431,#1432,#1433,#1434,#1435,#1436,#1437,#1438));
#251=EDGE_LOOP('',(#1439,#1440,#1441,#1442));
#252=EDGE_LOOP('',(#1443,#1444,#1445,#1446,#1447,#1448,#1449,#1450));
#253=EDGE_LOOP('',(#1451,#1452,#1453,#1454));
#254=EDGE_LOOP('',(#1455,#1456,#1457,#1458));
#255=EDGE_LOOP('',(#1459,#1460,#1461,#1462,#1463,#1464,#1465,#1466));
#256=EDGE_LOOP('',(#1467,#1468,#1469,#1470));
#257=EDGE_LOOP('',(#1471,#1472,#1473,#1474));
#258=EDGE_LOOP('',(#1475,#1476,#1477,#1478));
#259=EDGE_LOOP('',(#1479,#1480,#1481,#1482));
#260=EDGE_LOOP('',(#1483,#1484,#1485,#1486,#1487,#1488));
#261=EDGE_LOOP('',(#1489));
#262=EDGE_LOOP('',(#1490,#1491,#1492,#1493));
#263=EDGE_LOOP('',(#1494,#1495,#1496,#1497,#1498,#1499,#1500,#1501));
#264=EDGE_LOOP('',(#1502,#1503,#1504));
#265=EDGE_LOOP('',(#1505));
#266=EDGE_LOOP('',(#1506));
#267=EDGE_LOOP('',(#1507,#1508,#1509,#1510));
#268=EDGE_LOOP('',(#1511,#1512,#1513,#1514));
#269=EDGE_LOOP('',(#1515,#1516,#1517,#1518));
#270=EDGE_LOOP('',(#1519,#1520,#1521,#1522));
#271=EDGE_LOOP('',(#1523,#1524,#1525,#1526));
#272=EDGE_LOOP('',(#1527,#1528,#1529,#1530));
#273=EDGE_LOOP('',(#1531,#1532,#1533,#1534));
#274=EDGE_LOOP('',(#1535));
#275=EDGE_LOOP('',(#1536,#1537,#1538,#1539));
#276=EDGE_LOOP('',(#1540,#1541,#1542,#1543));
#277=EDGE_LOOP('',(#1544,#1545,#1546,#1547,#1548));
#278=EDGE_LOOP('',(#1549,#1550,#1551,#1552));
#279=EDGE_LOOP('',(#1553,#1554,#1555,#1556));
#280=EDGE_LOOP('',(#1557,#1558,#1559,#1560));
#281=EDGE_LOOP('',(#1561,#1562,#1563,#1564,#1565));
#282=EDGE_LOOP('',(#1566,#1567,#1568,#1569));
#283=EDGE_LOOP('',(#1570,#1571,#1572,#1573));
#284=EDGE_LOOP('',(#1574,#1575,#1576,#1577));
#285=EDGE_LOOP('',(#1578,#1579,#1580,#1581));
#286=EDGE_LOOP('',(#1582,#1583,#1584,#1585));
#287=EDGE_LOOP('',(#1586,#1587,#1588,#1589));
#288=EDGE_LOOP('',(#1590,#1591,#1592,#1593));
#289=EDGE_LOOP('',(#1594,#1595,#1596,#1597));
#290=EDGE_LOOP('',(#1598,#1599,#1600,#1601));
#291=EDGE_LOOP('',(#1602));
#292=EDGE_LOOP('',(#1603));
#293=EDGE_LOOP('',(#1604));
#294=EDGE_LOOP('',(#1605));
#295=EDGE_LOOP('',(#1606));
#296=EDGE_LOOP('',(#1607));
#297=EDGE_LOOP('',(#1608,#1609,#1610,#1611));
#298=EDGE_LOOP('',(#1612,#1613,#1614,#1615));
#299=EDGE_LOOP('',(#1616,#1617,#1618,#1619));
#300=EDGE_LOOP('',(#1620,#1621,#1622,#1623));
#301=EDGE_LOOP('',(#1624,#1625,#1626,#1627));
#302=EDGE_LOOP('',(#1628,#1629,#1630,#1631));
#303=EDGE_LOOP('',(#1632));
#304=EDGE_LOOP('',(#1633));
#305=EDGE_LOOP('',(#1634,#1635,#1636,#1637));
#306=EDGE_LOOP('',(#1638,#1639,#1640,#1641,#1642,#1643,#1644,#1645));
#307=EDGE_LOOP('',(#1646));
#308=EDGE_LOOP('',(#1647,#1648,#1649,#1650));
#309=EDGE_LOOP('',(#1651));
#310=EDGE_LOOP('',(#1652));
#311=EDGE_LOOP('',(#1653));
#312=EDGE_LOOP('',(#1654));
#313=EDGE_LOOP('',(#1655));
#314=EDGE_LOOP('',(#1656,#1657,#1658,#1659));
#315=LINE('',#2450,#520);
#316=LINE('',#2452,#521);
#317=LINE('',#2454,#522);
#318=LINE('',#2455,#523);
#319=LINE('',#2458,#524);
#320=LINE('',#2460,#525);
#321=LINE('',#2461,#526);
#322=LINE('',#2465,#527);
#323=LINE('',#2469,#528);
#324=LINE('',#2474,#529);
#325=LINE('',#2478,#530);
#326=LINE('',#2483,#531);
#327=LINE('',#2487,#532);
#328=LINE('',#2491,#533);
#329=LINE('',#2493,#534);
#330=LINE('',#2494,#535);
#331=LINE('',#2496,#536);
#332=LINE('',#2498,#537);
#333=LINE('',#2500,#538);
#334=LINE('',#2502,#539);
#335=LINE('',#2504,#540);
#336=LINE('',#2506,#541);
#337=LINE('',#2508,#542);
#338=LINE('',#2510,#543);
#339=LINE('',#2512,#544);
#340=LINE('',#2514,#545);
#341=LINE('',#2516,#546);
#342=LINE('',#2518,#547);
#343=LINE('',#2520,#548);
#344=LINE('',#2522,#549);
#345=LINE('',#2524,#550);
#346=LINE('',#2525,#551);
#347=LINE('',#2527,#552);
#348=LINE('',#2529,#553);
#349=LINE('',#2530,#554);
#350=LINE('',#2532,#555);
#351=LINE('',#2534,#556);
#352=LINE('',#2536,#557);
#353=LINE('',#2537,#558);
#354=LINE('',#2539,#559);
#355=LINE('',#2541,#560);
#356=LINE('',#2543,#561);
#357=LINE('',#2545,#562);
#358=LINE('',#2547,#563);
#359=LINE('',#2549,#564);
#360=LINE('',#2551,#565);
#361=LINE('',#2553,#566);
#362=LINE('',#2555,#567);
#363=LINE('',#2557,#568);
#364=LINE('',#2559,#569);
#365=LINE('',#2561,#570);
#366=LINE('',#2563,#571);
#367=LINE('',#2565,#572);
#368=LINE('',#2566,#573);
#369=LINE('',#2568,#574);
#370=LINE('',#2572,#575);
#371=LINE('',#2574,#576);
#372=LINE('',#2576,#577);
#373=LINE('',#2578,#578);
#374=LINE('',#2580,#579);
#375=LINE('',#2581,#580);
#376=LINE('',#2584,#581);
#377=LINE('',#2586,#582);
#378=LINE('',#2588,#583);
#379=LINE('',#2590,#584);
#380=LINE('',#2592,#585);
#381=LINE('',#2594,#586);
#382=LINE('',#2595,#587);
#383=LINE('',#2598,#588);
#384=LINE('',#2600,#589);
#385=LINE('',#2602,#590);
#386=LINE('',#2604,#591);
#387=LINE('',#2605,#592);
#388=LINE('',#2607,#593);
#389=LINE('',#2608,#594);
#390=LINE('',#2617,#595);
#391=LINE('',#2619,#596);
#392=LINE('',#2621,#597);
#393=LINE('',#2623,#598);
#394=LINE('',#2624,#599);
#395=LINE('',#2625,#600);
#396=LINE('',#2627,#601);
#397=LINE('',#2629,#602);
#398=LINE('',#2631,#603);
#399=LINE('',#2633,#604);
#400=LINE('',#2635,#605);
#401=LINE('',#2641,#606);
#402=LINE('',#2643,#607);
#403=LINE('',#2645,#608);
#404=LINE('',#2646,#609);
#405=LINE('',#2651,#610);
#406=LINE('',#2653,#611);
#407=LINE('',#2655,#612);
#408=LINE('',#2659,#613);
#409=LINE('',#2663,#614);
#410=LINE('',#2666,#615);
#411=LINE('',#2671,#616);
#412=LINE('',#2679,#617);
#413=LINE('',#2682,#618);
#414=LINE('',#2684,#619);
#415=LINE('',#2687,#620);
#416=LINE('',#2693,#621);
#417=LINE('',#2698,#622);
#418=LINE('',#2705,#623);
#419=LINE('',#2707,#624);
#420=LINE('',#2708,#625);
#421=LINE('',#2710,#626);
#422=LINE('',#2711,#627);
#423=LINE('',#2714,#628);
#424=LINE('',#2715,#629);
#425=LINE('',#2717,#630);
#426=LINE('',#2719,#631);
#427=LINE('',#2720,#632);
#428=LINE('',#2723,#633);
#429=LINE('',#2727,#634);
#430=LINE('',#2731,#635);
#431=LINE('',#2735,#636);
#432=LINE('',#2739,#637);
#433=LINE('',#2743,#638);
#434=LINE('',#2747,#639);
#435=LINE('',#2751,#640);
#436=LINE('',#2754,#641);
#437=LINE('',#2756,#642);
#438=LINE('',#2758,#643);
#439=LINE('',#2760,#644);
#440=LINE('',#2762,#645);
#441=LINE('',#2763,#646);
#442=LINE('',#2766,#647);
#443=LINE('',#2767,#648);
#444=LINE('',#2769,#649);
#445=LINE('',#2772,#650);
#446=LINE('',#2774,#651);
#447=LINE('',#2776,#652);
#448=LINE('',#2778,#653);
#449=LINE('',#2780,#654);
#450=LINE('',#2782,#655);
#451=LINE('',#2784,#656);
#452=LINE('',#2785,#657);
#453=LINE('',#2788,#658);
#454=LINE('',#2790,#659);
#455=LINE('',#2792,#660);
#456=LINE('',#2793,#661);
#457=LINE('',#2799,#662);
#458=LINE('',#2801,#663);
#459=LINE('',#2803,#664);
#460=LINE('',#2804,#665);
#461=LINE('',#2807,#666);
#462=LINE('',#2809,#667);
#463=LINE('',#2810,#668);
#464=LINE('',#2811,#669);
#465=LINE('',#2814,#670);
#466=LINE('',#2815,#671);
#467=LINE('',#2817,#672);
#468=LINE('',#2818,#673);
#469=LINE('',#2819,#674);
#470=LINE('',#2822,#675);
#471=LINE('',#2823,#676);
#472=LINE('',#2824,#677);
#473=LINE('',#2826,#678);
#474=LINE('',#2828,#679);
#475=LINE('',#2830,#680);
#476=LINE('',#2832,#681);
#477=LINE('',#2834,#682);
#478=LINE('',#2835,#683);
#479=LINE('',#2837,#684);
#480=LINE('',#2840,#685);
#481=LINE('',#2842,#686);
#482=LINE('',#2845,#687);
#483=LINE('',#2846,#688);
#484=LINE('',#2849,#689);
#485=LINE('',#2850,#690);
#486=LINE('',#2852,#691);
#487=LINE('',#2854,#692);
#488=LINE('',#2859,#693);
#489=LINE('',#2862,#694);
#490=LINE('',#2863,#695);
#491=LINE('',#2871,#696);
#492=LINE('',#2873,#697);
#493=LINE('',#2875,#698);
#494=LINE('',#2877,#699);
#495=LINE('',#2879,#700);
#496=LINE('',#2880,#701);
#497=LINE('',#2884,#702);
#498=LINE('',#2889,#703);
#499=LINE('',#2890,#704);
#500=LINE('',#2893,#705);
#501=LINE('',#2894,#706);
#502=LINE('',#2896,#707);
#503=LINE('',#2899,#708);
#504=LINE('',#2901,#709);
#505=LINE('',#2903,#710);
#506=LINE('',#2908,#711);
#507=LINE('',#2914,#712);
#508=LINE('',#2920,#713);
#509=LINE('',#2926,#714);
#510=LINE('',#2932,#715);
#511=LINE('',#2938,#716);
#512=LINE('',#2942,#717);
#513=LINE('',#2943,#718);
#514=LINE('',#2945,#719);
#515=LINE('',#2947,#720);
#516=LINE('',#2951,#721);
#517=LINE('',#2953,#722);
#518=LINE('',#2955,#723);
#519=LINE('',#2957,#724);
#520=VECTOR('',#1969,10.);
#521=VECTOR('',#1970,10.);
#522=VECTOR('',#1971,10.);
#523=VECTOR('',#1972,10.);
#524=VECTOR('',#1975,10.);
#525=VECTOR('',#1976,10.);
#526=VECTOR('',#1977,10.);
#527=VECTOR('',#1980,10.);
#528=VECTOR('',#1983,10.);
#529=VECTOR('',#1988,10.);
#530=VECTOR('',#1991,10.);
#531=VECTOR('',#1996,10.);
#532=VECTOR('',#1999,10.);
#533=VECTOR('',#2004,10.);
#534=VECTOR('',#2005,10.);
#535=VECTOR('',#2006,10.);
#536=VECTOR('',#2009,10.);
#537=VECTOR('',#2010,10.);
#538=VECTOR('',#2011,10.);
#539=VECTOR('',#2012,10.);
#540=VECTOR('',#2013,10.);
#541=VECTOR('',#2014,10.);
#542=VECTOR('',#2015,10.);
#543=VECTOR('',#2016,10.);
#544=VECTOR('',#2017,10.);
#545=VECTOR('',#2018,10.);
#546=VECTOR('',#2019,10.);
#547=VECTOR('',#2020,10.);
#548=VECTOR('',#2021,10.);
#549=VECTOR('',#2022,10.);
#550=VECTOR('',#2023,10.);
#551=VECTOR('',#2024,10.);
#552=VECTOR('',#2025,10.);
#553=VECTOR('',#2026,10.);
#554=VECTOR('',#2027,10.);
#555=VECTOR('',#2030,10.);
#556=VECTOR('',#2031,10.);
#557=VECTOR('',#2032,10.);
#558=VECTOR('',#2033,10.);
#559=VECTOR('',#2034,10.);
#560=VECTOR('',#2035,10.);
#561=VECTOR('',#2036,10.);
#562=VECTOR('',#2037,10.);
#563=VECTOR('',#2038,10.);
#564=VECTOR('',#2039,10.);
#565=VECTOR('',#2040,10.);
#566=VECTOR('',#2041,10.);
#567=VECTOR('',#2042,10.);
#568=VECTOR('',#2043,10.);
#569=VECTOR('',#2044,10.);
#570=VECTOR('',#2045,10.);
#571=VECTOR('',#2046,10.);
#572=VECTOR('',#2047,10.);
#573=VECTOR('',#2048,10.);
#574=VECTOR('',#2051,10.);
#575=VECTOR('',#2054,10.);
#576=VECTOR('',#2055,10.);
#577=VECTOR('',#2056,10.);
#578=VECTOR('',#2057,10.);
#579=VECTOR('',#2058,10.);
#580=VECTOR('',#2059,10.);
#581=VECTOR('',#2062,10.);
#582=VECTOR('',#2063,10.);
#583=VECTOR('',#2064,10.);
#584=VECTOR('',#2065,10.);
#585=VECTOR('',#2066,10.);
#586=VECTOR('',#2067,10.);
#587=VECTOR('',#2068,10.);
#588=VECTOR('',#2071,10.);
#589=VECTOR('',#2072,10.);
#590=VECTOR('',#2073,10.);
#591=VECTOR('',#2074,10.);
#592=VECTOR('',#2075,10.);
#593=VECTOR('',#2078,10.);
#594=VECTOR('',#2079,10.);
#595=VECTOR('',#2090,10.);
#596=VECTOR('',#2091,10.);
#597=VECTOR('',#2092,10.);
#598=VECTOR('',#2093,10.);
#599=VECTOR('',#2094,10.);
#600=VECTOR('',#2095,10.);
#601=VECTOR('',#2096,10.);
#602=VECTOR('',#2097,10.);
#603=VECTOR('',#2098,10.);
#604=VECTOR('',#2099,10.);
#605=VECTOR('',#2100,10.);
#606=VECTOR('',#2105,10.);
#607=VECTOR('',#2106,10.);
#608=VECTOR('',#2107,10.);
#609=VECTOR('',#2108,10.);
#610=VECTOR('',#2113,10.);
#611=VECTOR('',#2114,10.);
#612=VECTOR('',#2115,10.);
#613=VECTOR('',#2120,10.);
#614=VECTOR('',#2123,10.);
#615=VECTOR('',#2126,10.);
#616=VECTOR('',#2131,2.3);
#617=VECTOR('',#2140,10.);
#618=VECTOR('',#2145,10.);
#619=VECTOR('',#2146,10.);
#620=VECTOR('',#2149,10.);
#621=VECTOR('',#2158,10.);
#622=VECTOR('',#2163,2.3);
#623=VECTOR('',#2172,10.);
#624=VECTOR('',#2173,10.);
#625=VECTOR('',#2174,10.);
#626=VECTOR('',#2175,10.);
#627=VECTOR('',#2176,10.);
#628=VECTOR('',#2179,10.);
#629=VECTOR('',#2180,10.);
#630=VECTOR('',#2181,10.);
#631=VECTOR('',#2182,10.);
#632=VECTOR('',#2183,10.);
#633=VECTOR('',#2186,1.2);
#634=VECTOR('',#2189,10.);
#635=VECTOR('',#2192,10.);
#636=VECTOR('',#2197,1.2);
#637=VECTOR('',#2202,1.2);
#638=VECTOR('',#2207,1.2);
#639=VECTOR('',#2210,10.);
#640=VECTOR('',#2213,10.);
#641=VECTOR('',#2218,10.);
#642=VECTOR('',#2219,10.);
#643=VECTOR('',#2220,10.);
#644=VECTOR('',#2221,10.);
#645=VECTOR('',#2222,10.);
#646=VECTOR('',#2223,10.);
#647=VECTOR('',#2226,10.);
#648=VECTOR('',#2227,10.);
#649=VECTOR('',#2230,10.);
#650=VECTOR('',#2233,10.);
#651=VECTOR('',#2234,10.);
#652=VECTOR('',#2235,10.);
#653=VECTOR('',#2236,10.);
#654=VECTOR('',#2237,10.);
#655=VECTOR('',#2238,10.);
#656=VECTOR('',#2239,10.);
#657=VECTOR('',#2240,10.);
#658=VECTOR('',#2241,10.);
#659=VECTOR('',#2242,10.);
#660=VECTOR('',#2243,10.);
#661=VECTOR('',#2244,10.);
#662=VECTOR('',#2249,10.);
#663=VECTOR('',#2250,10.);
#664=VECTOR('',#2251,10.);
#665=VECTOR('',#2252,10.);
#666=VECTOR('',#2255,10.);
#667=VECTOR('',#2256,10.);
#668=VECTOR('',#2257,10.);
#669=VECTOR('',#2258,10.);
#670=VECTOR('',#2261,10.);
#671=VECTOR('',#2262,10.);
#672=VECTOR('',#2263,10.);
#673=VECTOR('',#2264,10.);
#674=VECTOR('',#2265,10.);
#675=VECTOR('',#2270,10.);
#676=VECTOR('',#2271,10.);
#677=VECTOR('',#2272,10.);
#678=VECTOR('',#2275,10.);
#679=VECTOR('',#2276,10.);
#680=VECTOR('',#2277,10.);
#681=VECTOR('',#2278,10.);
#682=VECTOR('',#2279,10.);
#683=VECTOR('',#2280,10.);
#684=VECTOR('',#2283,10.);
#685=VECTOR('',#2288,10.);
#686=VECTOR('',#2291,3.25);
#687=VECTOR('',#2294,10.);
#688=VECTOR('',#2295,10.);
#689=VECTOR('',#2298,10.);
#690=VECTOR('',#2299,10.);
#691=VECTOR('',#2302,10.);
#692=VECTOR('',#2305,10.);
#693=VECTOR('',#2310,8.00000000000001);
#694=VECTOR('',#2315,10.);
#695=VECTOR('',#2316,10.);
#696=VECTOR('',#2327,5.15000000000001);
#697=VECTOR('',#2330,10.);
#698=VECTOR('',#2333,10.);
#699=VECTOR('',#2336,10.);
#700=VECTOR('',#2339,10.);
#701=VECTOR('',#2340,10.);
#702=VECTOR('',#2347,10.);
#703=VECTOR('',#2354,10.);
#704=VECTOR('',#2355,10.);
#705=VECTOR('',#2358,10.);
#706=VECTOR('',#2359,10.);
#707=VECTOR('',#2362,10.);
#708=VECTOR('',#2367,10.);
#709=VECTOR('',#2370,10.);
#710=VECTOR('',#2373,10.);
#711=VECTOR('',#2378,1.70000000000002);
#712=VECTOR('',#2385,1.70000000000002);
#713=VECTOR('',#2392,1.70000000000002);
#714=VECTOR('',#2399,1.70000000000002);
#715=VECTOR('',#2406,3.15000000000001);
#716=VECTOR('',#2413,10.4);
#717=VECTOR('',#2420,10.);
#718=VECTOR('',#2421,10.);
#719=VECTOR('',#2424,10.);
#720=VECTOR('',#2427,10.);
#721=VECTOR('',#2434,10.);
#722=VECTOR('',#2437,10.);
#723=VECTOR('',#2440,10.);
#724=VECTOR('',#2443,10.);
#725=VERTEX_POINT('',#2448);
#726=VERTEX_POINT('',#2449);
#727=VERTEX_POINT('',#2451);
#728=VERTEX_POINT('',#2453);
#729=VERTEX_POINT('',#2457);
#730=VERTEX_POINT('',#2459);
#731=VERTEX_POINT('',#2463);
#732=VERTEX_POINT('',#2464);
#733=VERTEX_POINT('',#2466);
#734=VERTEX_POINT('',#2468);
#735=VERTEX_POINT('',#2472);
#736=VERTEX_POINT('',#2473);
#737=VERTEX_POINT('',#2475);
#738=VERTEX_POINT('',#2477);
#739=VERTEX_POINT('',#2481);
#740=VERTEX_POINT('',#2482);
#741=VERTEX_POINT('',#2484);
#742=VERTEX_POINT('',#2486);
#743=VERTEX_POINT('',#2490);
#744=VERTEX_POINT('',#2492);
#745=VERTEX_POINT('',#2497);
#746=VERTEX_POINT('',#2499);
#747=VERTEX_POINT('',#2501);
#748=VERTEX_POINT('',#2503);
#749=VERTEX_POINT('',#2505);
#750=VERTEX_POINT('',#2507);
#751=VERTEX_POINT('',#2509);
#752=VERTEX_POINT('',#2511);
#753=VERTEX_POINT('',#2513);
#754=VERTEX_POINT('',#2515);
#755=VERTEX_POINT('',#2517);
#756=VERTEX_POINT('',#2519);
#757=VERTEX_POINT('',#2521);
#758=VERTEX_POINT('',#2523);
#759=VERTEX_POINT('',#2526);
#760=VERTEX_POINT('',#2528);
#761=VERTEX_POINT('',#2533);
#762=VERTEX_POINT('',#2535);
#763=VERTEX_POINT('',#2538);
#764=VERTEX_POINT('',#2540);
#765=VERTEX_POINT('',#2542);
#766=VERTEX_POINT('',#2544);
#767=VERTEX_POINT('',#2546);
#768=VERTEX_POINT('',#2548);
#769=VERTEX_POINT('',#2550);
#770=VERTEX_POINT('',#2552);
#771=VERTEX_POINT('',#2554);
#772=VERTEX_POINT('',#2556);
#773=VERTEX_POINT('',#2558);
#774=VERTEX_POINT('',#2560);
#775=VERTEX_POINT('',#2562);
#776=VERTEX_POINT('',#2564);
#777=VERTEX_POINT('',#2570);
#778=VERTEX_POINT('',#2571);
#779=VERTEX_POINT('',#2573);
#780=VERTEX_POINT('',#2575);
#781=VERTEX_POINT('',#2577);
#782=VERTEX_POINT('',#2579);
#783=VERTEX_POINT('',#2583);
#784=VERTEX_POINT('',#2585);
#785=VERTEX_POINT('',#2587);
#786=VERTEX_POINT('',#2589);
#787=VERTEX_POINT('',#2591);
#788=VERTEX_POINT('',#2593);
#789=VERTEX_POINT('',#2597);
#790=VERTEX_POINT('',#2599);
#791=VERTEX_POINT('',#2601);
#792=VERTEX_POINT('',#2603);
#793=VERTEX_POINT('',#2611);
#794=VERTEX_POINT('',#2614);
#795=VERTEX_POINT('',#2616);
#796=VERTEX_POINT('',#2618);
#797=VERTEX_POINT('',#2620);
#798=VERTEX_POINT('',#2622);
#799=VERTEX_POINT('',#2626);
#800=VERTEX_POINT('',#2628);
#801=VERTEX_POINT('',#2630);
#802=VERTEX_POINT('',#2632);
#803=VERTEX_POINT('',#2634);
#804=VERTEX_POINT('',#2637);
#805=VERTEX_POINT('',#2639);
#806=VERTEX_POINT('',#2640);
#807=VERTEX_POINT('',#2642);
#808=VERTEX_POINT('',#2644);
#809=VERTEX_POINT('',#2648);
#810=VERTEX_POINT('',#2650);
#811=VERTEX_POINT('',#2652);
#812=VERTEX_POINT('',#2654);
#813=VERTEX_POINT('',#2658);
#814=VERTEX_POINT('',#2660);
#815=VERTEX_POINT('',#2662);
#816=VERTEX_POINT('',#2664);
#817=VERTEX_POINT('',#2668);
#818=VERTEX_POINT('',#2670);
#819=VERTEX_POINT('',#2674);
#820=VERTEX_POINT('',#2677);
#821=VERTEX_POINT('',#2678);
#822=VERTEX_POINT('',#2683);
#823=VERTEX_POINT('',#2685);
#824=VERTEX_POINT('',#2690);
#825=VERTEX_POINT('',#2695);
#826=VERTEX_POINT('',#2697);
#827=VERTEX_POINT('',#2701);
#828=VERTEX_POINT('',#2704);
#829=VERTEX_POINT('',#2706);
#830=VERTEX_POINT('',#2709);
#831=VERTEX_POINT('',#2713);
#832=VERTEX_POINT('',#2716);
#833=VERTEX_POINT('',#2718);
#834=VERTEX_POINT('',#2722);
#835=VERTEX_POINT('',#2724);
#836=VERTEX_POINT('',#2726);
#837=VERTEX_POINT('',#2728);
#838=VERTEX_POINT('',#2730);
#839=VERTEX_POINT('',#2734);
#840=VERTEX_POINT('',#2738);
#841=VERTEX_POINT('',#2742);
#842=VERTEX_POINT('',#2744);
#843=VERTEX_POINT('',#2746);
#844=VERTEX_POINT('',#2748);
#845=VERTEX_POINT('',#2750);
#846=VERTEX_POINT('',#2755);
#847=VERTEX_POINT('',#2757);
#848=VERTEX_POINT('',#2759);
#849=VERTEX_POINT('',#2761);
#850=VERTEX_POINT('',#2765);
#851=VERTEX_POINT('',#2771);
#852=VERTEX_POINT('',#2773);
#853=VERTEX_POINT('',#2775);
#854=VERTEX_POINT('',#2777);
#855=VERTEX_POINT('',#2779);
#856=VERTEX_POINT('',#2781);
#857=VERTEX_POINT('',#2783);
#858=VERTEX_POINT('',#2786);
#859=VERTEX_POINT('',#2787);
#860=VERTEX_POINT('',#2789);
#861=VERTEX_POINT('',#2791);
#862=VERTEX_POINT('',#2794);
#863=VERTEX_POINT('',#2797);
#864=VERTEX_POINT('',#2798);
#865=VERTEX_POINT('',#2800);
#866=VERTEX_POINT('',#2802);
#867=VERTEX_POINT('',#2806);
#868=VERTEX_POINT('',#2808);
#869=VERTEX_POINT('',#2813);
#870=VERTEX_POINT('',#2816);
#871=VERTEX_POINT('',#2827);
#872=VERTEX_POINT('',#2829);
#873=VERTEX_POINT('',#2831);
#874=VERTEX_POINT('',#2833);
#875=VERTEX_POINT('',#2844);
#876=VERTEX_POINT('',#2848);
#877=VERTEX_POINT('',#2855);
#878=VERTEX_POINT('',#2858);
#879=VERTEX_POINT('',#2866);
#880=VERTEX_POINT('',#2869);
#881=VERTEX_POINT('',#2888);
#882=VERTEX_POINT('',#2892);
#883=VERTEX_POINT('',#2905);
#884=VERTEX_POINT('',#2907);
#885=VERTEX_POINT('',#2911);
#886=VERTEX_POINT('',#2913);
#887=VERTEX_POINT('',#2917);
#888=VERTEX_POINT('',#2919);
#889=VERTEX_POINT('',#2923);
#890=VERTEX_POINT('',#2925);
#891=VERTEX_POINT('',#2929);
#892=VERTEX_POINT('',#2931);
#893=VERTEX_POINT('',#2935);
#894=VERTEX_POINT('',#2937);
#895=EDGE_CURVE('',#725,#726,#315,.T.);
#896=EDGE_CURVE('',#726,#727,#316,.T.);
#897=EDGE_CURVE('',#728,#727,#317,.T.);
#898=EDGE_CURVE('',#728,#725,#318,.T.);
#899=EDGE_CURVE('',#727,#729,#319,.T.);
#900=EDGE_CURVE('',#730,#729,#320,.T.);
#901=EDGE_CURVE('',#728,#730,#321,.T.);
#902=EDGE_CURVE('',#731,#732,#322,.T.);
#903=EDGE_CURVE('',#733,#731,#43,.T.);
#904=EDGE_CURVE('',#734,#733,#323,.T.);
#905=EDGE_CURVE('',#732,#734,#44,.T.);
#906=EDGE_CURVE('',#735,#736,#324,.T.);
#907=EDGE_CURVE('',#737,#735,#45,.T.);
#908=EDGE_CURVE('',#738,#737,#325,.T.);
#909=EDGE_CURVE('',#736,#738,#46,.T.);
#910=EDGE_CURVE('',#739,#740,#326,.T.);
#911=EDGE_CURVE('',#741,#739,#47,.T.);
#912=EDGE_CURVE('',#742,#741,#327,.T.);
#913=EDGE_CURVE('',#740,#742,#48,.T.);
#914=EDGE_CURVE('',#743,#738,#328,.T.);
#915=EDGE_CURVE('',#744,#743,#329,.T.);
#916=EDGE_CURVE('',#736,#744,#330,.T.);
#917=EDGE_CURVE('',#740,#735,#331,.T.);
#918=EDGE_CURVE('',#744,#745,#332,.T.);
#919=EDGE_CURVE('',#745,#746,#333,.T.);
#920=EDGE_CURVE('',#746,#747,#334,.T.);
#921=EDGE_CURVE('',#747,#748,#335,.T.);
#922=EDGE_CURVE('',#748,#749,#336,.T.);
#923=EDGE_CURVE('',#749,#750,#337,.T.);
#924=EDGE_CURVE('',#750,#751,#338,.T.);
#925=EDGE_CURVE('',#752,#751,#339,.T.);
#926=EDGE_CURVE('',#752,#753,#340,.T.);
#927=EDGE_CURVE('',#753,#754,#341,.T.);
#928=EDGE_CURVE('',#754,#755,#342,.T.);
#929=EDGE_CURVE('',#755,#756,#343,.T.);
#930=EDGE_CURVE('',#756,#757,#344,.T.);
#931=EDGE_CURVE('',#757,#758,#345,.T.);
#932=EDGE_CURVE('',#729,#758,#346,.T.);
#933=EDGE_CURVE('',#759,#726,#347,.T.);
#934=EDGE_CURVE('',#759,#760,#348,.T.);
#935=EDGE_CURVE('',#760,#739,#349,.T.);
#936=EDGE_CURVE('',#737,#731,#350,.T.);
#937=EDGE_CURVE('',#732,#761,#351,.T.);
#938=EDGE_CURVE('',#761,#762,#352,.T.);
#939=EDGE_CURVE('',#762,#725,#353,.T.);
#940=EDGE_CURVE('',#763,#730,#354,.T.);
#941=EDGE_CURVE('',#764,#763,#355,.T.);
#942=EDGE_CURVE('',#764,#765,#356,.T.);
#943=EDGE_CURVE('',#766,#765,#357,.T.);
#944=EDGE_CURVE('',#766,#767,#358,.T.);
#945=EDGE_CURVE('',#768,#767,#359,.T.);
#946=EDGE_CURVE('',#768,#769,#360,.T.);
#947=EDGE_CURVE('',#769,#770,#361,.T.);
#948=EDGE_CURVE('',#770,#771,#362,.T.);
#949=EDGE_CURVE('',#771,#772,#363,.T.);
#950=EDGE_CURVE('',#772,#773,#364,.T.);
#951=EDGE_CURVE('',#773,#774,#365,.T.);
#952=EDGE_CURVE('',#774,#775,#366,.T.);
#953=EDGE_CURVE('',#776,#775,#367,.T.);
#954=EDGE_CURVE('',#776,#743,#368,.T.);
#955=EDGE_CURVE('',#761,#734,#369,.T.);
#956=EDGE_CURVE('',#777,#778,#370,.T.);
#957=EDGE_CURVE('',#779,#777,#371,.T.);
#958=EDGE_CURVE('',#780,#779,#372,.T.);
#959=EDGE_CURVE('',#781,#780,#373,.T.);
#960=EDGE_CURVE('',#782,#781,#374,.T.);
#961=EDGE_CURVE('',#782,#778,#375,.T.);
#962=EDGE_CURVE('',#778,#783,#376,.T.);
#963=EDGE_CURVE('',#784,#782,#377,.T.);
#964=EDGE_CURVE('',#785,#784,#378,.T.);
#965=EDGE_CURVE('',#786,#785,#379,.T.);
#966=EDGE_CURVE('',#787,#786,#380,.T.);
#967=EDGE_CURVE('',#788,#787,#381,.T.);
#968=EDGE_CURVE('',#788,#783,#382,.T.);
#969=EDGE_CURVE('',#783,#789,#383,.T.);
#970=EDGE_CURVE('',#790,#788,#384,.T.);
#971=EDGE_CURVE('',#791,#790,#385,.T.);
#972=EDGE_CURVE('',#792,#791,#386,.T.);
#973=EDGE_CURVE('',#792,#789,#387,.T.);
#974=EDGE_CURVE('',#789,#777,#388,.T.);
#975=EDGE_CURVE('',#779,#792,#389,.T.);
#976=EDGE_CURVE('',#790,#787,#49,.T.);
#977=EDGE_CURVE('',#793,#793,#50,.T.);
#978=EDGE_CURVE('',#785,#794,#51,.T.);
#979=EDGE_CURVE('',#795,#794,#390,.T.);
#980=EDGE_CURVE('',#796,#795,#391,.T.);
#981=EDGE_CURVE('',#797,#796,#392,.T.);
#982=EDGE_CURVE('',#797,#798,#393,.T.);
#983=EDGE_CURVE('',#749,#798,#394,.T.);
#984=EDGE_CURVE('',#773,#748,#395,.T.);
#985=EDGE_CURVE('',#799,#772,#396,.T.);
#986=EDGE_CURVE('',#799,#800,#397,.T.);
#987=EDGE_CURVE('',#801,#800,#398,.T.);
#988=EDGE_CURVE('',#802,#801,#399,.T.);
#989=EDGE_CURVE('',#803,#802,#400,.T.);
#990=EDGE_CURVE('',#803,#786,#52,.T.);
#991=EDGE_CURVE('',#804,#804,#53,.T.);
#992=EDGE_CURVE('',#805,#806,#401,.T.);
#993=EDGE_CURVE('',#806,#807,#402,.T.);
#994=EDGE_CURVE('',#807,#808,#403,.T.);
#995=EDGE_CURVE('',#808,#805,#404,.T.);
#996=EDGE_CURVE('',#791,#809,#54,.T.);
#997=EDGE_CURVE('',#809,#810,#405,.T.);
#998=EDGE_CURVE('',#810,#811,#406,.T.);
#999=EDGE_CURVE('',#811,#812,#407,.T.);
#1000=EDGE_CURVE('',#812,#780,#55,.T.);
#1001=EDGE_CURVE('',#813,#803,#408,.T.);
#1002=EDGE_CURVE('',#814,#813,#56,.T.);
#1003=EDGE_CURVE('',#815,#814,#409,.T.);
#1004=EDGE_CURVE('',#816,#815,#57,.T.);
#1005=EDGE_CURVE('',#809,#816,#410,.T.);
#1006=EDGE_CURVE('',#817,#817,#58,.T.);
#1007=EDGE_CURVE('',#817,#818,#411,.T.);
#1008=EDGE_CURVE('',#818,#818,#59,.T.);
#1009=EDGE_CURVE('',#819,#819,#60,.T.);
#1010=EDGE_CURVE('',#820,#821,#412,.T.);
#1011=EDGE_CURVE('',#820,#821,#61,.T.);
#1012=EDGE_CURVE('',#821,#812,#413,.T.);
#1013=EDGE_CURVE('',#822,#820,#414,.T.);
#1014=EDGE_CURVE('',#823,#822,#62,.T.);
#1015=EDGE_CURVE('',#794,#823,#415,.T.);
#1016=EDGE_CURVE('',#784,#781,#63,.T.);
#1017=EDGE_CURVE('',#824,#824,#64,.T.);
#1018=EDGE_CURVE('',#816,#815,#416,.T.);
#1019=EDGE_CURVE('',#825,#825,#65,.T.);
#1020=EDGE_CURVE('',#825,#826,#417,.T.);
#1021=EDGE_CURVE('',#826,#826,#66,.T.);
#1022=EDGE_CURVE('',#827,#827,#67,.T.);
#1023=EDGE_CURVE('',#828,#811,#418,.T.);
#1024=EDGE_CURVE('',#828,#829,#419,.T.);
#1025=EDGE_CURVE('',#829,#798,#420,.T.);
#1026=EDGE_CURVE('',#797,#830,#421,.T.);
#1027=EDGE_CURVE('',#830,#822,#422,.T.);
#1028=EDGE_CURVE('',#814,#831,#423,.T.);
#1029=EDGE_CURVE('',#831,#800,#424,.T.);
#1030=EDGE_CURVE('',#799,#832,#425,.T.);
#1031=EDGE_CURVE('',#832,#833,#426,.T.);
#1032=EDGE_CURVE('',#810,#833,#427,.T.);
#1033=EDGE_CURVE('',#819,#834,#428,.T.);
#1034=EDGE_CURVE('',#835,#834,#68,.T.);
#1035=EDGE_CURVE('',#836,#835,#429,.T.);
#1036=EDGE_CURVE('',#837,#836,#69,.T.);
#1037=EDGE_CURVE('',#838,#837,#430,.T.);
#1038=EDGE_CURVE('',#834,#838,#70,.T.);
#1039=EDGE_CURVE('',#824,#839,#431,.T.);
#1040=EDGE_CURVE('',#839,#839,#71,.T.);
#1041=EDGE_CURVE('',#793,#840,#432,.T.);
#1042=EDGE_CURVE('',#840,#840,#72,.T.);
#1043=EDGE_CURVE('',#827,#841,#433,.T.);
#1044=EDGE_CURVE('',#842,#841,#73,.T.);
#1045=EDGE_CURVE('',#843,#842,#434,.T.);
#1046=EDGE_CURVE('',#844,#843,#74,.T.);
#1047=EDGE_CURVE('',#845,#844,#435,.T.);
#1048=EDGE_CURVE('',#841,#845,#75,.T.);
#1049=EDGE_CURVE('',#836,#844,#436,.T.);
#1050=EDGE_CURVE('',#843,#846,#437,.T.);
#1051=EDGE_CURVE('',#846,#847,#438,.T.);
#1052=EDGE_CURVE('',#848,#847,#439,.T.);
#1053=EDGE_CURVE('',#848,#849,#440,.T.);
#1054=EDGE_CURVE('',#849,#837,#441,.T.);
#1055=EDGE_CURVE('',#850,#842,#442,.T.);
#1056=EDGE_CURVE('',#846,#850,#443,.T.);
#1057=EDGE_CURVE('',#845,#835,#444,.T.);
#1058=EDGE_CURVE('',#838,#851,#445,.T.);
#1059=EDGE_CURVE('',#851,#852,#446,.T.);
#1060=EDGE_CURVE('',#852,#853,#447,.T.);
#1061=EDGE_CURVE('',#853,#854,#448,.T.);
#1062=EDGE_CURVE('',#854,#855,#449,.T.);
#1063=EDGE_CURVE('',#855,#856,#450,.T.);
#1064=EDGE_CURVE('',#856,#857,#451,.T.);
#1065=EDGE_CURVE('',#857,#850,#452,.T.);
#1066=EDGE_CURVE('',#858,#859,#453,.T.);
#1067=EDGE_CURVE('',#859,#860,#454,.T.);
#1068=EDGE_CURVE('',#860,#861,#455,.T.);
#1069=EDGE_CURVE('',#861,#858,#456,.T.);
#1070=EDGE_CURVE('',#862,#862,#76,.T.);
#1071=EDGE_CURVE('',#863,#864,#457,.T.);
#1072=EDGE_CURVE('',#863,#865,#458,.T.);
#1073=EDGE_CURVE('',#866,#865,#459,.T.);
#1074=EDGE_CURVE('',#864,#866,#460,.T.);
#1075=EDGE_CURVE('',#847,#867,#461,.T.);
#1076=EDGE_CURVE('',#868,#857,#462,.T.);
#1077=EDGE_CURVE('',#865,#868,#463,.T.);
#1078=EDGE_CURVE('',#867,#863,#464,.T.);
#1079=EDGE_CURVE('',#869,#848,#465,.T.);
#1080=EDGE_CURVE('',#864,#869,#466,.T.);
#1081=EDGE_CURVE('',#870,#866,#467,.T.);
#1082=EDGE_CURVE('',#852,#870,#468,.T.);
#1083=EDGE_CURVE('',#849,#851,#469,.T.);
#1084=EDGE_CURVE('',#765,#869,#470,.T.);
#1085=EDGE_CURVE('',#757,#764,#471,.T.);
#1086=EDGE_CURVE('',#867,#756,#472,.T.);
#1087=EDGE_CURVE('',#758,#763,#473,.T.);
#1088=EDGE_CURVE('',#868,#871,#474,.T.);
#1089=EDGE_CURVE('',#871,#872,#475,.T.);
#1090=EDGE_CURVE('',#872,#873,#476,.T.);
#1091=EDGE_CURVE('',#873,#874,#477,.T.);
#1092=EDGE_CURVE('',#874,#870,#478,.T.);
#1093=EDGE_CURVE('',#856,#871,#479,.T.);
#1094=EDGE_CURVE('',#755,#766,#480,.T.);
#1095=EDGE_CURVE('',#804,#862,#481,.T.);
#1096=EDGE_CURVE('',#875,#796,#482,.T.);
#1097=EDGE_CURVE('',#830,#875,#483,.T.);
#1098=EDGE_CURVE('',#876,#795,#484,.T.);
#1099=EDGE_CURVE('',#875,#876,#485,.T.);
#1100=EDGE_CURVE('',#876,#823,#486,.T.);
#1101=EDGE_CURVE('',#733,#742,#487,.T.);
#1102=EDGE_CURVE('',#877,#877,#77,.T.);
#1103=EDGE_CURVE('',#877,#878,#488,.T.);
#1104=EDGE_CURVE('',#878,#878,#78,.T.);
#1105=EDGE_CURVE('',#741,#760,#489,.T.);
#1106=EDGE_CURVE('',#762,#759,#490,.T.);
#1107=EDGE_CURVE('',#879,#879,#79,.T.);
#1108=EDGE_CURVE('',#880,#880,#80,.T.);
#1109=EDGE_CURVE('',#880,#879,#491,.T.);
#1110=EDGE_CURVE('',#832,#771,#492,.T.);
#1111=EDGE_CURVE('',#750,#829,#493,.T.);
#1112=EDGE_CURVE('',#833,#770,#494,.T.);
#1113=EDGE_CURVE('',#775,#746,#495,.T.);
#1114=EDGE_CURVE('',#745,#776,#496,.T.);
#1115=EDGE_CURVE('',#747,#774,#497,.T.);
#1116=EDGE_CURVE('',#881,#831,#498,.T.);
#1117=EDGE_CURVE('',#881,#801,#499,.T.);
#1118=EDGE_CURVE('',#882,#881,#500,.T.);
#1119=EDGE_CURVE('',#882,#802,#501,.T.);
#1120=EDGE_CURVE('',#813,#882,#502,.T.);
#1121=EDGE_CURVE('',#855,#872,#503,.T.);
#1122=EDGE_CURVE('',#853,#874,#504,.T.);
#1123=EDGE_CURVE('',#854,#873,#505,.T.);
#1124=EDGE_CURVE('',#883,#883,#81,.T.);
#1125=EDGE_CURVE('',#883,#884,#506,.T.);
#1126=EDGE_CURVE('',#884,#884,#82,.T.);
#1127=EDGE_CURVE('',#885,#885,#83,.T.);
#1128=EDGE_CURVE('',#885,#886,#507,.T.);
#1129=EDGE_CURVE('',#886,#886,#84,.T.);
#1130=EDGE_CURVE('',#887,#887,#85,.T.);
#1131=EDGE_CURVE('',#887,#888,#508,.T.);
#1132=EDGE_CURVE('',#888,#888,#86,.T.);
#1133=EDGE_CURVE('',#889,#889,#87,.T.);
#1134=EDGE_CURVE('',#889,#890,#509,.T.);
#1135=EDGE_CURVE('',#890,#890,#88,.T.);
#1136=EDGE_CURVE('',#891,#891,#89,.T.);
#1137=EDGE_CURVE('',#891,#892,#510,.T.);
#1138=EDGE_CURVE('',#892,#892,#90,.T.);
#1139=EDGE_CURVE('',#893,#893,#91,.T.);
#1140=EDGE_CURVE('',#893,#894,#511,.T.);
#1141=EDGE_CURVE('',#894,#894,#92,.T.);
#1142=EDGE_CURVE('',#860,#808,#512,.T.);
#1143=EDGE_CURVE('',#861,#807,#513,.T.);
#1144=EDGE_CURVE('',#858,#806,#514,.T.);
#1145=EDGE_CURVE('',#859,#805,#515,.T.);
#1146=EDGE_CURVE('',#754,#767,#516,.T.);
#1147=EDGE_CURVE('',#751,#828,#517,.T.);
#1148=EDGE_CURVE('',#769,#752,#518,.T.);
#1149=EDGE_CURVE('',#753,#768,#519,.T.);
#1150=ORIENTED_EDGE('',*,*,#895,.T.);
#1151=ORIENTED_EDGE('',*,*,#896,.T.);
#1152=ORIENTED_EDGE('',*,*,#897,.F.);
#1153=ORIENTED_EDGE('',*,*,#898,.T.);
#1154=ORIENTED_EDGE('',*,*,#897,.T.);
#1155=ORIENTED_EDGE('',*,*,#899,.T.);
#1156=ORIENTED_EDGE('',*,*,#900,.F.);
#1157=ORIENTED_EDGE('',*,*,#901,.F.);
#1158=ORIENTED_EDGE('',*,*,#902,.F.);
#1159=ORIENTED_EDGE('',*,*,#903,.F.);
#1160=ORIENTED_EDGE('',*,*,#904,.F.);
#1161=ORIENTED_EDGE('',*,*,#905,.F.);
#1162=ORIENTED_EDGE('',*,*,#906,.F.);
#1163=ORIENTED_EDGE('',*,*,#907,.F.);
#1164=ORIENTED_EDGE('',*,*,#908,.F.);
#1165=ORIENTED_EDGE('',*,*,#909,.F.);
#1166=ORIENTED_EDGE('',*,*,#910,.F.);
#1167=ORIENTED_EDGE('',*,*,#911,.F.);
#1168=ORIENTED_EDGE('',*,*,#912,.F.);
#1169=ORIENTED_EDGE('',*,*,#913,.F.);
#1170=ORIENTED_EDGE('',*,*,#909,.T.);
#1171=ORIENTED_EDGE('',*,*,#914,.F.);
#1172=ORIENTED_EDGE('',*,*,#915,.F.);
#1173=ORIENTED_EDGE('',*,*,#916,.F.);
#1174=ORIENTED_EDGE('',*,*,#910,.T.);
#1175=ORIENTED_EDGE('',*,*,#917,.T.);
#1176=ORIENTED_EDGE('',*,*,#906,.T.);
#1177=ORIENTED_EDGE('',*,*,#916,.T.);
#1178=ORIENTED_EDGE('',*,*,#918,.T.);
#1179=ORIENTED_EDGE('',*,*,#919,.T.);
#1180=ORIENTED_EDGE('',*,*,#920,.T.);
#1181=ORIENTED_EDGE('',*,*,#921,.T.);
#1182=ORIENTED_EDGE('',*,*,#922,.T.);
#1183=ORIENTED_EDGE('',*,*,#923,.T.);
#1184=ORIENTED_EDGE('',*,*,#924,.T.);
#1185=ORIENTED_EDGE('',*,*,#925,.F.);
#1186=ORIENTED_EDGE('',*,*,#926,.T.);
#1187=ORIENTED_EDGE('',*,*,#927,.T.);
#1188=ORIENTED_EDGE('',*,*,#928,.T.);
#1189=ORIENTED_EDGE('',*,*,#929,.T.);
#1190=ORIENTED_EDGE('',*,*,#930,.T.);
#1191=ORIENTED_EDGE('',*,*,#931,.T.);
#1192=ORIENTED_EDGE('',*,*,#932,.F.);
#1193=ORIENTED_EDGE('',*,*,#899,.F.);
#1194=ORIENTED_EDGE('',*,*,#896,.F.);
#1195=ORIENTED_EDGE('',*,*,#933,.F.);
#1196=ORIENTED_EDGE('',*,*,#934,.T.);
#1197=ORIENTED_EDGE('',*,*,#935,.T.);
#1198=ORIENTED_EDGE('',*,*,#908,.T.);
#1199=ORIENTED_EDGE('',*,*,#936,.T.);
#1200=ORIENTED_EDGE('',*,*,#902,.T.);
#1201=ORIENTED_EDGE('',*,*,#937,.T.);
#1202=ORIENTED_EDGE('',*,*,#938,.T.);
#1203=ORIENTED_EDGE('',*,*,#939,.T.);
#1204=ORIENTED_EDGE('',*,*,#898,.F.);
#1205=ORIENTED_EDGE('',*,*,#901,.T.);
#1206=ORIENTED_EDGE('',*,*,#940,.F.);
#1207=ORIENTED_EDGE('',*,*,#941,.F.);
#1208=ORIENTED_EDGE('',*,*,#942,.T.);
#1209=ORIENTED_EDGE('',*,*,#943,.F.);
#1210=ORIENTED_EDGE('',*,*,#944,.T.);
#1211=ORIENTED_EDGE('',*,*,#945,.F.);
#1212=ORIENTED_EDGE('',*,*,#946,.T.);
#1213=ORIENTED_EDGE('',*,*,#947,.T.);
#1214=ORIENTED_EDGE('',*,*,#948,.T.);
#1215=ORIENTED_EDGE('',*,*,#949,.T.);
#1216=ORIENTED_EDGE('',*,*,#950,.T.);
#1217=ORIENTED_EDGE('',*,*,#951,.T.);
#1218=ORIENTED_EDGE('',*,*,#952,.T.);
#1219=ORIENTED_EDGE('',*,*,#953,.F.);
#1220=ORIENTED_EDGE('',*,*,#954,.T.);
#1221=ORIENTED_EDGE('',*,*,#914,.T.);
#1222=ORIENTED_EDGE('',*,*,#905,.T.);
#1223=ORIENTED_EDGE('',*,*,#955,.F.);
#1224=ORIENTED_EDGE('',*,*,#937,.F.);
#1225=ORIENTED_EDGE('',*,*,#956,.F.);
#1226=ORIENTED_EDGE('',*,*,#957,.F.);
#1227=ORIENTED_EDGE('',*,*,#958,.F.);
#1228=ORIENTED_EDGE('',*,*,#959,.F.);
#1229=ORIENTED_EDGE('',*,*,#960,.F.);
#1230=ORIENTED_EDGE('',*,*,#961,.T.);
#1231=ORIENTED_EDGE('',*,*,#962,.F.);
#1232=ORIENTED_EDGE('',*,*,#961,.F.);
#1233=ORIENTED_EDGE('',*,*,#963,.F.);
#1234=ORIENTED_EDGE('',*,*,#964,.F.);
#1235=ORIENTED_EDGE('',*,*,#965,.F.);
#1236=ORIENTED_EDGE('',*,*,#966,.F.);
#1237=ORIENTED_EDGE('',*,*,#967,.F.);
#1238=ORIENTED_EDGE('',*,*,#968,.T.);
#1239=ORIENTED_EDGE('',*,*,#969,.F.);
#1240=ORIENTED_EDGE('',*,*,#968,.F.);
#1241=ORIENTED_EDGE('',*,*,#970,.F.);
#1242=ORIENTED_EDGE('',*,*,#971,.F.);
#1243=ORIENTED_EDGE('',*,*,#972,.F.);
#1244=ORIENTED_EDGE('',*,*,#973,.T.);
#1245=ORIENTED_EDGE('',*,*,#974,.F.);
#1246=ORIENTED_EDGE('',*,*,#973,.F.);
#1247=ORIENTED_EDGE('',*,*,#975,.F.);
#1248=ORIENTED_EDGE('',*,*,#957,.T.);
#1249=ORIENTED_EDGE('',*,*,#970,.T.);
#1250=ORIENTED_EDGE('',*,*,#967,.T.);
#1251=ORIENTED_EDGE('',*,*,#976,.F.);
#1252=ORIENTED_EDGE('',*,*,#977,.F.);
#1253=ORIENTED_EDGE('',*,*,#965,.T.);
#1254=ORIENTED_EDGE('',*,*,#978,.T.);
#1255=ORIENTED_EDGE('',*,*,#979,.F.);
#1256=ORIENTED_EDGE('',*,*,#980,.F.);
#1257=ORIENTED_EDGE('',*,*,#981,.F.);
#1258=ORIENTED_EDGE('',*,*,#982,.T.);
#1259=ORIENTED_EDGE('',*,*,#983,.F.);
#1260=ORIENTED_EDGE('',*,*,#922,.F.);
#1261=ORIENTED_EDGE('',*,*,#984,.F.);
#1262=ORIENTED_EDGE('',*,*,#950,.F.);
#1263=ORIENTED_EDGE('',*,*,#985,.F.);
#1264=ORIENTED_EDGE('',*,*,#986,.T.);
#1265=ORIENTED_EDGE('',*,*,#987,.F.);
#1266=ORIENTED_EDGE('',*,*,#988,.F.);
#1267=ORIENTED_EDGE('',*,*,#989,.F.);
#1268=ORIENTED_EDGE('',*,*,#990,.T.);
#1269=ORIENTED_EDGE('',*,*,#991,.T.);
#1270=ORIENTED_EDGE('',*,*,#992,.T.);
#1271=ORIENTED_EDGE('',*,*,#993,.T.);
#1272=ORIENTED_EDGE('',*,*,#994,.T.);
#1273=ORIENTED_EDGE('',*,*,#995,.T.);
#1274=ORIENTED_EDGE('',*,*,#958,.T.);
#1275=ORIENTED_EDGE('',*,*,#975,.T.);
#1276=ORIENTED_EDGE('',*,*,#972,.T.);
#1277=ORIENTED_EDGE('',*,*,#996,.T.);
#1278=ORIENTED_EDGE('',*,*,#997,.T.);
#1279=ORIENTED_EDGE('',*,*,#998,.T.);
#1280=ORIENTED_EDGE('',*,*,#999,.T.);
#1281=ORIENTED_EDGE('',*,*,#1000,.T.);
#1282=ORIENTED_EDGE('',*,*,#971,.T.);
#1283=ORIENTED_EDGE('',*,*,#976,.T.);
#1284=ORIENTED_EDGE('',*,*,#966,.T.);
#1285=ORIENTED_EDGE('',*,*,#990,.F.);
#1286=ORIENTED_EDGE('',*,*,#1001,.F.);
#1287=ORIENTED_EDGE('',*,*,#1002,.F.);
#1288=ORIENTED_EDGE('',*,*,#1003,.F.);
#1289=ORIENTED_EDGE('',*,*,#1004,.F.);
#1290=ORIENTED_EDGE('',*,*,#1005,.F.);
#1291=ORIENTED_EDGE('',*,*,#996,.F.);
#1292=ORIENTED_EDGE('',*,*,#1006,.F.);
#1293=ORIENTED_EDGE('',*,*,#1007,.T.);
#1294=ORIENTED_EDGE('',*,*,#1008,.T.);
#1295=ORIENTED_EDGE('',*,*,#1007,.F.);
#1296=ORIENTED_EDGE('',*,*,#1008,.F.);
#1297=ORIENTED_EDGE('',*,*,#1009,.F.);
#1298=ORIENTED_EDGE('',*,*,#1010,.F.);
#1299=ORIENTED_EDGE('',*,*,#1011,.T.);
#1300=ORIENTED_EDGE('',*,*,#959,.T.);
#1301=ORIENTED_EDGE('',*,*,#1000,.F.);
#1302=ORIENTED_EDGE('',*,*,#1012,.F.);
#1303=ORIENTED_EDGE('',*,*,#1011,.F.);
#1304=ORIENTED_EDGE('',*,*,#1013,.F.);
#1305=ORIENTED_EDGE('',*,*,#1014,.F.);
#1306=ORIENTED_EDGE('',*,*,#1015,.F.);
#1307=ORIENTED_EDGE('',*,*,#978,.F.);
#1308=ORIENTED_EDGE('',*,*,#964,.T.);
#1309=ORIENTED_EDGE('',*,*,#1016,.T.);
#1310=ORIENTED_EDGE('',*,*,#960,.T.);
#1311=ORIENTED_EDGE('',*,*,#1016,.F.);
#1312=ORIENTED_EDGE('',*,*,#963,.T.);
#1313=ORIENTED_EDGE('',*,*,#1017,.F.);
#1314=ORIENTED_EDGE('',*,*,#1018,.F.);
#1315=ORIENTED_EDGE('',*,*,#1004,.T.);
#1316=ORIENTED_EDGE('',*,*,#1019,.F.);
#1317=ORIENTED_EDGE('',*,*,#1020,.T.);
#1318=ORIENTED_EDGE('',*,*,#1021,.T.);
#1319=ORIENTED_EDGE('',*,*,#1020,.F.);
#1320=ORIENTED_EDGE('',*,*,#1021,.F.);
#1321=ORIENTED_EDGE('',*,*,#1022,.F.);
#1322=ORIENTED_EDGE('',*,*,#1013,.T.);
#1323=ORIENTED_EDGE('',*,*,#1010,.T.);
#1324=ORIENTED_EDGE('',*,*,#1012,.T.);
#1325=ORIENTED_EDGE('',*,*,#999,.F.);
#1326=ORIENTED_EDGE('',*,*,#1023,.F.);
#1327=ORIENTED_EDGE('',*,*,#1024,.T.);
#1328=ORIENTED_EDGE('',*,*,#1025,.T.);
#1329=ORIENTED_EDGE('',*,*,#982,.F.);
#1330=ORIENTED_EDGE('',*,*,#1026,.T.);
#1331=ORIENTED_EDGE('',*,*,#1027,.T.);
#1332=ORIENTED_EDGE('',*,*,#1005,.T.);
#1333=ORIENTED_EDGE('',*,*,#1018,.T.);
#1334=ORIENTED_EDGE('',*,*,#1003,.T.);
#1335=ORIENTED_EDGE('',*,*,#1028,.T.);
#1336=ORIENTED_EDGE('',*,*,#1029,.T.);
#1337=ORIENTED_EDGE('',*,*,#986,.F.);
#1338=ORIENTED_EDGE('',*,*,#1030,.T.);
#1339=ORIENTED_EDGE('',*,*,#1031,.T.);
#1340=ORIENTED_EDGE('',*,*,#1032,.F.);
#1341=ORIENTED_EDGE('',*,*,#997,.F.);
#1342=ORIENTED_EDGE('',*,*,#1009,.T.);
#1343=ORIENTED_EDGE('',*,*,#1033,.T.);
#1344=ORIENTED_EDGE('',*,*,#1034,.F.);
#1345=ORIENTED_EDGE('',*,*,#1035,.F.);
#1346=ORIENTED_EDGE('',*,*,#1036,.F.);
#1347=ORIENTED_EDGE('',*,*,#1037,.F.);
#1348=ORIENTED_EDGE('',*,*,#1038,.F.);
#1349=ORIENTED_EDGE('',*,*,#1033,.F.);
#1350=ORIENTED_EDGE('',*,*,#1017,.T.);
#1351=ORIENTED_EDGE('',*,*,#1039,.T.);
#1352=ORIENTED_EDGE('',*,*,#1040,.F.);
#1353=ORIENTED_EDGE('',*,*,#1039,.F.);
#1354=ORIENTED_EDGE('',*,*,#977,.T.);
#1355=ORIENTED_EDGE('',*,*,#1041,.T.);
#1356=ORIENTED_EDGE('',*,*,#1042,.F.);
#1357=ORIENTED_EDGE('',*,*,#1041,.F.);
#1358=ORIENTED_EDGE('',*,*,#1022,.T.);
#1359=ORIENTED_EDGE('',*,*,#1043,.T.);
#1360=ORIENTED_EDGE('',*,*,#1044,.F.);
#1361=ORIENTED_EDGE('',*,*,#1045,.F.);
#1362=ORIENTED_EDGE('',*,*,#1046,.F.);
#1363=ORIENTED_EDGE('',*,*,#1047,.F.);
#1364=ORIENTED_EDGE('',*,*,#1048,.F.);
#1365=ORIENTED_EDGE('',*,*,#1043,.F.);
#1366=ORIENTED_EDGE('',*,*,#1036,.T.);
#1367=ORIENTED_EDGE('',*,*,#1049,.T.);
#1368=ORIENTED_EDGE('',*,*,#1046,.T.);
#1369=ORIENTED_EDGE('',*,*,#1050,.T.);
#1370=ORIENTED_EDGE('',*,*,#1051,.T.);
#1371=ORIENTED_EDGE('',*,*,#1052,.F.);
#1372=ORIENTED_EDGE('',*,*,#1053,.T.);
#1373=ORIENTED_EDGE('',*,*,#1054,.T.);
#1374=ORIENTED_EDGE('',*,*,#1045,.T.);
#1375=ORIENTED_EDGE('',*,*,#1055,.F.);
#1376=ORIENTED_EDGE('',*,*,#1056,.F.);
#1377=ORIENTED_EDGE('',*,*,#1050,.F.);
#1378=ORIENTED_EDGE('',*,*,#1035,.T.);
#1379=ORIENTED_EDGE('',*,*,#1057,.F.);
#1380=ORIENTED_EDGE('',*,*,#1047,.T.);
#1381=ORIENTED_EDGE('',*,*,#1049,.F.);
#1382=ORIENTED_EDGE('',*,*,#1034,.T.);
#1383=ORIENTED_EDGE('',*,*,#1038,.T.);
#1384=ORIENTED_EDGE('',*,*,#1058,.T.);
#1385=ORIENTED_EDGE('',*,*,#1059,.T.);
#1386=ORIENTED_EDGE('',*,*,#1060,.T.);
#1387=ORIENTED_EDGE('',*,*,#1061,.T.);
#1388=ORIENTED_EDGE('',*,*,#1062,.T.);
#1389=ORIENTED_EDGE('',*,*,#1063,.T.);
#1390=ORIENTED_EDGE('',*,*,#1064,.T.);
#1391=ORIENTED_EDGE('',*,*,#1065,.T.);
#1392=ORIENTED_EDGE('',*,*,#1055,.T.);
#1393=ORIENTED_EDGE('',*,*,#1044,.T.);
#1394=ORIENTED_EDGE('',*,*,#1048,.T.);
#1395=ORIENTED_EDGE('',*,*,#1057,.T.);
#1396=ORIENTED_EDGE('',*,*,#969,.T.);
#1397=ORIENTED_EDGE('',*,*,#974,.T.);
#1398=ORIENTED_EDGE('',*,*,#956,.T.);
#1399=ORIENTED_EDGE('',*,*,#962,.T.);
#1400=ORIENTED_EDGE('',*,*,#1040,.T.);
#1401=ORIENTED_EDGE('',*,*,#1042,.T.);
#1402=ORIENTED_EDGE('',*,*,#1066,.T.);
#1403=ORIENTED_EDGE('',*,*,#1067,.T.);
#1404=ORIENTED_EDGE('',*,*,#1068,.T.);
#1405=ORIENTED_EDGE('',*,*,#1069,.T.);
#1406=ORIENTED_EDGE('',*,*,#1070,.T.);
#1407=ORIENTED_EDGE('',*,*,#1071,.F.);
#1408=ORIENTED_EDGE('',*,*,#1072,.T.);
#1409=ORIENTED_EDGE('',*,*,#1073,.F.);
#1410=ORIENTED_EDGE('',*,*,#1074,.F.);
#1411=ORIENTED_EDGE('',*,*,#1075,.F.);
#1412=ORIENTED_EDGE('',*,*,#1051,.F.);
#1413=ORIENTED_EDGE('',*,*,#1056,.T.);
#1414=ORIENTED_EDGE('',*,*,#1065,.F.);
#1415=ORIENTED_EDGE('',*,*,#1076,.F.);
#1416=ORIENTED_EDGE('',*,*,#1077,.F.);
#1417=ORIENTED_EDGE('',*,*,#1072,.F.);
#1418=ORIENTED_EDGE('',*,*,#1078,.F.);
#1419=ORIENTED_EDGE('',*,*,#1079,.F.);
#1420=ORIENTED_EDGE('',*,*,#1080,.F.);
#1421=ORIENTED_EDGE('',*,*,#1074,.T.);
#1422=ORIENTED_EDGE('',*,*,#1081,.F.);
#1423=ORIENTED_EDGE('',*,*,#1082,.F.);
#1424=ORIENTED_EDGE('',*,*,#1059,.F.);
#1425=ORIENTED_EDGE('',*,*,#1083,.F.);
#1426=ORIENTED_EDGE('',*,*,#1053,.F.);
#1427=ORIENTED_EDGE('',*,*,#1037,.T.);
#1428=ORIENTED_EDGE('',*,*,#1054,.F.);
#1429=ORIENTED_EDGE('',*,*,#1083,.T.);
#1430=ORIENTED_EDGE('',*,*,#1058,.F.);
#1431=ORIENTED_EDGE('',*,*,#1078,.T.);
#1432=ORIENTED_EDGE('',*,*,#1071,.T.);
#1433=ORIENTED_EDGE('',*,*,#1080,.T.);
#1434=ORIENTED_EDGE('',*,*,#1084,.F.);
#1435=ORIENTED_EDGE('',*,*,#942,.F.);
#1436=ORIENTED_EDGE('',*,*,#1085,.F.);
#1437=ORIENTED_EDGE('',*,*,#930,.F.);
#1438=ORIENTED_EDGE('',*,*,#1086,.F.);
#1439=ORIENTED_EDGE('',*,*,#900,.T.);
#1440=ORIENTED_EDGE('',*,*,#932,.T.);
#1441=ORIENTED_EDGE('',*,*,#1087,.T.);
#1442=ORIENTED_EDGE('',*,*,#940,.T.);
#1443=ORIENTED_EDGE('',*,*,#1081,.T.);
#1444=ORIENTED_EDGE('',*,*,#1073,.T.);
#1445=ORIENTED_EDGE('',*,*,#1077,.T.);
#1446=ORIENTED_EDGE('',*,*,#1088,.T.);
#1447=ORIENTED_EDGE('',*,*,#1089,.T.);
#1448=ORIENTED_EDGE('',*,*,#1090,.T.);
#1449=ORIENTED_EDGE('',*,*,#1091,.T.);
#1450=ORIENTED_EDGE('',*,*,#1092,.T.);
#1451=ORIENTED_EDGE('',*,*,#1076,.T.);
#1452=ORIENTED_EDGE('',*,*,#1064,.F.);
#1453=ORIENTED_EDGE('',*,*,#1093,.T.);
#1454=ORIENTED_EDGE('',*,*,#1088,.F.);
#1455=ORIENTED_EDGE('',*,*,#1085,.T.);
#1456=ORIENTED_EDGE('',*,*,#941,.T.);
#1457=ORIENTED_EDGE('',*,*,#1087,.F.);
#1458=ORIENTED_EDGE('',*,*,#931,.F.);
#1459=ORIENTED_EDGE('',*,*,#1075,.T.);
#1460=ORIENTED_EDGE('',*,*,#1086,.T.);
#1461=ORIENTED_EDGE('',*,*,#929,.F.);
#1462=ORIENTED_EDGE('',*,*,#1094,.T.);
#1463=ORIENTED_EDGE('',*,*,#943,.T.);
#1464=ORIENTED_EDGE('',*,*,#1084,.T.);
#1465=ORIENTED_EDGE('',*,*,#1079,.T.);
#1466=ORIENTED_EDGE('',*,*,#1052,.T.);
#1467=ORIENTED_EDGE('',*,*,#991,.F.);
#1468=ORIENTED_EDGE('',*,*,#1095,.T.);
#1469=ORIENTED_EDGE('',*,*,#1070,.F.);
#1470=ORIENTED_EDGE('',*,*,#1095,.F.);
#1471=ORIENTED_EDGE('',*,*,#981,.T.);
#1472=ORIENTED_EDGE('',*,*,#1096,.F.);
#1473=ORIENTED_EDGE('',*,*,#1097,.F.);
#1474=ORIENTED_EDGE('',*,*,#1026,.F.);
#1475=ORIENTED_EDGE('',*,*,#980,.T.);
#1476=ORIENTED_EDGE('',*,*,#1098,.F.);
#1477=ORIENTED_EDGE('',*,*,#1099,.F.);
#1478=ORIENTED_EDGE('',*,*,#1096,.T.);
#1479=ORIENTED_EDGE('',*,*,#1015,.T.);
#1480=ORIENTED_EDGE('',*,*,#1100,.F.);
#1481=ORIENTED_EDGE('',*,*,#1098,.T.);
#1482=ORIENTED_EDGE('',*,*,#979,.T.);
#1483=ORIENTED_EDGE('',*,*,#1101,.F.);
#1484=ORIENTED_EDGE('',*,*,#903,.T.);
#1485=ORIENTED_EDGE('',*,*,#936,.F.);
#1486=ORIENTED_EDGE('',*,*,#907,.T.);
#1487=ORIENTED_EDGE('',*,*,#917,.F.);
#1488=ORIENTED_EDGE('',*,*,#913,.T.);
#1489=ORIENTED_EDGE('',*,*,#1102,.T.);
#1490=ORIENTED_EDGE('',*,*,#1102,.F.);
#1491=ORIENTED_EDGE('',*,*,#1103,.T.);
#1492=ORIENTED_EDGE('',*,*,#1104,.F.);
#1493=ORIENTED_EDGE('',*,*,#1103,.F.);
#1494=ORIENTED_EDGE('',*,*,#912,.T.);
#1495=ORIENTED_EDGE('',*,*,#1105,.T.);
#1496=ORIENTED_EDGE('',*,*,#934,.F.);
#1497=ORIENTED_EDGE('',*,*,#1106,.F.);
#1498=ORIENTED_EDGE('',*,*,#938,.F.);
#1499=ORIENTED_EDGE('',*,*,#955,.T.);
#1500=ORIENTED_EDGE('',*,*,#904,.T.);
#1501=ORIENTED_EDGE('',*,*,#1101,.T.);
#1502=ORIENTED_EDGE('',*,*,#911,.T.);
#1503=ORIENTED_EDGE('',*,*,#935,.F.);
#1504=ORIENTED_EDGE('',*,*,#1105,.F.);
#1505=ORIENTED_EDGE('',*,*,#1104,.T.);
#1506=ORIENTED_EDGE('',*,*,#1107,.T.);
#1507=ORIENTED_EDGE('',*,*,#1108,.F.);
#1508=ORIENTED_EDGE('',*,*,#1109,.T.);
#1509=ORIENTED_EDGE('',*,*,#1107,.F.);
#1510=ORIENTED_EDGE('',*,*,#1109,.F.);
#1511=ORIENTED_EDGE('',*,*,#1030,.F.);
#1512=ORIENTED_EDGE('',*,*,#985,.T.);
#1513=ORIENTED_EDGE('',*,*,#949,.F.);
#1514=ORIENTED_EDGE('',*,*,#1110,.F.);
#1515=ORIENTED_EDGE('',*,*,#1025,.F.);
#1516=ORIENTED_EDGE('',*,*,#1111,.F.);
#1517=ORIENTED_EDGE('',*,*,#923,.F.);
#1518=ORIENTED_EDGE('',*,*,#983,.T.);
#1519=ORIENTED_EDGE('',*,*,#1110,.T.);
#1520=ORIENTED_EDGE('',*,*,#948,.F.);
#1521=ORIENTED_EDGE('',*,*,#1112,.F.);
#1522=ORIENTED_EDGE('',*,*,#1031,.F.);
#1523=ORIENTED_EDGE('',*,*,#1113,.T.);
#1524=ORIENTED_EDGE('',*,*,#919,.F.);
#1525=ORIENTED_EDGE('',*,*,#1114,.T.);
#1526=ORIENTED_EDGE('',*,*,#953,.T.);
#1527=ORIENTED_EDGE('',*,*,#954,.F.);
#1528=ORIENTED_EDGE('',*,*,#1114,.F.);
#1529=ORIENTED_EDGE('',*,*,#918,.F.);
#1530=ORIENTED_EDGE('',*,*,#915,.T.);
#1531=ORIENTED_EDGE('',*,*,#1106,.T.);
#1532=ORIENTED_EDGE('',*,*,#933,.T.);
#1533=ORIENTED_EDGE('',*,*,#895,.F.);
#1534=ORIENTED_EDGE('',*,*,#939,.F.);
#1535=ORIENTED_EDGE('',*,*,#1108,.T.);
#1536=ORIENTED_EDGE('',*,*,#984,.T.);
#1537=ORIENTED_EDGE('',*,*,#921,.F.);
#1538=ORIENTED_EDGE('',*,*,#1115,.T.);
#1539=ORIENTED_EDGE('',*,*,#951,.F.);
#1540=ORIENTED_EDGE('',*,*,#920,.F.);
#1541=ORIENTED_EDGE('',*,*,#1113,.F.);
#1542=ORIENTED_EDGE('',*,*,#952,.F.);
#1543=ORIENTED_EDGE('',*,*,#1115,.F.);
#1544=ORIENTED_EDGE('',*,*,#1014,.T.);
#1545=ORIENTED_EDGE('',*,*,#1027,.F.);
#1546=ORIENTED_EDGE('',*,*,#1097,.T.);
#1547=ORIENTED_EDGE('',*,*,#1099,.T.);
#1548=ORIENTED_EDGE('',*,*,#1100,.T.);
#1549=ORIENTED_EDGE('',*,*,#987,.T.);
#1550=ORIENTED_EDGE('',*,*,#1029,.F.);
#1551=ORIENTED_EDGE('',*,*,#1116,.F.);
#1552=ORIENTED_EDGE('',*,*,#1117,.T.);
#1553=ORIENTED_EDGE('',*,*,#988,.T.);
#1554=ORIENTED_EDGE('',*,*,#1117,.F.);
#1555=ORIENTED_EDGE('',*,*,#1118,.F.);
#1556=ORIENTED_EDGE('',*,*,#1119,.T.);
#1557=ORIENTED_EDGE('',*,*,#1001,.T.);
#1558=ORIENTED_EDGE('',*,*,#989,.T.);
#1559=ORIENTED_EDGE('',*,*,#1119,.F.);
#1560=ORIENTED_EDGE('',*,*,#1120,.F.);
#1561=ORIENTED_EDGE('',*,*,#1002,.T.);
#1562=ORIENTED_EDGE('',*,*,#1120,.T.);
#1563=ORIENTED_EDGE('',*,*,#1118,.T.);
#1564=ORIENTED_EDGE('',*,*,#1116,.T.);
#1565=ORIENTED_EDGE('',*,*,#1028,.F.);
#1566=ORIENTED_EDGE('',*,*,#1089,.F.);
#1567=ORIENTED_EDGE('',*,*,#1093,.F.);
#1568=ORIENTED_EDGE('',*,*,#1063,.F.);
#1569=ORIENTED_EDGE('',*,*,#1121,.T.);
#1570=ORIENTED_EDGE('',*,*,#1082,.T.);
#1571=ORIENTED_EDGE('',*,*,#1092,.F.);
#1572=ORIENTED_EDGE('',*,*,#1122,.F.);
#1573=ORIENTED_EDGE('',*,*,#1060,.F.);
#1574=ORIENTED_EDGE('',*,*,#1091,.F.);
#1575=ORIENTED_EDGE('',*,*,#1123,.F.);
#1576=ORIENTED_EDGE('',*,*,#1061,.F.);
#1577=ORIENTED_EDGE('',*,*,#1122,.T.);
#1578=ORIENTED_EDGE('',*,*,#1124,.F.);
#1579=ORIENTED_EDGE('',*,*,#1125,.T.);
#1580=ORIENTED_EDGE('',*,*,#1126,.F.);
#1581=ORIENTED_EDGE('',*,*,#1125,.F.);
#1582=ORIENTED_EDGE('',*,*,#1127,.F.);
#1583=ORIENTED_EDGE('',*,*,#1128,.T.);
#1584=ORIENTED_EDGE('',*,*,#1129,.F.);
#1585=ORIENTED_EDGE('',*,*,#1128,.F.);
#1586=ORIENTED_EDGE('',*,*,#1130,.F.);
#1587=ORIENTED_EDGE('',*,*,#1131,.T.);
#1588=ORIENTED_EDGE('',*,*,#1132,.F.);
#1589=ORIENTED_EDGE('',*,*,#1131,.F.);
#1590=ORIENTED_EDGE('',*,*,#1133,.F.);
#1591=ORIENTED_EDGE('',*,*,#1134,.T.);
#1592=ORIENTED_EDGE('',*,*,#1135,.F.);
#1593=ORIENTED_EDGE('',*,*,#1134,.F.);
#1594=ORIENTED_EDGE('',*,*,#1136,.F.);
#1595=ORIENTED_EDGE('',*,*,#1137,.T.);
#1596=ORIENTED_EDGE('',*,*,#1138,.F.);
#1597=ORIENTED_EDGE('',*,*,#1137,.F.);
#1598=ORIENTED_EDGE('',*,*,#1139,.F.);
#1599=ORIENTED_EDGE('',*,*,#1140,.T.);
#1600=ORIENTED_EDGE('',*,*,#1141,.T.);
#1601=ORIENTED_EDGE('',*,*,#1140,.F.);
#1602=ORIENTED_EDGE('',*,*,#1141,.F.);
#1603=ORIENTED_EDGE('',*,*,#1136,.T.);
#1604=ORIENTED_EDGE('',*,*,#1133,.T.);
#1605=ORIENTED_EDGE('',*,*,#1130,.T.);
#1606=ORIENTED_EDGE('',*,*,#1127,.T.);
#1607=ORIENTED_EDGE('',*,*,#1124,.T.);
#1608=ORIENTED_EDGE('',*,*,#1068,.F.);
#1609=ORIENTED_EDGE('',*,*,#1142,.T.);
#1610=ORIENTED_EDGE('',*,*,#994,.F.);
#1611=ORIENTED_EDGE('',*,*,#1143,.F.);
#1612=ORIENTED_EDGE('',*,*,#1069,.F.);
#1613=ORIENTED_EDGE('',*,*,#1143,.T.);
#1614=ORIENTED_EDGE('',*,*,#993,.F.);
#1615=ORIENTED_EDGE('',*,*,#1144,.F.);
#1616=ORIENTED_EDGE('',*,*,#1066,.F.);
#1617=ORIENTED_EDGE('',*,*,#1144,.T.);
#1618=ORIENTED_EDGE('',*,*,#992,.F.);
#1619=ORIENTED_EDGE('',*,*,#1145,.F.);
#1620=ORIENTED_EDGE('',*,*,#1067,.F.);
#1621=ORIENTED_EDGE('',*,*,#1145,.T.);
#1622=ORIENTED_EDGE('',*,*,#995,.F.);
#1623=ORIENTED_EDGE('',*,*,#1142,.F.);
#1624=ORIENTED_EDGE('',*,*,#1090,.F.);
#1625=ORIENTED_EDGE('',*,*,#1121,.F.);
#1626=ORIENTED_EDGE('',*,*,#1062,.F.);
#1627=ORIENTED_EDGE('',*,*,#1123,.T.);
#1628=ORIENTED_EDGE('',*,*,#1146,.T.);
#1629=ORIENTED_EDGE('',*,*,#944,.F.);
#1630=ORIENTED_EDGE('',*,*,#1094,.F.);
#1631=ORIENTED_EDGE('',*,*,#928,.F.);
#1632=ORIENTED_EDGE('',*,*,#1006,.T.);
#1633=ORIENTED_EDGE('',*,*,#1019,.T.);
#1634=ORIENTED_EDGE('',*,*,#1111,.T.);
#1635=ORIENTED_EDGE('',*,*,#1024,.F.);
#1636=ORIENTED_EDGE('',*,*,#1147,.F.);
#1637=ORIENTED_EDGE('',*,*,#924,.F.);
#1638=ORIENTED_EDGE('',*,*,#1112,.T.);
#1639=ORIENTED_EDGE('',*,*,#947,.F.);
#1640=ORIENTED_EDGE('',*,*,#1148,.T.);
#1641=ORIENTED_EDGE('',*,*,#925,.T.);
#1642=ORIENTED_EDGE('',*,*,#1147,.T.);
#1643=ORIENTED_EDGE('',*,*,#1023,.T.);
#1644=ORIENTED_EDGE('',*,*,#998,.F.);
#1645=ORIENTED_EDGE('',*,*,#1032,.T.);
#1646=ORIENTED_EDGE('',*,*,#1139,.T.);
#1647=ORIENTED_EDGE('',*,*,#927,.F.);
#1648=ORIENTED_EDGE('',*,*,#1149,.T.);
#1649=ORIENTED_EDGE('',*,*,#945,.T.);
#1650=ORIENTED_EDGE('',*,*,#1146,.F.);
#1651=ORIENTED_EDGE('',*,*,#1138,.T.);
#1652=ORIENTED_EDGE('',*,*,#1135,.T.);
#1653=ORIENTED_EDGE('',*,*,#1132,.T.);
#1654=ORIENTED_EDGE('',*,*,#1129,.T.);
#1655=ORIENTED_EDGE('',*,*,#1126,.T.);
#1656=ORIENTED_EDGE('',*,*,#1148,.F.);
#1657=ORIENTED_EDGE('',*,*,#946,.F.);
#1658=ORIENTED_EDGE('',*,*,#1149,.F.);
#1659=ORIENTED_EDGE('',*,*,#926,.F.);
#1660=PLANE('',#1828);
#1661=PLANE('',#1829);
#1662=PLANE('',#1839);
#1663=PLANE('',#1840);
#1664=PLANE('',#1841);
#1665=PLANE('',#1842);
#1666=PLANE('',#1843);
#1667=PLANE('',#1844);
#1668=PLANE('',#1845);
#1669=PLANE('',#1846);
#1670=PLANE('',#1847);
#1671=PLANE('',#1850);
#1672=PLANE('',#1854);
#1673=PLANE('',#1863);
#1674=PLANE('',#1865);
#1675=PLANE('',#1870);
#1676=PLANE('',#1872);
#1677=PLANE('',#1876);
#1678=PLANE('',#1878);
#1679=PLANE('',#1879);
#1680=PLANE('',#1892);
#1681=PLANE('',#1893);
#1682=PLANE('',#1894);
#1683=PLANE('',#1895);
#1684=PLANE('',#1897);
#1685=PLANE('',#1898);
#1686=PLANE('',#1899);
#1687=PLANE('',#1900);
#1688=PLANE('',#1901);
#1689=PLANE('',#1902);
#1690=PLANE('',#1903);
#1691=PLANE('',#1904);
#1692=PLANE('',#1905);
#1693=PLANE('',#1907);
#1694=PLANE('',#1908);
#1695=PLANE('',#1909);
#1696=PLANE('',#1910);
#1697=PLANE('',#1914);
#1698=PLANE('',#1915);
#1699=PLANE('',#1916);
#1700=PLANE('',#1920);
#1701=PLANE('',#1921);
#1702=PLANE('',#1922);
#1703=PLANE('',#1923);
#1704=PLANE('',#1924);
#1705=PLANE('',#1925);
#1706=PLANE('',#1926);
#1707=PLANE('',#1927);
#1708=PLANE('',#1928);
#1709=PLANE('',#1929);
#1710=PLANE('',#1930);
#1711=PLANE('',#1931);
#1712=PLANE('',#1932);
#1713=PLANE('',#1933);
#1714=PLANE('',#1934);
#1715=PLANE('',#1935);
#1716=PLANE('',#1954);
#1717=PLANE('',#1955);
#1718=PLANE('',#1956);
#1719=PLANE('',#1957);
#1720=PLANE('',#1958);
#1721=PLANE('',#1959);
#1722=PLANE('',#1960);
#1723=PLANE('',#1961);
#1724=PLANE('',#1962);
#1725=PLANE('',#1963);
#1726=PLANE('',#1964);
#1727=ADVANCED_FACE('',(#113),#1660,.T.);
#1728=ADVANCED_FACE('',(#114),#1661,.T.);
#1729=ADVANCED_FACE('',(#115),#93,.F.);
#1730=ADVANCED_FACE('',(#116),#94,.F.);
#1731=ADVANCED_FACE('',(#117),#95,.F.);
#1732=ADVANCED_FACE('',(#118),#1662,.F.);
#1733=ADVANCED_FACE('',(#119),#1663,.T.);
#1734=ADVANCED_FACE('',(#120),#1664,.T.);
#1735=ADVANCED_FACE('',(#121),#1665,.F.);
#1736=ADVANCED_FACE('',(#122),#1666,.F.);
#1737=ADVANCED_FACE('',(#123),#1667,.F.);
#1738=ADVANCED_FACE('',(#124),#1668,.F.);
#1739=ADVANCED_FACE('',(#125),#1669,.F.);
#1740=ADVANCED_FACE('',(#126,#15),#1670,.F.);
#1741=ADVANCED_FACE('',(#127,#16,#17),#1671,.F.);
#1742=ADVANCED_FACE('',(#128),#1672,.F.);
#1743=ADVANCED_FACE('',(#129),#96,.F.);
#1744=ADVANCED_FACE('',(#130),#97,.F.);
#1745=ADVANCED_FACE('',(#131,#18),#1673,.F.);
#1746=ADVANCED_FACE('',(#132),#1674,.T.);
#1747=ADVANCED_FACE('',(#133),#98,.F.);
#1748=ADVANCED_FACE('',(#134,#19),#1675,.F.);
#1749=ADVANCED_FACE('',(#135),#1676,.T.);
#1750=ADVANCED_FACE('',(#136),#99,.F.);
#1751=ADVANCED_FACE('',(#137,#20),#1677,.F.);
#1752=ADVANCED_FACE('',(#138),#1678,.T.);
#1753=ADVANCED_FACE('',(#139),#1679,.T.);
#1754=ADVANCED_FACE('',(#140),#100,.F.);
#1755=ADVANCED_FACE('',(#141),#101,.F.);
#1756=ADVANCED_FACE('',(#142),#102,.F.);
#1757=ADVANCED_FACE('',(#143),#103,.F.);
#1758=ADVANCED_FACE('',(#144),#1680,.T.);
#1759=ADVANCED_FACE('',(#145),#1681,.F.);
#1760=ADVANCED_FACE('',(#146),#1682,.F.);
#1761=ADVANCED_FACE('',(#147,#21,#22,#23,#24,#25),#1683,.F.);
#1762=ADVANCED_FACE('',(#148),#1684,.F.);
#1763=ADVANCED_FACE('',(#149),#1685,.F.);
#1764=ADVANCED_FACE('',(#150),#1686,.F.);
#1765=ADVANCED_FACE('',(#151),#1687,.F.);
#1766=ADVANCED_FACE('',(#152),#1688,.F.);
#1767=ADVANCED_FACE('',(#153,#26),#1689,.T.);
#1768=ADVANCED_FACE('',(#154),#1690,.F.);
#1769=ADVANCED_FACE('',(#155),#1691,.T.);
#1770=ADVANCED_FACE('',(#156),#1692,.T.);
#1771=ADVANCED_FACE('',(#157),#104,.F.);
#1772=ADVANCED_FACE('',(#158),#1693,.F.);
#1773=ADVANCED_FACE('',(#159),#1694,.F.);
#1774=ADVANCED_FACE('',(#160),#1695,.F.);
#1775=ADVANCED_FACE('',(#161,#27),#1696,.T.);
#1776=ADVANCED_FACE('',(#162),#105,.T.);
#1777=ADVANCED_FACE('',(#163),#1697,.F.);
#1778=ADVANCED_FACE('',(#164),#1698,.F.);
#1779=ADVANCED_FACE('',(#165,#28),#1699,.F.);
#1780=ADVANCED_FACE('',(#166),#106,.F.);
#1781=ADVANCED_FACE('',(#167),#1700,.F.);
#1782=ADVANCED_FACE('',(#168),#1701,.F.);
#1783=ADVANCED_FACE('',(#169),#1702,.F.);
#1784=ADVANCED_FACE('',(#170),#1703,.T.);
#1785=ADVANCED_FACE('',(#171),#1704,.F.);
#1786=ADVANCED_FACE('',(#172,#29),#1705,.T.);
#1787=ADVANCED_FACE('',(#173),#1706,.F.);
#1788=ADVANCED_FACE('',(#174),#1707,.F.);
#1789=ADVANCED_FACE('',(#175),#1708,.T.);
#1790=ADVANCED_FACE('',(#176),#1709,.F.);
#1791=ADVANCED_FACE('',(#177),#1710,.F.);
#1792=ADVANCED_FACE('',(#178),#1711,.F.);
#1793=ADVANCED_FACE('',(#179),#1712,.T.);
#1794=ADVANCED_FACE('',(#180),#1713,.F.);
#1795=ADVANCED_FACE('',(#181),#1714,.F.);
#1796=ADVANCED_FACE('',(#182),#1715,.F.);
#1797=ADVANCED_FACE('',(#183),#107,.F.);
#1798=ADVANCED_FACE('',(#184),#108,.F.);
#1799=ADVANCED_FACE('',(#185),#109,.F.);
#1800=ADVANCED_FACE('',(#186),#110,.F.);
#1801=ADVANCED_FACE('',(#187),#111,.F.);
#1802=ADVANCED_FACE('',(#188),#112,.F.);
#1803=ADVANCED_FACE('',(#189,#30,#31,#32,#33,#34),#1716,.F.);
#1804=ADVANCED_FACE('',(#190),#1717,.F.);
#1805=ADVANCED_FACE('',(#191),#1718,.F.);
#1806=ADVANCED_FACE('',(#192),#1719,.F.);
#1807=ADVANCED_FACE('',(#193),#1720,.F.);
#1808=ADVANCED_FACE('',(#194),#1721,.F.);
#1809=ADVANCED_FACE('',(#195,#35,#36),#1722,.F.);
#1810=ADVANCED_FACE('',(#196),#1723,.F.);
#1811=ADVANCED_FACE('',(#197,#37),#1724,.T.);
#1812=ADVANCED_FACE('',(#198,#38,#39,#40,#41,#42),#1725,.T.);
#1813=ADVANCED_FACE('',(#199),#1726,.F.);
#1814=CLOSED_SHELL('',(#1727,#1728,#1729,#1730,#1731,#1732,#1733,#1734,
#1735,#1736,#1737,#1738,#1739,#1740,#1741,#1742,#1743,#1744,#1745,#1746,
#1747,#1748,#1749,#1750,#1751,#1752,#1753,#1754,#1755,#1756,#1757,#1758,
#1759,#1760,#1761,#1762,#1763,#1764,#1765,#1766,#1767,#1768,#1769,#1770,
#1771,#1772,#1773,#1774,#1775,#1776,#1777,#1778,#1779,#1780,#1781,#1782,
#1783,#1784,#1785,#1786,#1787,#1788,#1789,#1790,#1791,#1792,#1793,#1794,
#1795,#1796,#1797,#1798,#1799,#1800,#1801,#1802,#1803,#1804,#1805,#1806,
#1807,#1808,#1809,#1810,#1811,#1812,#1813));
#1815=DERIVED_UNIT_ELEMENT(#1817,1.);
#1816=DERIVED_UNIT_ELEMENT(#2964,-3.);
#1817=(
MASS_UNIT()
NAMED_UNIT(*)
SI_UNIT(.KILO.,.GRAM.)
);
#1818=DERIVED_UNIT((#1815,#1816));
#1819=MEASURE_REPRESENTATION_ITEM('density measure',
POSITIVE_RATIO_MEASURE(7850.),#1818);
#1820=PROPERTY_DEFINITION_REPRESENTATION(#1825,#1822);
#1821=PROPERTY_DEFINITION_REPRESENTATION(#1826,#1823);
#1822=REPRESENTATION('material name',(#1824),#2961);
#1823=REPRESENTATION('density',(#1819),#2961);
#1824=DESCRIPTIVE_REPRESENTATION_ITEM('\X2\92FC\X0\','\X2\92FC\X0\');
#1825=PROPERTY_DEFINITION('material property','material name',#2971);
#1826=PROPERTY_DEFINITION('material property','density of part',#2971);
#1827=AXIS2_PLACEMENT_3D('',#2446,#1965,#1966);
#1828=AXIS2_PLACEMENT_3D('',#2447,#1967,#1968);
#1829=AXIS2_PLACEMENT_3D('',#2456,#1973,#1974);
#1830=AXIS2_PLACEMENT_3D('',#2462,#1978,#1979);
#1831=AXIS2_PLACEMENT_3D('',#2467,#1981,#1982);
#1832=AXIS2_PLACEMENT_3D('',#2470,#1984,#1985);
#1833=AXIS2_PLACEMENT_3D('',#2471,#1986,#1987);
#1834=AXIS2_PLACEMENT_3D('',#2476,#1989,#1990);
#1835=AXIS2_PLACEMENT_3D('',#2479,#1992,#1993);
#1836=AXIS2_PLACEMENT_3D('',#2480,#1994,#1995);
#1837=AXIS2_PLACEMENT_3D('',#2485,#1997,#1998);
#1838=AXIS2_PLACEMENT_3D('',#2488,#2000,#2001);
#1839=AXIS2_PLACEMENT_3D('',#2489,#2002,#2003);
#1840=AXIS2_PLACEMENT_3D('',#2495,#2007,#2008);
#1841=AXIS2_PLACEMENT_3D('',#2531,#2028,#2029);
#1842=AXIS2_PLACEMENT_3D('',#2567,#2049,#2050);
#1843=AXIS2_PLACEMENT_3D('',#2569,#2052,#2053);
#1844=AXIS2_PLACEMENT_3D('',#2582,#2060,#2061);
#1845=AXIS2_PLACEMENT_3D('',#2596,#2069,#2070);
#1846=AXIS2_PLACEMENT_3D('',#2606,#2076,#2077);
#1847=AXIS2_PLACEMENT_3D('',#2609,#2080,#2081);
#1848=AXIS2_PLACEMENT_3D('',#2610,#2082,#2083);
#1849=AXIS2_PLACEMENT_3D('',#2612,#2084,#2085);
#1850=AXIS2_PLACEMENT_3D('',#2613,#2086,#2087);
#1851=AXIS2_PLACEMENT_3D('',#2615,#2088,#2089);
#1852=AXIS2_PLACEMENT_3D('',#2636,#2101,#2102);
#1853=AXIS2_PLACEMENT_3D('',#2638,#2103,#2104);
#1854=AXIS2_PLACEMENT_3D('',#2647,#2109,#2110);
#1855=AXIS2_PLACEMENT_3D('',#2649,#2111,#2112);
#1856=AXIS2_PLACEMENT_3D('',#2656,#2116,#2117);
#1857=AXIS2_PLACEMENT_3D('',#2657,#2118,#2119);
#1858=AXIS2_PLACEMENT_3D('',#2661,#2121,#2122);
#1859=AXIS2_PLACEMENT_3D('',#2665,#2124,#2125);
#1860=AXIS2_PLACEMENT_3D('',#2667,#2127,#2128);
#1861=AXIS2_PLACEMENT_3D('',#2669,#2129,#2130);
#1862=AXIS2_PLACEMENT_3D('',#2672,#2132,#2133);
#1863=AXIS2_PLACEMENT_3D('',#2673,#2134,#2135);
#1864=AXIS2_PLACEMENT_3D('',#2675,#2136,#2137);
#1865=AXIS2_PLACEMENT_3D('',#2676,#2138,#2139);
#1866=AXIS2_PLACEMENT_3D('',#2680,#2141,#2142);
#1867=AXIS2_PLACEMENT_3D('',#2681,#2143,#2144);
#1868=AXIS2_PLACEMENT_3D('',#2686,#2147,#2148);
#1869=AXIS2_PLACEMENT_3D('',#2688,#2150,#2151);
#1870=AXIS2_PLACEMENT_3D('',#2689,#2152,#2153);
#1871=AXIS2_PLACEMENT_3D('',#2691,#2154,#2155);
#1872=AXIS2_PLACEMENT_3D('',#2692,#2156,#2157);
#1873=AXIS2_PLACEMENT_3D('',#2694,#2159,#2160);
#1874=AXIS2_PLACEMENT_3D('',#2696,#2161,#2162);
#1875=AXIS2_PLACEMENT_3D('',#2699,#2164,#2165);
#1876=AXIS2_PLACEMENT_3D('',#2700,#2166,#2167);
#1877=AXIS2_PLACEMENT_3D('',#2702,#2168,#2169);
#1878=AXIS2_PLACEMENT_3D('',#2703,#2170,#2171);
#1879=AXIS2_PLACEMENT_3D('',#2712,#2177,#2178);
#1880=AXIS2_PLACEMENT_3D('',#2721,#2184,#2185);
#1881=AXIS2_PLACEMENT_3D('',#2725,#2187,#2188);
#1882=AXIS2_PLACEMENT_3D('',#2729,#2190,#2191);
#1883=AXIS2_PLACEMENT_3D('',#2732,#2193,#2194);
#1884=AXIS2_PLACEMENT_3D('',#2733,#2195,#2196);
#1885=AXIS2_PLACEMENT_3D('',#2736,#2198,#2199);
#1886=AXIS2_PLACEMENT_3D('',#2737,#2200,#2201);
#1887=AXIS2_PLACEMENT_3D('',#2740,#2203,#2204);
#1888=AXIS2_PLACEMENT_3D('',#2741,#2205,#2206);
#1889=AXIS2_PLACEMENT_3D('',#2745,#2208,#2209);
#1890=AXIS2_PLACEMENT_3D('',#2749,#2211,#2212);
#1891=AXIS2_PLACEMENT_3D('',#2752,#2214,#2215);
#1892=AXIS2_PLACEMENT_3D('',#2753,#2216,#2217);
#1893=AXIS2_PLACEMENT_3D('',#2764,#2224,#2225);
#1894=AXIS2_PLACEMENT_3D('',#2768,#2228,#2229);
#1895=AXIS2_PLACEMENT_3D('',#2770,#2231,#2232);
#1896=AXIS2_PLACEMENT_3D('',#2795,#2245,#2246);
#1897=AXIS2_PLACEMENT_3D('',#2796,#2247,#2248);
#1898=AXIS2_PLACEMENT_3D('',#2805,#2253,#2254);
#1899=AXIS2_PLACEMENT_3D('',#2812,#2259,#2260);
#1900=AXIS2_PLACEMENT_3D('',#2820,#2266,#2267);
#1901=AXIS2_PLACEMENT_3D('',#2821,#2268,#2269);
#1902=AXIS2_PLACEMENT_3D('',#2825,#2273,#2274);
#1903=AXIS2_PLACEMENT_3D('',#2836,#2281,#2282);
#1904=AXIS2_PLACEMENT_3D('',#2838,#2284,#2285);
#1905=AXIS2_PLACEMENT_3D('',#2839,#2286,#2287);
#1906=AXIS2_PLACEMENT_3D('',#2841,#2289,#2290);
#1907=AXIS2_PLACEMENT_3D('',#2843,#2292,#2293);
#1908=AXIS2_PLACEMENT_3D('',#2847,#2296,#2297);
#1909=AXIS2_PLACEMENT_3D('',#2851,#2300,#2301);
#1910=AXIS2_PLACEMENT_3D('',#2853,#2303,#2304);
#1911=AXIS2_PLACEMENT_3D('',#2856,#2306,#2307);
#1912=AXIS2_PLACEMENT_3D('',#2857,#2308,#2309);
#1913=AXIS2_PLACEMENT_3D('',#2860,#2311,#2312);
#1914=AXIS2_PLACEMENT_3D('',#2861,#2313,#2314);
#1915=AXIS2_PLACEMENT_3D('',#2864,#2317,#2318);
#1916=AXIS2_PLACEMENT_3D('',#2865,#2319,#2320);
#1917=AXIS2_PLACEMENT_3D('',#2867,#2321,#2322);
#1918=AXIS2_PLACEMENT_3D('',#2868,#2323,#2324);
#1919=AXIS2_PLACEMENT_3D('',#2870,#2325,#2326);
#1920=AXIS2_PLACEMENT_3D('',#2872,#2328,#2329);
#1921=AXIS2_PLACEMENT_3D('',#2874,#2331,#2332);
#1922=AXIS2_PLACEMENT_3D('',#2876,#2334,#2335);
#1923=AXIS2_PLACEMENT_3D('',#2878,#2337,#2338);
#1924=AXIS2_PLACEMENT_3D('',#2881,#2341,#2342);
#1925=AXIS2_PLACEMENT_3D('',#2882,#2343,#2344);
#1926=AXIS2_PLACEMENT_3D('',#2883,#2345,#2346);
#1927=AXIS2_PLACEMENT_3D('',#2885,#2348,#2349);
#1928=AXIS2_PLACEMENT_3D('',#2886,#2350,#2351);
#1929=AXIS2_PLACEMENT_3D('',#2887,#2352,#2353);
#1930=AXIS2_PLACEMENT_3D('',#2891,#2356,#2357);
#1931=AXIS2_PLACEMENT_3D('',#2895,#2360,#2361);
#1932=AXIS2_PLACEMENT_3D('',#2897,#2363,#2364);
#1933=AXIS2_PLACEMENT_3D('',#2898,#2365,#2366);
#1934=AXIS2_PLACEMENT_3D('',#2900,#2368,#2369);
#1935=AXIS2_PLACEMENT_3D('',#2902,#2371,#2372);
#1936=AXIS2_PLACEMENT_3D('',#2904,#2374,#2375);
#1937=AXIS2_PLACEMENT_3D('',#2906,#2376,#2377);
#1938=AXIS2_PLACEMENT_3D('',#2909,#2379,#2380);
#1939=AXIS2_PLACEMENT_3D('',#2910,#2381,#2382);
#1940=AXIS2_PLACEMENT_3D('',#2912,#2383,#2384);
#1941=AXIS2_PLACEMENT_3D('',#2915,#2386,#2387);
#1942=AXIS2_PLACEMENT_3D('',#2916,#2388,#2389);
#1943=AXIS2_PLACEMENT_3D('',#2918,#2390,#2391);
#1944=AXIS2_PLACEMENT_3D('',#2921,#2393,#2394);
#1945=AXIS2_PLACEMENT_3D('',#2922,#2395,#2396);
#1946=AXIS2_PLACEMENT_3D('',#2924,#2397,#2398);
#1947=AXIS2_PLACEMENT_3D('',#2927,#2400,#2401);
#1948=AXIS2_PLACEMENT_3D('',#2928,#2402,#2403);
#1949=AXIS2_PLACEMENT_3D('',#2930,#2404,#2405);
#1950=AXIS2_PLACEMENT_3D('',#2933,#2407,#2408);
#1951=AXIS2_PLACEMENT_3D('',#2934,#2409,#2410);
#1952=AXIS2_PLACEMENT_3D('',#2936,#2411,#2412);
#1953=AXIS2_PLACEMENT_3D('',#2939,#2414,#2415);
#1954=AXIS2_PLACEMENT_3D('',#2940,#2416,#2417);
#1955=AXIS2_PLACEMENT_3D('',#2941,#2418,#2419);
#1956=AXIS2_PLACEMENT_3D('',#2944,#2422,#2423);
#1957=AXIS2_PLACEMENT_3D('',#2946,#2425,#2426);
#1958=AXIS2_PLACEMENT_3D('',#2948,#2428,#2429);
#1959=AXIS2_PLACEMENT_3D('',#2949,#2430,#2431);
#1960=AXIS2_PLACEMENT_3D('',#2950,#2432,#2433);
#1961=AXIS2_PLACEMENT_3D('',#2952,#2435,#2436);
#1962=AXIS2_PLACEMENT_3D('',#2954,#2438,#2439);
#1963=AXIS2_PLACEMENT_3D('',#2956,#2441,#2442);
#1964=AXIS2_PLACEMENT_3D('',#2958,#2444,#2445);
#1965=DIRECTION('axis',(0.,0.,1.));
#1966=DIRECTION('refdir',(1.,0.,0.));
#1967=DIRECTION('center_axis',(0.,0.,1.));
#1968=DIRECTION('ref_axis',(1.,0.,0.));
#1969=DIRECTION('',(0.,-1.,0.));
#1970=DIRECTION('',(1.,0.,0.));
#1971=DIRECTION('',(0.,-1.,0.));
#1972=DIRECTION('',(-1.,0.,0.));
#1973=DIRECTION('center_axis',(-1.,0.,0.));
#1974=DIRECTION('ref_axis',(0.,-1.,0.));
#1975=DIRECTION('',(0.,0.,1.));
#1976=DIRECTION('',(0.,-1.,0.));
#1977=DIRECTION('',(0.,0.,1.));
#1978=DIRECTION('center_axis',(1.,0.,0.));
#1979=DIRECTION('ref_axis',(0.,6.16297582203915E-33,-1.));
#1980=DIRECTION('',(1.,0.,0.));
#1981=DIRECTION('center_axis',(1.,0.,0.));
#1982=DIRECTION('ref_axis',(0.,6.16297582203915E-33,-1.));
#1983=DIRECTION('',(-1.,0.,0.));
#1984=DIRECTION('center_axis',(-1.,0.,0.));
#1985=DIRECTION('ref_axis',(0.,6.16297582203915E-33,-1.));
#1986=DIRECTION('center_axis',(1.,0.,0.));
#1987=DIRECTION('ref_axis',(0.,-1.01064309961486E-15,1.));
#1988=DIRECTION('',(1.,0.,0.));
#1989=DIRECTION('center_axis',(1.,0.,0.));
#1990=DIRECTION('ref_axis',(0.,6.16297582203915E-33,-1.));
#1991=DIRECTION('',(-1.,0.,0.));
#1992=DIRECTION('center_axis',(-1.,0.,0.));
#1993=DIRECTION('ref_axis',(0.,6.16297582203915E-33,-1.));
#1994=DIRECTION('center_axis',(1.,0.,0.));
#1995=DIRECTION('ref_axis',(0.,6.16297582203915E-33,-1.));
#1996=DIRECTION('',(-1.,0.,0.));
#1997=DIRECTION('center_axis',(-1.,0.,0.));
#1998=DIRECTION('ref_axis',(0.,6.16297582203915E-33,-1.));
#1999=DIRECTION('',(1.,0.,0.));
#2000=DIRECTION('center_axis',(1.,0.,0.));
#2001=DIRECTION('ref_axis',(0.,6.16297582203915E-33,-1.));
#2002=DIRECTION('center_axis',(-1.,0.,0.));
#2003=DIRECTION('ref_axis',(0.,-1.,0.));
#2004=DIRECTION('',(0.,0.,-1.));
#2005=DIRECTION('',(0.,1.,0.));
#2006=DIRECTION('',(0.,0.,1.));
#2007=DIRECTION('center_axis',(0.,-1.,0.));
#2008=DIRECTION('ref_axis',(1.,0.,0.));
#2009=DIRECTION('',(0.,0.,1.));
#2010=DIRECTION('',(1.,0.,0.));
#2011=DIRECTION('',(0.,0.,1.));
#2012=DIRECTION('',(1.,0.,0.));
#2013=DIRECTION('',(0.,0.,-1.));
#2014=DIRECTION('',(1.,0.,0.));
#2015=DIRECTION('',(0.,0.,-1.));
#2016=DIRECTION('',(1.,0.,0.));
#2017=DIRECTION('',(0.,0.,1.));
#2018=DIRECTION('',(1.,0.,0.));
#2019=DIRECTION('',(0.,0.,1.));
#2020=DIRECTION('',(1.,0.,0.));
#2021=DIRECTION('',(0.,0.,1.));
#2022=DIRECTION('',(1.,0.,0.));
#2023=DIRECTION('',(0.,0.,1.));
#2024=DIRECTION('',(1.,0.,0.));
#2025=DIRECTION('',(0.,0.,1.));
#2026=DIRECTION('',(1.,0.,0.));
#2027=DIRECTION('',(0.,0.,1.));
#2028=DIRECTION('center_axis',(0.,1.,0.));
#2029=DIRECTION('ref_axis',(-1.,0.,0.));
#2030=DIRECTION('',(0.,0.,-1.));
#2031=DIRECTION('',(0.,0.,-1.));
#2032=DIRECTION('',(-1.,0.,0.));
#2033=DIRECTION('',(0.,0.,1.));
#2034=DIRECTION('',(-1.,0.,0.));
#2035=DIRECTION('',(0.,0.,1.));
#2036=DIRECTION('',(-1.,0.,0.));
#2037=DIRECTION('',(0.,0.,1.));
#2038=DIRECTION('',(-1.,0.,0.));
#2039=DIRECTION('',(0.,0.,1.));
#2040=DIRECTION('',(-1.,0.,0.));
#2041=DIRECTION('',(0.,0.,1.));
#2042=DIRECTION('',(-1.,0.,0.));
#2043=DIRECTION('',(0.,0.,1.));
#2044=DIRECTION('',(-1.,0.,0.));
#2045=DIRECTION('',(0.,0.,1.));
#2046=DIRECTION('',(-1.,0.,0.));
#2047=DIRECTION('',(0.,0.,1.));
#2048=DIRECTION('',(-1.,0.,0.));
#2049=DIRECTION('center_axis',(-1.,0.,0.));
#2050=DIRECTION('ref_axis',(0.,-1.,0.));
#2051=DIRECTION('',(0.,-1.,0.));
#2052=DIRECTION('center_axis',(0.,-1.,0.));
#2053=DIRECTION('ref_axis',(1.,0.,0.));
#2054=DIRECTION('',(-1.,0.,0.));
#2055=DIRECTION('',(0.,0.,1.));
#2056=DIRECTION('',(1.,0.,0.));
#2057=DIRECTION('',(0.,0.,-1.));
#2058=DIRECTION('',(1.,0.,0.));
#2059=DIRECTION('',(0.,0.,1.));
#2060=DIRECTION('center_axis',(-1.,0.,0.));
#2061=DIRECTION('ref_axis',(0.,-1.,0.));
#2062=DIRECTION('',(0.,1.,0.));
#2063=DIRECTION('',(0.,-1.,0.));
#2064=DIRECTION('',(0.,0.,1.));
#2065=DIRECTION('',(0.,-1.,0.));
#2066=DIRECTION('',(0.,0.,-1.));
#2067=DIRECTION('',(0.,-1.,0.));
#2068=DIRECTION('',(0.,0.,1.));
#2069=DIRECTION('center_axis',(0.,1.,0.));
#2070=DIRECTION('ref_axis',(-1.,0.,0.));
#2071=DIRECTION('',(1.,0.,0.));
#2072=DIRECTION('',(-1.,0.,0.));
#2073=DIRECTION('',(0.,0.,1.));
#2074=DIRECTION('',(-1.,0.,0.));
#2075=DIRECTION('',(0.,0.,1.));
#2076=DIRECTION('center_axis',(1.,0.,0.));
#2077=DIRECTION('ref_axis',(0.,1.,0.));
#2078=DIRECTION('',(0.,-1.,0.));
#2079=DIRECTION('',(0.,1.,0.));
#2080=DIRECTION('center_axis',(0.,0.,1.));
#2081=DIRECTION('ref_axis',(1.,0.,0.));
#2082=DIRECTION('center_axis',(0.,0.,1.));
#2083=DIRECTION('ref_axis',(1.,0.,0.));
#2084=DIRECTION('center_axis',(0.,0.,-1.));
#2085=DIRECTION('ref_axis',(1.,0.,0.));
#2086=DIRECTION('center_axis',(0.,0.,1.));
#2087=DIRECTION('ref_axis',(1.,0.,0.));
#2088=DIRECTION('center_axis',(0.,0.,1.));
#2089=DIRECTION('ref_axis',(1.,0.,0.));
#2090=DIRECTION('',(0.,1.,0.));
#2091=DIRECTION('',(1.,0.,0.));
#2092=DIRECTION('',(0.,-1.,0.));
#2093=DIRECTION('',(-1.,0.,0.));
#2094=DIRECTION('',(0.,1.,0.));
#2095=DIRECTION('',(0.,-1.,0.));
#2096=DIRECTION('',(0.,1.,0.));
#2097=DIRECTION('',(1.,0.,0.));
#2098=DIRECTION('',(0.,-1.,0.));
#2099=DIRECTION('',(-1.,0.,0.));
#2100=DIRECTION('',(0.,1.,0.));
#2101=DIRECTION('center_axis',(0.,0.,1.));
#2102=DIRECTION('ref_axis',(1.,0.,0.));
#2103=DIRECTION('center_axis',(0.,0.,1.));
#2104=DIRECTION('ref_axis',(1.,0.,0.));
#2105=DIRECTION('',(1.,0.,0.));
#2106=DIRECTION('',(0.,1.,0.));
#2107=DIRECTION('',(-1.,0.,0.));
#2108=DIRECTION('',(0.,-1.,0.));
#2109=DIRECTION('center_axis',(0.,0.,1.));
#2110=DIRECTION('ref_axis',(1.,0.,0.));
#2111=DIRECTION('center_axis',(0.,0.,1.));
#2112=DIRECTION('ref_axis',(1.,0.,0.));
#2113=DIRECTION('',(1.,0.,0.));
#2114=DIRECTION('',(-8.84639860259089E-17,-1.,0.));
#2115=DIRECTION('',(-1.,0.,0.));
#2116=DIRECTION('center_axis',(0.,0.,1.));
#2117=DIRECTION('ref_axis',(1.,0.,0.));
#2118=DIRECTION('center_axis',(0.,0.,1.));
#2119=DIRECTION('ref_axis',(-0.949045458005833,0.315139205175267,0.));
#2120=DIRECTION('',(0.,0.,1.));
#2121=DIRECTION('center_axis',(0.,0.,-1.));
#2122=DIRECTION('ref_axis',(1.,0.,0.));
#2123=DIRECTION('',(0.,0.,1.));
#2124=DIRECTION('center_axis',(0.,0.,1.));
#2125=DIRECTION('ref_axis',(1.,0.,0.));
#2126=DIRECTION('',(0.,0.,-1.));
#2127=DIRECTION('center_axis',(0.,0.,1.));
#2128=DIRECTION('ref_axis',(1.,0.,0.));
#2129=DIRECTION('center_axis',(0.,0.,1.));
#2130=DIRECTION('ref_axis',(1.,0.,0.));
#2131=DIRECTION('',(0.,0.,1.));
#2132=DIRECTION('center_axis',(0.,0.,1.));
#2133=DIRECTION('ref_axis',(1.,0.,0.));
#2134=DIRECTION('center_axis',(0.,0.,1.));
#2135=DIRECTION('ref_axis',(1.,0.,0.));
#2136=DIRECTION('center_axis',(0.,0.,-1.));
#2137=DIRECTION('ref_axis',(1.,0.,0.));
#2138=DIRECTION('center_axis',(0.,0.,1.));
#2139=DIRECTION('ref_axis',(1.,0.,0.));
#2140=DIRECTION('',(1.,0.,0.));
#2141=DIRECTION('center_axis',(0.,0.,1.));
#2142=DIRECTION('ref_axis',(1.,0.,0.));
#2143=DIRECTION('center_axis',(0.,0.,1.));
#2144=DIRECTION('ref_axis',(-0.949045458005833,-0.315139205175267,0.));
#2145=DIRECTION('',(0.,0.,1.));
#2146=DIRECTION('',(0.,0.,-1.));
#2147=DIRECTION('center_axis',(0.,0.,-1.));
#2148=DIRECTION('ref_axis',(1.,0.,0.));
#2149=DIRECTION('',(0.,0.,-1.));
#2150=DIRECTION('center_axis',(0.,0.,1.));
#2151=DIRECTION('ref_axis',(1.,0.,0.));
#2152=DIRECTION('center_axis',(0.,0.,1.));
#2153=DIRECTION('ref_axis',(1.,0.,0.));
#2154=DIRECTION('center_axis',(0.,0.,-1.));
#2155=DIRECTION('ref_axis',(1.,0.,0.));
#2156=DIRECTION('center_axis',(0.,0.,1.));
#2157=DIRECTION('ref_axis',(1.,0.,0.));
#2158=DIRECTION('',(-1.,0.,0.));
#2159=DIRECTION('center_axis',(0.,0.,1.));
#2160=DIRECTION('ref_axis',(1.,0.,0.));
#2161=DIRECTION('center_axis',(0.,0.,1.));
#2162=DIRECTION('ref_axis',(1.,0.,0.));
#2163=DIRECTION('',(0.,0.,1.));
#2164=DIRECTION('center_axis',(0.,0.,1.));
#2165=DIRECTION('ref_axis',(1.,0.,0.));
#2166=DIRECTION('center_axis',(0.,0.,1.));
#2167=DIRECTION('ref_axis',(1.,0.,0.));
#2168=DIRECTION('center_axis',(0.,0.,-1.));
#2169=DIRECTION('ref_axis',(1.,0.,0.));
#2170=DIRECTION('center_axis',(0.,1.,0.));
#2171=DIRECTION('ref_axis',(-1.,0.,0.));
#2172=DIRECTION('',(0.,0.,1.));
#2173=DIRECTION('',(-1.,0.,0.));
#2174=DIRECTION('',(0.,0.,1.));
#2175=DIRECTION('',(0.,0.,-1.));
#2176=DIRECTION('',(1.,0.,0.));
#2177=DIRECTION('center_axis',(0.,-1.,0.));
#2178=DIRECTION('ref_axis',(1.,0.,0.));
#2179=DIRECTION('',(-1.,0.,0.));
#2180=DIRECTION('',(0.,0.,1.));
#2181=DIRECTION('',(0.,0.,-1.));
#2182=DIRECTION('',(1.,0.,0.));
#2183=DIRECTION('',(0.,0.,-1.));
#2184=DIRECTION('center_axis',(0.,0.,1.));
#2185=DIRECTION('ref_axis',(1.,0.,0.));
#2186=DIRECTION('',(0.,0.,1.));
#2187=DIRECTION('center_axis',(0.,0.,-1.));
#2188=DIRECTION('ref_axis',(1.,0.,0.));
#2189=DIRECTION('',(0.,0.,1.));
#2190=DIRECTION('center_axis',(0.,0.,-1.));
#2191=DIRECTION('ref_axis',(1.,0.,0.));
#2192=DIRECTION('',(0.,0.,-1.));
#2193=DIRECTION('center_axis',(0.,0.,-1.));
#2194=DIRECTION('ref_axis',(1.,0.,0.));
#2195=DIRECTION('center_axis',(0.,0.,1.));
#2196=DIRECTION('ref_axis',(1.,0.,0.));
#2197=DIRECTION('',(0.,0.,1.));
#2198=DIRECTION('center_axis',(0.,0.,-1.));
#2199=DIRECTION('ref_axis',(1.,0.,0.));
#2200=DIRECTION('center_axis',(0.,0.,1.));
#2201=DIRECTION('ref_axis',(1.,0.,0.));
#2202=DIRECTION('',(0.,0.,1.));
#2203=DIRECTION('center_axis',(0.,0.,-1.));
#2204=DIRECTION('ref_axis',(1.,0.,0.));
#2205=DIRECTION('center_axis',(0.,0.,1.));
#2206=DIRECTION('ref_axis',(1.,0.,0.));
#2207=DIRECTION('',(0.,0.,1.));
#2208=DIRECTION('center_axis',(0.,0.,-1.));
#2209=DIRECTION('ref_axis',(1.,0.,0.));
#2210=DIRECTION('',(0.,0.,1.));
#2211=DIRECTION('center_axis',(0.,0.,-1.));
#2212=DIRECTION('ref_axis',(1.,0.,0.));
#2213=DIRECTION('',(0.,0.,-1.));
#2214=DIRECTION('center_axis',(0.,0.,-1.));
#2215=DIRECTION('ref_axis',(1.,0.,0.));
#2216=DIRECTION('center_axis',(0.,0.,1.));
#2217=DIRECTION('ref_axis',(1.,0.,0.));
#2218=DIRECTION('',(0.,-1.,0.));
#2219=DIRECTION('',(0.,-1.,0.));
#2220=DIRECTION('',(1.,0.,0.));
#2221=DIRECTION('',(1.42793958151146E-16,-1.,0.));
#2222=DIRECTION('',(-1.,0.,0.));
#2223=DIRECTION('',(0.,-1.,0.));
#2224=DIRECTION('center_axis',(-1.,0.,0.));
#2225=DIRECTION('ref_axis',(0.,-1.,0.));
#2226=DIRECTION('',(0.,1.,0.));
#2227=DIRECTION('',(0.,0.,1.));
#2228=DIRECTION('center_axis',(-1.,0.,0.));
#2229=DIRECTION('ref_axis',(0.,-1.,0.));
#2230=DIRECTION('',(0.,1.,0.));
#2231=DIRECTION('center_axis',(0.,0.,-1.));
#2232=DIRECTION('ref_axis',(-1.,0.,0.));
#2233=DIRECTION('',(0.,1.,0.));
#2234=DIRECTION('',(1.,0.,0.));
#2235=DIRECTION('',(-1.75529331956546E-16,1.,0.));
#2236=DIRECTION('',(-1.,0.,0.));
#2237=DIRECTION('',(0.,-1.,0.));
#2238=DIRECTION('',(1.,0.,0.));
#2239=DIRECTION('',(-1.75529331956546E-16,1.,0.));
#2240=DIRECTION('',(-1.,0.,0.));
#2241=DIRECTION('',(-1.,0.,0.));
#2242=DIRECTION('',(0.,1.,0.));
#2243=DIRECTION('',(1.,0.,0.));
#2244=DIRECTION('',(0.,-1.,0.));
#2245=DIRECTION('center_axis',(0.,0.,-1.));
#2246=DIRECTION('ref_axis',(1.,0.,0.));
#2247=DIRECTION('center_axis',(1.,0.,0.));
#2248=DIRECTION('ref_axis',(0.,1.,0.));
#2249=DIRECTION('',(0.,1.,0.));
#2250=DIRECTION('',(0.,0.,1.));
#2251=DIRECTION('',(0.,-1.,0.));
#2252=DIRECTION('',(0.,0.,1.));
#2253=DIRECTION('center_axis',(0.,-1.,0.));
#2254=DIRECTION('ref_axis',(1.,0.,0.));
#2255=DIRECTION('',(0.,0.,1.));
#2256=DIRECTION('',(0.,0.,-1.));
#2257=DIRECTION('',(-1.,0.,0.));
#2258=DIRECTION('',(1.,0.,0.));
#2259=DIRECTION('center_axis',(0.,1.,0.));
#2260=DIRECTION('ref_axis',(-1.,0.,0.));
#2261=DIRECTION('',(0.,0.,-1.));
#2262=DIRECTION('',(-1.,0.,0.));
#2263=DIRECTION('',(1.,0.,0.));
#2264=DIRECTION('',(0.,0.,1.));
#2265=DIRECTION('',(0.,0.,1.));
#2266=DIRECTION('center_axis',(-1.,0.,0.));
#2267=DIRECTION('ref_axis',(0.,-1.,0.));
#2268=DIRECTION('center_axis',(0.,0.,1.));
#2269=DIRECTION('ref_axis',(1.,0.,0.));
#2270=DIRECTION('',(1.42793958151146E-16,-1.,0.));
#2271=DIRECTION('',(0.,1.,0.));
#2272=DIRECTION('',(1.42793958151146E-16,-1.,0.));
#2273=DIRECTION('center_axis',(0.,0.,1.));
#2274=DIRECTION('ref_axis',(1.,0.,0.));
#2275=DIRECTION('',(0.,1.,0.));
#2276=DIRECTION('',(1.75529331956546E-16,-1.,0.));
#2277=DIRECTION('',(-1.,0.,0.));
#2278=DIRECTION('',(0.,1.,0.));
#2279=DIRECTION('',(1.,0.,0.));
#2280=DIRECTION('',(1.75529331956546E-16,-1.,0.));
#2281=DIRECTION('center_axis',(1.,1.75529331956546E-16,0.));
#2282=DIRECTION('ref_axis',(-1.75529331956546E-16,1.,0.));
#2283=DIRECTION('',(0.,0.,1.));
#2284=DIRECTION('center_axis',(1.,0.,0.));
#2285=DIRECTION('ref_axis',(0.,1.,0.));
#2286=DIRECTION('center_axis',(1.,1.42793958151146E-16,0.));
#2287=DIRECTION('ref_axis',(-1.42793958151146E-16,1.,0.));
#2288=DIRECTION('',(-1.42793958151146E-16,1.,0.));
#2289=DIRECTION('center_axis',(0.,0.,1.));
#2290=DIRECTION('ref_axis',(1.,0.,0.));
#2291=DIRECTION('',(0.,0.,1.));
#2292=DIRECTION('center_axis',(-1.,0.,0.));
#2293=DIRECTION('ref_axis',(0.,-1.,0.));
#2294=DIRECTION('',(0.,0.,1.));
#2295=DIRECTION('',(0.,-1.,0.));
#2296=DIRECTION('center_axis',(0.,-1.,0.));
#2297=DIRECTION('ref_axis',(1.,0.,0.));
#2298=DIRECTION('',(0.,0.,1.));
#2299=DIRECTION('',(1.,0.,0.));
#2300=DIRECTION('center_axis',(1.,0.,0.));
#2301=DIRECTION('ref_axis',(0.,1.,0.));
#2302=DIRECTION('',(0.,1.,0.));
#2303=DIRECTION('center_axis',(1.,0.,0.));
#2304=DIRECTION('ref_axis',(0.,0.,-1.));
#2305=DIRECTION('',(0.,-1.,0.));
#2306=DIRECTION('center_axis',(-1.,0.,0.));
#2307=DIRECTION('ref_axis',(0.,0.,-1.));
#2308=DIRECTION('center_axis',(1.,0.,0.));
#2309=DIRECTION('ref_axis',(0.,0.,-1.));
#2310=DIRECTION('',(1.,0.,0.));
#2311=DIRECTION('center_axis',(1.,0.,0.));
#2312=DIRECTION('ref_axis',(0.,0.,-1.));
#2313=DIRECTION('center_axis',(0.,0.,1.));
#2314=DIRECTION('ref_axis',(1.,0.,0.));
#2315=DIRECTION('',(0.,-1.,0.));
#2316=DIRECTION('',(0.,-1.,0.));
#2317=DIRECTION('center_axis',(-1.,0.,0.));
#2318=DIRECTION('ref_axis',(0.,-1.,0.));
#2319=DIRECTION('center_axis',(-1.,0.,0.));
#2320=DIRECTION('ref_axis',(0.,-1.,0.));
#2321=DIRECTION('center_axis',(-1.,0.,0.));
#2322=DIRECTION('ref_axis',(0.,0.,-1.));
#2323=DIRECTION('center_axis',(1.,0.,0.));
#2324=DIRECTION('ref_axis',(0.,0.,-1.));
#2325=DIRECTION('center_axis',(1.,0.,0.));
#2326=DIRECTION('ref_axis',(0.,0.,-1.));
#2327=DIRECTION('',(1.,0.,0.));
#2328=DIRECTION('center_axis',(1.,0.,0.));
#2329=DIRECTION('ref_axis',(0.,1.,0.));
#2330=DIRECTION('',(0.,1.,0.));
#2331=DIRECTION('center_axis',(1.,0.,0.));
#2332=DIRECTION('ref_axis',(0.,1.,0.));
#2333=DIRECTION('',(0.,1.,0.));
#2334=DIRECTION('center_axis',(0.,0.,1.));
#2335=DIRECTION('ref_axis',(1.,0.,0.));
#2336=DIRECTION('',(0.,1.,0.));
#2337=DIRECTION('center_axis',(1.,0.,0.));
#2338=DIRECTION('ref_axis',(0.,1.,0.));
#2339=DIRECTION('',(0.,-1.,0.));
#2340=DIRECTION('',(0.,1.,0.));
#2341=DIRECTION('center_axis',(0.,0.,1.));
#2342=DIRECTION('ref_axis',(1.,0.,0.));
#2343=DIRECTION('center_axis',(-1.,0.,0.));
#2344=DIRECTION('ref_axis',(0.,-1.,0.));
#2345=DIRECTION('center_axis',(1.,0.,0.));
#2346=DIRECTION('ref_axis',(0.,1.,0.));
#2347=DIRECTION('',(0.,1.,0.));
#2348=DIRECTION('center_axis',(0.,0.,1.));
#2349=DIRECTION('ref_axis',(1.,0.,0.));
#2350=DIRECTION('center_axis',(0.,0.,1.));
#2351=DIRECTION('ref_axis',(1.,0.,0.));
#2352=DIRECTION('center_axis',(-1.,0.,0.));
#2353=DIRECTION('ref_axis',(0.,-1.,0.));
#2354=DIRECTION('',(0.,-1.,0.));
#2355=DIRECTION('',(0.,0.,1.));
#2356=DIRECTION('center_axis',(0.,1.,0.));
#2357=DIRECTION('ref_axis',(-1.,0.,0.));
#2358=DIRECTION('',(-1.,0.,0.));
#2359=DIRECTION('',(0.,0.,1.));
#2360=DIRECTION('center_axis',(1.,0.,0.));
#2361=DIRECTION('ref_axis',(0.,1.,0.));
#2362=DIRECTION('',(0.,1.,0.));
#2363=DIRECTION('center_axis',(0.,0.,1.));
#2364=DIRECTION('ref_axis',(1.,0.,0.));
#2365=DIRECTION('center_axis',(0.,-1.,0.));
#2366=DIRECTION('ref_axis',(1.,0.,0.));
#2367=DIRECTION('',(0.,0.,1.));
#2368=DIRECTION('center_axis',(1.,1.75529331956546E-16,0.));
#2369=DIRECTION('ref_axis',(-1.75529331956546E-16,1.,0.));
#2370=DIRECTION('',(0.,0.,1.));
#2371=DIRECTION('center_axis',(0.,1.,0.));
#2372=DIRECTION('ref_axis',(-1.,0.,0.));
#2373=DIRECTION('',(0.,0.,1.));
#2374=DIRECTION('center_axis',(1.,0.,0.));
#2375=DIRECTION('ref_axis',(0.,0.,-1.));
#2376=DIRECTION('center_axis',(1.,0.,0.));
#2377=DIRECTION('ref_axis',(0.,0.,-1.));
#2378=DIRECTION('',(1.,0.,0.));
#2379=DIRECTION('center_axis',(-1.,0.,0.));
#2380=DIRECTION('ref_axis',(0.,0.,-1.));
#2381=DIRECTION('center_axis',(1.,0.,0.));
#2382=DIRECTION('ref_axis',(0.,0.,-1.));
#2383=DIRECTION('center_axis',(1.,0.,0.));
#2384=DIRECTION('ref_axis',(0.,0.,-1.));
#2385=DIRECTION('',(1.,0.,0.));
#2386=DIRECTION('center_axis',(-1.,0.,0.));
#2387=DIRECTION('ref_axis',(0.,0.,-1.));
#2388=DIRECTION('center_axis',(1.,0.,0.));
#2389=DIRECTION('ref_axis',(0.,0.,-1.));
#2390=DIRECTION('center_axis',(1.,0.,0.));
#2391=DIRECTION('ref_axis',(0.,0.,-1.));
#2392=DIRECTION('',(1.,0.,0.));
#2393=DIRECTION('center_axis',(-1.,0.,0.));
#2394=DIRECTION('ref_axis',(0.,0.,-1.));
#2395=DIRECTION('center_axis',(1.,0.,0.));
#2396=DIRECTION('ref_axis',(0.,0.,-1.));
#2397=DIRECTION('center_axis',(1.,0.,0.));
#2398=DIRECTION('ref_axis',(0.,0.,-1.));
#2399=DIRECTION('',(1.,0.,0.));
#2400=DIRECTION('center_axis',(-1.,0.,0.));
#2401=DIRECTION('ref_axis',(0.,0.,-1.));
#2402=DIRECTION('center_axis',(1.,0.,0.));
#2403=DIRECTION('ref_axis',(0.,0.,-1.));
#2404=DIRECTION('center_axis',(1.,0.,0.));
#2405=DIRECTION('ref_axis',(0.,0.,-1.));
#2406=DIRECTION('',(1.,0.,0.));
#2407=DIRECTION('center_axis',(-1.,0.,0.));
#2408=DIRECTION('ref_axis',(0.,0.,-1.));
#2409=DIRECTION('center_axis',(1.,0.,0.));
#2410=DIRECTION('ref_axis',(0.,0.,-1.));
#2411=DIRECTION('center_axis',(1.,0.,0.));
#2412=DIRECTION('ref_axis',(0.,0.,-1.));
#2413=DIRECTION('',(1.,0.,0.));
#2414=DIRECTION('center_axis',(1.,0.,0.));
#2415=DIRECTION('ref_axis',(0.,0.,-1.));
#2416=DIRECTION('center_axis',(1.,0.,0.));
#2417=DIRECTION('ref_axis',(0.,0.,-1.));
#2418=DIRECTION('center_axis',(0.,1.,0.));
#2419=DIRECTION('ref_axis',(1.,0.,0.));
#2420=DIRECTION('',(0.,0.,-1.));
#2421=DIRECTION('',(0.,0.,-1.));
#2422=DIRECTION('center_axis',(1.,0.,0.));
#2423=DIRECTION('ref_axis',(0.,-1.,0.));
#2424=DIRECTION('',(0.,0.,-1.));
#2425=DIRECTION('center_axis',(0.,-1.,0.));
#2426=DIRECTION('ref_axis',(-1.,0.,0.));
#2427=DIRECTION('',(0.,0.,-1.));
#2428=DIRECTION('center_axis',(-1.,0.,0.));
#2429=DIRECTION('ref_axis',(0.,1.,0.));
#2430=DIRECTION('center_axis',(-1.,0.,0.));
#2431=DIRECTION('ref_axis',(0.,1.,0.));
#2432=DIRECTION('center_axis',(0.,0.,1.));
#2433=DIRECTION('ref_axis',(1.,0.,0.));
#2434=DIRECTION('',(0.,1.,0.));
#2435=DIRECTION('center_axis',(0.,0.,1.));
#2436=DIRECTION('ref_axis',(1.,0.,0.));
#2437=DIRECTION('',(0.,1.,0.));
#2438=DIRECTION('center_axis',(-1.,0.,0.));
#2439=DIRECTION('ref_axis',(0.,-1.,0.));
#2440=DIRECTION('',(0.,-1.,0.));
#2441=DIRECTION('center_axis',(1.,0.,0.));
#2442=DIRECTION('ref_axis',(0.,1.,0.));
#2443=DIRECTION('',(0.,1.,0.));
#2444=DIRECTION('center_axis',(0.,0.,1.));
#2445=DIRECTION('ref_axis',(1.,0.,0.));
#2446=CARTESIAN_POINT('',(0.,0.,0.));
#2447=CARTESIAN_POINT('Origin',(-23.6,0.,278.));
#2448=CARTESIAN_POINT('',(-28.2,15.55,278.));
#2449=CARTESIAN_POINT('',(-28.2,-15.55,278.));
#2450=CARTESIAN_POINT('',(-28.2,15.55,278.));
#2451=CARTESIAN_POINT('',(-19.,-15.55,278.));
#2452=CARTESIAN_POINT('',(-28.2,-15.55,278.));
#2453=CARTESIAN_POINT('',(-19.,15.55,278.));
#2454=CARTESIAN_POINT('',(-19.,7.775,278.));
#2455=CARTESIAN_POINT('',(-19.,15.55,278.));
#2456=CARTESIAN_POINT('Origin',(-19.,15.55,264.));
#2457=CARTESIAN_POINT('',(-19.,-15.55,298.));
#2458=CARTESIAN_POINT('',(-19.,-15.55,264.));
#2459=CARTESIAN_POINT('',(-19.,15.55,298.));
#2460=CARTESIAN_POINT('',(-19.,15.55,298.));
#2461=CARTESIAN_POINT('',(-19.,15.55,264.));
#2462=CARTESIAN_POINT('Origin',(-25.2,0.,207.95));
#2463=CARTESIAN_POINT('',(-25.2,15.55,193.102525467272));
#2464=CARTESIAN_POINT('',(-22.25,15.55,193.102525467272));
#2465=CARTESIAN_POINT('',(-25.2,15.55,193.102525467272));
#2466=CARTESIAN_POINT('',(-25.2,13.2267720929938,191.));
#2467=CARTESIAN_POINT('Origin',(-25.2,0.,207.95));
#2468=CARTESIAN_POINT('',(-22.25,13.2267720929938,191.));
#2469=CARTESIAN_POINT('',(-25.2,13.2267720929938,191.));
#2470=CARTESIAN_POINT('Origin',(-22.25,0.,207.95));
#2471=CARTESIAN_POINT('Origin',(-25.2,0.,207.95));
#2472=CARTESIAN_POINT('',(-25.2,-15.55,222.797474532728));
#2473=CARTESIAN_POINT('',(-22.25,-15.55,222.797474532728));
#2474=CARTESIAN_POINT('',(-25.2,-15.55,222.797474532728));
#2475=CARTESIAN_POINT('',(-25.2,15.55,222.797474532728));
#2476=CARTESIAN_POINT('Origin',(-25.2,0.,207.95));
#2477=CARTESIAN_POINT('',(-22.25,15.55,222.797474532728));
#2478=CARTESIAN_POINT('',(-25.2,15.55,222.797474532728));
#2479=CARTESIAN_POINT('Origin',(-22.25,0.,207.95));
#2480=CARTESIAN_POINT('Origin',(-25.2,0.,207.95));
#2481=CARTESIAN_POINT('',(-22.25,-15.55,193.102525467272));
#2482=CARTESIAN_POINT('',(-25.2,-15.55,193.102525467272));
#2483=CARTESIAN_POINT('',(-25.2,-15.55,193.102525467272));
#2484=CARTESIAN_POINT('',(-22.25,-13.2267720929938,191.));
#2485=CARTESIAN_POINT('Origin',(-22.25,0.,207.95));
#2486=CARTESIAN_POINT('',(-25.2,-13.2267720929938,191.));
#2487=CARTESIAN_POINT('',(-25.2,-13.2267720929938,191.));
#2488=CARTESIAN_POINT('Origin',(-25.2,0.,207.95));
#2489=CARTESIAN_POINT('Origin',(-22.25,16.,190.));
#2490=CARTESIAN_POINT('',(-22.25,15.55,264.));
#2491=CARTESIAN_POINT('',(-22.25,15.55,190.5));
#2492=CARTESIAN_POINT('',(-22.25,-15.55,264.));
#2493=CARTESIAN_POINT('',(-22.25,7.775,264.));
#2494=CARTESIAN_POINT('',(-22.25,-15.55,190.5));
#2495=CARTESIAN_POINT('Origin',(19.8,-15.55,191.));
#2496=CARTESIAN_POINT('',(-25.2,-15.55,199.475));
#2497=CARTESIAN_POINT('',(-19.,-15.55,264.));
#2498=CARTESIAN_POINT('',(-0.2,-15.55,264.));
#2499=CARTESIAN_POINT('',(-19.,-15.55,264.01));
#2500=CARTESIAN_POINT('',(-19.,-15.55,264.));
#2501=CARTESIAN_POINT('',(-18.25,-15.55,264.01));
#2502=CARTESIAN_POINT('',(-1.9125,-15.55,264.01));
#2503=CARTESIAN_POINT('',(-18.25,-15.55,264.));
#2504=CARTESIAN_POINT('',(-18.25,-15.55,190.5));
#2505=CARTESIAN_POINT('',(-18.15,-15.55,264.));
#2506=CARTESIAN_POINT('',(-0.2,-15.55,264.));
#2507=CARTESIAN_POINT('',(-18.15,-15.55,226.));
#2508=CARTESIAN_POINT('',(-18.15,-15.55,190.5));
#2509=CARTESIAN_POINT('',(19.8,-15.55,226.));
#2510=CARTESIAN_POINT('',(-24.2,-15.55,226.));
#2511=CARTESIAN_POINT('',(19.8,-15.55,191.));
#2512=CARTESIAN_POINT('',(19.8,-15.55,191.));
#2513=CARTESIAN_POINT('',(25.8,-15.55,191.));
#2514=CARTESIAN_POINT('',(19.8,-15.55,191.));
#2515=CARTESIAN_POINT('',(25.8,-15.55,264.));
#2516=CARTESIAN_POINT('',(25.8,-15.55,191.));
#2517=CARTESIAN_POINT('',(37.15,-15.55,264.));
#2518=CARTESIAN_POINT('',(-19.,-15.55,264.));
#2519=CARTESIAN_POINT('',(37.15,-15.55,268.));
#2520=CARTESIAN_POINT('',(37.15,-15.55,264.));
#2521=CARTESIAN_POINT('',(40.3,-15.55,268.));
#2522=CARTESIAN_POINT('',(37.15,-15.55,268.));
#2523=CARTESIAN_POINT('',(40.3,-15.55,298.));
#2524=CARTESIAN_POINT('',(40.3,-15.55,268.));
#2525=CARTESIAN_POINT('',(-19.,-15.55,298.));
#2526=CARTESIAN_POINT('',(-28.2,-15.55,191.));
#2527=CARTESIAN_POINT('',(-28.2,-15.55,191.));
#2528=CARTESIAN_POINT('',(-22.25,-15.55,191.));
#2529=CARTESIAN_POINT('',(-28.2,-15.55,191.));
#2530=CARTESIAN_POINT('',(-22.25,-15.55,190.5));
#2531=CARTESIAN_POINT('Origin',(25.8,15.55,191.));
#2532=CARTESIAN_POINT('',(-25.2,15.55,199.475));
#2533=CARTESIAN_POINT('',(-22.25,15.55,191.));
#2534=CARTESIAN_POINT('',(-22.25,15.55,190.5));
#2535=CARTESIAN_POINT('',(-28.2,15.55,191.));
#2536=CARTESIAN_POINT('',(-22.2,15.55,191.));
#2537=CARTESIAN_POINT('',(-28.2,15.55,191.));
#2538=CARTESIAN_POINT('',(40.3,15.55,298.));
#2539=CARTESIAN_POINT('',(40.3,15.55,298.));
#2540=CARTESIAN_POINT('',(40.3,15.55,268.));
#2541=CARTESIAN_POINT('',(40.3,15.55,268.));
#2542=CARTESIAN_POINT('',(37.15,15.55,268.));
#2543=CARTESIAN_POINT('',(40.3,15.55,268.));
#2544=CARTESIAN_POINT('',(37.15,15.55,264.));
#2545=CARTESIAN_POINT('',(37.15,15.55,264.));
#2546=CARTESIAN_POINT('',(25.8,15.55,264.));
#2547=CARTESIAN_POINT('',(37.15,15.55,264.));
#2548=CARTESIAN_POINT('',(25.8,15.55,191.));
#2549=CARTESIAN_POINT('',(25.8,15.55,191.));
#2550=CARTESIAN_POINT('',(19.8,15.55,191.));
#2551=CARTESIAN_POINT('',(25.8,15.55,191.));
#2552=CARTESIAN_POINT('',(19.8,15.55,226.));
#2553=CARTESIAN_POINT('',(19.8,15.55,191.));
#2554=CARTESIAN_POINT('',(-18.15,15.55,226.));
#2555=CARTESIAN_POINT('',(25.8,15.55,226.));
#2556=CARTESIAN_POINT('',(-18.15,15.55,264.));
#2557=CARTESIAN_POINT('',(-18.15,15.55,190.5));
#2558=CARTESIAN_POINT('',(-18.25,15.55,264.));
#2559=CARTESIAN_POINT('',(2.8,15.55,264.));
#2560=CARTESIAN_POINT('',(-18.25,15.55,264.01));
#2561=CARTESIAN_POINT('',(-18.25,15.55,190.5));
#2562=CARTESIAN_POINT('',(-19.,15.55,264.01));
#2563=CARTESIAN_POINT('',(1.0875,15.55,264.01));
#2564=CARTESIAN_POINT('',(-19.,15.55,264.));
#2565=CARTESIAN_POINT('',(-19.,15.55,264.));
#2566=CARTESIAN_POINT('',(2.8,15.55,264.));
#2567=CARTESIAN_POINT('Origin',(-22.25,16.,190.));
#2568=CARTESIAN_POINT('',(-22.25,8.,191.));
#2569=CARTESIAN_POINT('Origin',(10.5,-11.5,263.95));
#2570=CARTESIAN_POINT('',(18.5,-11.5,268.));
#2571=CARTESIAN_POINT('',(10.5,-11.5,268.));
#2572=CARTESIAN_POINT('',(9.7875,-11.5,268.));
#2573=CARTESIAN_POINT('',(18.5,-11.5,264.));
#2574=CARTESIAN_POINT('',(18.5,-11.5,263.95));
#2575=CARTESIAN_POINT('',(11.2449944320644,-11.5,264.));
#2576=CARTESIAN_POINT('',(9.7875,-11.5,264.));
#2577=CARTESIAN_POINT('',(11.2449944320644,-11.5,265.6));
#2578=CARTESIAN_POINT('',(11.2449944320644,-11.5,263.98));
#2579=CARTESIAN_POINT('',(10.5,-11.5,265.6));
#2580=CARTESIAN_POINT('',(9.75,-11.5,265.6));
#2581=CARTESIAN_POINT('',(10.5,-11.5,263.95));
#2582=CARTESIAN_POINT('Origin',(10.5,11.5,263.95));
#2583=CARTESIAN_POINT('',(10.5,11.5,268.));
#2584=CARTESIAN_POINT('',(10.5,5.75,268.));
#2585=CARTESIAN_POINT('',(10.5,-9.25644042258373,265.6));
#2586=CARTESIAN_POINT('',(10.5,0.249999999999999,265.6));
#2587=CARTESIAN_POINT('',(10.5,-9.25644042258373,264.));
#2588=CARTESIAN_POINT('',(10.5,-9.25644042258373,263.98));
#2589=CARTESIAN_POINT('',(10.5,9.25644042258373,264.));
#2590=CARTESIAN_POINT('',(10.5,5.75,264.));
#2591=CARTESIAN_POINT('',(10.5,9.25644042258373,265.6));
#2592=CARTESIAN_POINT('',(10.5,9.25644042258373,263.98));
#2593=CARTESIAN_POINT('',(10.5,11.5,265.6));
#2594=CARTESIAN_POINT('',(10.5,11.25,265.6));
#2595=CARTESIAN_POINT('',(10.5,11.5,263.95));
#2596=CARTESIAN_POINT('Origin',(18.5,11.5,263.95));
#2597=CARTESIAN_POINT('',(18.5,11.5,268.));
#2598=CARTESIAN_POINT('',(13.7875,11.5,268.));
#2599=CARTESIAN_POINT('',(11.2449944320644,11.5,265.6));
#2600=CARTESIAN_POINT('',(13.75,11.5,265.6));
#2601=CARTESIAN_POINT('',(11.2449944320644,11.5,264.));
#2602=CARTESIAN_POINT('',(11.2449944320644,11.5,263.98));
#2603=CARTESIAN_POINT('',(18.5,11.5,264.));
#2604=CARTESIAN_POINT('',(13.7875,11.5,264.));
#2605=CARTESIAN_POINT('',(18.5,11.5,263.95));
#2606=CARTESIAN_POINT('Origin',(18.5,-11.5,263.95));
#2607=CARTESIAN_POINT('',(18.5,-5.75,268.));
#2608=CARTESIAN_POINT('',(18.5,-5.75,264.));
#2609=CARTESIAN_POINT('Origin',(9.,11.,265.6));
#2610=CARTESIAN_POINT('Origin',(9.,11.,265.6));
#2611=CARTESIAN_POINT('',(7.8,11.,265.6));
#2612=CARTESIAN_POINT('Origin',(9.,11.,265.6));
#2613=CARTESIAN_POINT('Origin',(9.075,0.,264.));
#2614=CARTESIAN_POINT('',(8.8,-13.2912878474779,264.));
#2615=CARTESIAN_POINT('Origin',(9.,-11.,264.));
#2616=CARTESIAN_POINT('',(8.8,-13.3,264.));
#2617=CARTESIAN_POINT('',(8.8,-6.65,264.));
#2618=CARTESIAN_POINT('',(3.2,-13.3,264.));
#2619=CARTESIAN_POINT('',(11.3875,-13.3,264.));
#2620=CARTESIAN_POINT('',(3.2,-12.55,264.));
#2621=CARTESIAN_POINT('',(3.2,-4.35,264.));
#2622=CARTESIAN_POINT('',(-18.15,-12.55,264.));
#2623=CARTESIAN_POINT('',(-18.2,-12.55,264.));
#2624=CARTESIAN_POINT('',(-18.15,-16.,264.));
#2625=CARTESIAN_POINT('',(-18.25,-8.5,264.));
#2626=CARTESIAN_POINT('',(-18.15,12.55,264.));
#2627=CARTESIAN_POINT('',(-18.15,-16.,264.));
#2628=CARTESIAN_POINT('',(3.2,12.55,264.));
#2629=CARTESIAN_POINT('',(19.8,12.55,264.));
#2630=CARTESIAN_POINT('',(3.2,13.3,264.));
#2631=CARTESIAN_POINT('',(3.2,6.65,264.));
#2632=CARTESIAN_POINT('',(8.8,13.3,264.));
#2633=CARTESIAN_POINT('',(14.1875,13.3,264.));
#2634=CARTESIAN_POINT('',(8.8,13.2912878474779,264.));
#2635=CARTESIAN_POINT('',(8.8,4.35,264.));
#2636=CARTESIAN_POINT('Origin',(9.,11.,264.));
#2637=CARTESIAN_POINT('',(-3.25,-3.9801020972289E-16,264.));
#2638=CARTESIAN_POINT('Origin',(0.,0.,264.));
#2639=CARTESIAN_POINT('',(-15.5,-8.,264.));
#2640=CARTESIAN_POINT('',(-12.,-8.,264.));
#2641=CARTESIAN_POINT('',(-1.4625,-8.,264.));
#2642=CARTESIAN_POINT('',(-12.,8.,264.));
#2643=CARTESIAN_POINT('',(-12.,4.,264.));
#2644=CARTESIAN_POINT('',(-15.5,8.,264.));
#2645=CARTESIAN_POINT('',(-3.2125,8.,264.));
#2646=CARTESIAN_POINT('',(-15.5,-4.,264.));
#2647=CARTESIAN_POINT('Origin',(9.075,0.,264.));
#2648=CARTESIAN_POINT('',(10.6992645467966,12.55,264.));
#2649=CARTESIAN_POINT('Origin',(9.,11.,264.));
#2650=CARTESIAN_POINT('',(19.8,12.55,264.));
#2651=CARTESIAN_POINT('',(19.8,12.55,264.));
#2652=CARTESIAN_POINT('',(19.8,-12.55,264.));
#2653=CARTESIAN_POINT('',(19.8,-12.55,264.));
#2654=CARTESIAN_POINT('',(10.6992645467966,-12.55,264.));
#2655=CARTESIAN_POINT('',(-18.2,-12.55,264.));
#2656=CARTESIAN_POINT('Origin',(9.,-11.,264.));
#2657=CARTESIAN_POINT('Origin',(9.,11.,263.98));
#2658=CARTESIAN_POINT('',(8.8,13.2912878474779,263.99));
#2659=CARTESIAN_POINT('',(8.8,13.2912878474779,263.98));
#2660=CARTESIAN_POINT('',(7.30073545320336,12.55,263.99));
#2661=CARTESIAN_POINT('Origin',(9.,11.,263.99));
#2662=CARTESIAN_POINT('',(7.30073545320336,12.55,263.98));
#2663=CARTESIAN_POINT('',(7.30073545320336,12.55,263.98));
#2664=CARTESIAN_POINT('',(10.6992645467966,12.55,263.98));
#2665=CARTESIAN_POINT('Origin',(9.,11.,263.98));
#2666=CARTESIAN_POINT('',(10.6992645467966,12.55,263.98));
#2667=CARTESIAN_POINT('Origin',(34.,11.,263.98));
#2668=CARTESIAN_POINT('',(31.7,11.,264.));
#2669=CARTESIAN_POINT('Origin',(34.,11.,264.));
#2670=CARTESIAN_POINT('',(31.7,11.,265.6));
#2671=CARTESIAN_POINT('',(31.7,11.,263.98));
#2672=CARTESIAN_POINT('Origin',(34.,11.,265.6));
#2673=CARTESIAN_POINT('Origin',(34.,11.,265.6));
#2674=CARTESIAN_POINT('',(32.8,11.,265.6));
#2675=CARTESIAN_POINT('Origin',(34.,11.,265.6));
#2676=CARTESIAN_POINT('Origin',(9.,-11.,263.98));
#2677=CARTESIAN_POINT('',(7.30073545320336,-12.55,263.98));
#2678=CARTESIAN_POINT('',(10.6992645467966,-12.55,263.98));
#2679=CARTESIAN_POINT('',(14.4,-12.55,263.98));
#2680=CARTESIAN_POINT('Origin',(9.,-11.,263.98));
#2681=CARTESIAN_POINT('Origin',(9.,-11.,263.98));
#2682=CARTESIAN_POINT('',(10.6992645467966,-12.55,263.98));
#2683=CARTESIAN_POINT('',(7.30073545320336,-12.55,263.99));
#2684=CARTESIAN_POINT('',(7.30073545320336,-12.55,263.98));
#2685=CARTESIAN_POINT('',(8.8,-13.2912878474779,263.99));
#2686=CARTESIAN_POINT('Origin',(9.,-11.,263.99));
#2687=CARTESIAN_POINT('',(8.8,-13.2912878474779,263.98));
#2688=CARTESIAN_POINT('Origin',(9.,-11.,265.6));
#2689=CARTESIAN_POINT('Origin',(9.,-11.,265.6));
#2690=CARTESIAN_POINT('',(7.8,-11.,265.6));
#2691=CARTESIAN_POINT('Origin',(9.,-11.,265.6));
#2692=CARTESIAN_POINT('Origin',(9.,11.,263.98));
#2693=CARTESIAN_POINT('',(-4.6,12.55,263.98));
#2694=CARTESIAN_POINT('Origin',(34.,-11.,263.98));
#2695=CARTESIAN_POINT('',(31.7,-11.,264.));
#2696=CARTESIAN_POINT('Origin',(34.,-11.,264.));
#2697=CARTESIAN_POINT('',(31.7,-11.,265.6));
#2698=CARTESIAN_POINT('',(31.7,-11.,263.98));
#2699=CARTESIAN_POINT('Origin',(34.,-11.,265.6));
#2700=CARTESIAN_POINT('Origin',(34.,-11.,265.6));
#2701=CARTESIAN_POINT('',(32.8,-11.,265.6));
#2702=CARTESIAN_POINT('Origin',(34.,-11.,265.6));
#2703=CARTESIAN_POINT('Origin',(19.8,-12.55,226.));
#2704=CARTESIAN_POINT('',(19.8,-12.55,226.));
#2705=CARTESIAN_POINT('',(19.8,-12.55,208.5));
#2706=CARTESIAN_POINT('',(-18.15,-12.55,226.));
#2707=CARTESIAN_POINT('',(-18.2,-12.55,226.));
#2708=CARTESIAN_POINT('',(-18.15,-12.55,208.));
#2709=CARTESIAN_POINT('',(3.2,-12.55,263.99));
#2710=CARTESIAN_POINT('',(3.2,-12.55,244.995));
#2711=CARTESIAN_POINT('',(12.9,-12.55,263.99));
#2712=CARTESIAN_POINT('Origin',(-18.2,12.55,226.));
#2713=CARTESIAN_POINT('',(3.2,12.55,263.99));
#2714=CARTESIAN_POINT('',(-6.1,12.55,263.99));
#2715=CARTESIAN_POINT('',(3.2,12.55,244.995));
#2716=CARTESIAN_POINT('',(-18.15,12.55,226.));
#2717=CARTESIAN_POINT('',(-18.15,12.55,208.));
#2718=CARTESIAN_POINT('',(19.8,12.55,226.));
#2719=CARTESIAN_POINT('',(19.8,12.55,226.));
#2720=CARTESIAN_POINT('',(19.8,12.55,208.5));
#2721=CARTESIAN_POINT('Origin',(34.,11.,265.5));
#2722=CARTESIAN_POINT('',(32.8,11.,268.));
#2723=CARTESIAN_POINT('',(32.8,11.,265.5));
#2724=CARTESIAN_POINT('',(34.15,9.80941191002093,268.));
#2725=CARTESIAN_POINT('Origin',(34.,11.,268.));
#2726=CARTESIAN_POINT('',(34.15,9.80941191002093,267.99));
#2727=CARTESIAN_POINT('',(34.15,9.80941191002093,265.5));
#2728=CARTESIAN_POINT('',(34.15,12.1905880899791,267.99));
#2729=CARTESIAN_POINT('Origin',(34.,11.,267.99));
#2730=CARTESIAN_POINT('',(34.15,12.1905880899791,268.));
#2731=CARTESIAN_POINT('',(34.15,12.1905880899791,265.5));
#2732=CARTESIAN_POINT('Origin',(34.,11.,268.));
#2733=CARTESIAN_POINT('Origin',(9.,-11.,265.5));
#2734=CARTESIAN_POINT('',(7.8,-11.,268.));
#2735=CARTESIAN_POINT('',(7.8,-11.,265.5));
#2736=CARTESIAN_POINT('Origin',(9.,-11.,268.));
#2737=CARTESIAN_POINT('Origin',(9.,11.,265.5));
#2738=CARTESIAN_POINT('',(7.8,11.,268.));
#2739=CARTESIAN_POINT('',(7.8,11.,265.5));
#2740=CARTESIAN_POINT('Origin',(9.,11.,268.));
#2741=CARTESIAN_POINT('Origin',(34.,-11.,265.5));
#2742=CARTESIAN_POINT('',(32.8,-11.,268.));
#2743=CARTESIAN_POINT('',(32.8,-11.,265.5));
#2744=CARTESIAN_POINT('',(34.15,-12.1905880899791,268.));
#2745=CARTESIAN_POINT('Origin',(34.,-11.,268.));
#2746=CARTESIAN_POINT('',(34.15,-12.1905880899791,267.99));
#2747=CARTESIAN_POINT('',(34.15,-12.1905880899791,265.5));
#2748=CARTESIAN_POINT('',(34.15,-9.80941191002093,267.99));
#2749=CARTESIAN_POINT('Origin',(34.,-11.,267.99));
#2750=CARTESIAN_POINT('',(34.15,-9.80941191002093,268.));
#2751=CARTESIAN_POINT('',(34.15,-9.80941191002093,265.5));
#2752=CARTESIAN_POINT('Origin',(34.,-11.,268.));
#2753=CARTESIAN_POINT('Origin',(35.725,0.,267.99));
#2754=CARTESIAN_POINT('',(34.15,12.55,267.99));
#2755=CARTESIAN_POINT('',(34.15,-12.55,267.99));
#2756=CARTESIAN_POINT('',(34.15,12.55,267.99));
#2757=CARTESIAN_POINT('',(37.15,-12.55,267.99));
#2758=CARTESIAN_POINT('',(34.15,-12.55,267.99));
#2759=CARTESIAN_POINT('',(37.15,12.55,267.99));
#2760=CARTESIAN_POINT('',(37.15,-7.775,267.99));
#2761=CARTESIAN_POINT('',(34.15,12.55,267.99));
#2762=CARTESIAN_POINT('',(37.3,12.55,267.99));
#2763=CARTESIAN_POINT('',(34.15,12.55,267.99));
#2764=CARTESIAN_POINT('Origin',(34.15,12.55,267.99));
#2765=CARTESIAN_POINT('',(34.15,-12.55,268.));
#2766=CARTESIAN_POINT('',(34.15,6.275,268.));
#2767=CARTESIAN_POINT('',(34.15,-12.55,267.99));
#2768=CARTESIAN_POINT('Origin',(34.15,12.55,267.99));
#2769=CARTESIAN_POINT('',(34.15,6.275,268.));
#2770=CARTESIAN_POINT('Origin',(9.075,0.,268.));
#2771=CARTESIAN_POINT('',(34.15,12.55,268.));
#2772=CARTESIAN_POINT('',(34.15,6.275,268.));
#2773=CARTESIAN_POINT('',(34.16,12.55,268.));
#2774=CARTESIAN_POINT('',(23.1875,12.55,268.));
#2775=CARTESIAN_POINT('',(34.16,12.65,268.));
#2776=CARTESIAN_POINT('',(34.16,-12.65,268.));
#2777=CARTESIAN_POINT('',(-16.,12.65,268.));
#2778=CARTESIAN_POINT('',(34.16,12.65,268.));
#2779=CARTESIAN_POINT('',(-16.,-12.65,268.));
#2780=CARTESIAN_POINT('',(-16.,12.65,268.));
#2781=CARTESIAN_POINT('',(34.16,-12.65,268.));
#2782=CARTESIAN_POINT('',(-16.,-12.65,268.));
#2783=CARTESIAN_POINT('',(34.16,-12.55,268.));
#2784=CARTESIAN_POINT('',(34.16,-12.65,268.));
#2785=CARTESIAN_POINT('',(21.6125,-12.55,268.));
#2786=CARTESIAN_POINT('',(-12.,-8.,268.));
#2787=CARTESIAN_POINT('',(-15.5,-8.,268.));
#2788=CARTESIAN_POINT('',(-1.4625,-8.,268.));
#2789=CARTESIAN_POINT('',(-15.5,8.,268.));
#2790=CARTESIAN_POINT('',(-15.5,-4.,268.));
#2791=CARTESIAN_POINT('',(-12.,8.,268.));
#2792=CARTESIAN_POINT('',(-3.2125,8.,268.));
#2793=CARTESIAN_POINT('',(-12.,4.,268.));
#2794=CARTESIAN_POINT('',(-3.25,-3.9801020972289E-16,268.));
#2795=CARTESIAN_POINT('Origin',(0.,0.,268.));
#2796=CARTESIAN_POINT('Origin',(37.3,-12.55,267.99));
#2797=CARTESIAN_POINT('',(37.3,-12.55,268.));
#2798=CARTESIAN_POINT('',(37.3,12.55,268.));
#2799=CARTESIAN_POINT('',(37.3,-6.275,268.));
#2800=CARTESIAN_POINT('',(37.3,-12.55,298.));
#2801=CARTESIAN_POINT('',(37.3,-12.55,267.99));
#2802=CARTESIAN_POINT('',(37.3,12.55,298.));
#2803=CARTESIAN_POINT('',(37.3,-6.275,298.));
#2804=CARTESIAN_POINT('',(37.3,12.55,267.99));
#2805=CARTESIAN_POINT('Origin',(34.15,-12.55,267.99));
#2806=CARTESIAN_POINT('',(37.15,-12.55,268.));
#2807=CARTESIAN_POINT('',(37.15,-12.55,265.995));
#2808=CARTESIAN_POINT('',(34.16,-12.55,298.));
#2809=CARTESIAN_POINT('',(34.16,-12.55,267.995));
#2810=CARTESIAN_POINT('',(21.6125,-12.55,298.));
#2811=CARTESIAN_POINT('',(36.4375,-12.55,268.));
#2812=CARTESIAN_POINT('Origin',(37.3,12.55,267.99));
#2813=CARTESIAN_POINT('',(37.15,12.55,268.));
#2814=CARTESIAN_POINT('',(37.15,12.55,265.995));
#2815=CARTESIAN_POINT('',(38.0125,12.55,268.));
#2816=CARTESIAN_POINT('',(34.16,12.55,298.));
#2817=CARTESIAN_POINT('',(23.1875,12.55,298.));
#2818=CARTESIAN_POINT('',(34.16,12.55,267.995));
#2819=CARTESIAN_POINT('',(34.15,12.55,267.99));
#2820=CARTESIAN_POINT('Origin',(34.15,12.55,267.99));
#2821=CARTESIAN_POINT('Origin',(38.725,0.,268.));
#2822=CARTESIAN_POINT('',(37.15,-7.775,268.));
#2823=CARTESIAN_POINT('',(40.3,-15.55,268.));
#2824=CARTESIAN_POINT('',(37.15,-7.775,268.));
#2825=CARTESIAN_POINT('Origin',(9.075,0.,298.));
#2826=CARTESIAN_POINT('',(40.3,-15.55,298.));
#2827=CARTESIAN_POINT('',(34.16,-12.65,298.));
#2828=CARTESIAN_POINT('',(34.16,-6.325,298.));
#2829=CARTESIAN_POINT('',(-16.,-12.65,298.));
#2830=CARTESIAN_POINT('',(-3.4625,-12.65,298.));
#2831=CARTESIAN_POINT('',(-16.,12.65,298.));
#2832=CARTESIAN_POINT('',(-16.,6.325,298.));
#2833=CARTESIAN_POINT('',(34.16,12.65,298.));
#2834=CARTESIAN_POINT('',(21.6175,12.65,298.));
#2835=CARTESIAN_POINT('',(34.16,-6.325,298.));
#2836=CARTESIAN_POINT('Origin',(34.16,-12.65,268.));
#2837=CARTESIAN_POINT('',(34.16,-12.65,268.));
#2838=CARTESIAN_POINT('Origin',(40.3,-15.55,268.));
#2839=CARTESIAN_POINT('Origin',(37.15,-15.55,264.));
#2840=CARTESIAN_POINT('',(37.15,-15.55,264.));
#2841=CARTESIAN_POINT('Origin',(0.,0.,263.9));
#2842=CARTESIAN_POINT('',(-3.25,-3.9801020972289E-16,263.9));
#2843=CARTESIAN_POINT('Origin',(3.2,-8.7,263.99));
#2844=CARTESIAN_POINT('',(3.2,-13.3,263.99));
#2845=CARTESIAN_POINT('',(3.2,-13.3,263.99));
#2846=CARTESIAN_POINT('',(3.2,-8.7,263.99));
#2847=CARTESIAN_POINT('Origin',(3.2,-13.3,263.99));
#2848=CARTESIAN_POINT('',(8.8,-13.3,263.99));
#2849=CARTESIAN_POINT('',(8.8,-13.3,263.99));
#2850=CARTESIAN_POINT('',(3.2,-13.3,263.99));
#2851=CARTESIAN_POINT('Origin',(8.8,-13.3,263.99));
#2852=CARTESIAN_POINT('',(8.8,-13.3,263.99));
#2853=CARTESIAN_POINT('Origin',(-25.2,-9.86076131526265E-31,207.95));
#2854=CARTESIAN_POINT('',(-25.2,-6.40795411096521E-31,191.));
#2855=CARTESIAN_POINT('',(-25.2,-9.79717439317884E-16,215.95));
#2856=CARTESIAN_POINT('Origin',(-25.2,0.,207.95));
#2857=CARTESIAN_POINT('Origin',(-25.2,0.,207.95));
#2858=CARTESIAN_POINT('',(-22.25,-9.79717439317884E-16,215.95));
#2859=CARTESIAN_POINT('',(-25.2,-9.79717439317884E-16,215.95));
#2860=CARTESIAN_POINT('Origin',(-22.25,0.,207.95));
#2861=CARTESIAN_POINT('Origin',(-25.2,0.,191.));
#2862=CARTESIAN_POINT('',(-22.25,8.,191.));
#2863=CARTESIAN_POINT('',(-28.2,15.55,191.));
#2864=CARTESIAN_POINT('Origin',(-22.25,16.,190.));
#2865=CARTESIAN_POINT('Origin',(-22.25,16.,190.));
#2866=CARTESIAN_POINT('',(-22.25,6.30693101560888E-16,213.1));
#2867=CARTESIAN_POINT('Origin',(-22.25,0.,207.95));
#2868=CARTESIAN_POINT('Origin',(-28.3,0.,207.95));
#2869=CARTESIAN_POINT('',(-28.2,-6.30693101560888E-16,213.1));
#2870=CARTESIAN_POINT('Origin',(-28.2,0.,207.95));
#2871=CARTESIAN_POINT('',(-28.3,-6.30693101560888E-16,213.1));
#2872=CARTESIAN_POINT('Origin',(-18.15,-16.,190.));
#2873=CARTESIAN_POINT('',(-18.15,-8.,226.));
#2874=CARTESIAN_POINT('Origin',(-18.15,-16.,190.));
#2875=CARTESIAN_POINT('',(-18.15,-8.,226.));
#2876=CARTESIAN_POINT('Origin',(0.800000000000001,0.,226.));
#2877=CARTESIAN_POINT('',(19.8,7.775,226.));
#2878=CARTESIAN_POINT('Origin',(-19.,-15.55,264.));
#2879=CARTESIAN_POINT('',(-19.,7.775,264.01));
#2880=CARTESIAN_POINT('',(-19.,-15.55,264.));
#2881=CARTESIAN_POINT('Origin',(-20.625,0.,264.));
#2882=CARTESIAN_POINT('Origin',(-28.2,15.55,191.));
#2883=CARTESIAN_POINT('Origin',(-18.25,-17.,190.));
#2884=CARTESIAN_POINT('',(-18.25,-17.,264.01));
#2885=CARTESIAN_POINT('Origin',(-23.625,0.,264.01));
#2886=CARTESIAN_POINT('Origin',(6.,-11.,263.99));
#2887=CARTESIAN_POINT('Origin',(3.2,13.3,263.99));
#2888=CARTESIAN_POINT('',(3.2,13.3,263.99));
#2889=CARTESIAN_POINT('',(3.2,13.3,263.99));
#2890=CARTESIAN_POINT('',(3.2,13.3,263.99));
#2891=CARTESIAN_POINT('Origin',(8.8,13.3,263.99));
#2892=CARTESIAN_POINT('',(8.8,13.3,263.99));
#2893=CARTESIAN_POINT('',(8.8,13.3,263.99));
#2894=CARTESIAN_POINT('',(8.8,13.3,263.99));
#2895=CARTESIAN_POINT('Origin',(8.8,8.7,263.99));
#2896=CARTESIAN_POINT('',(8.8,8.7,263.99));
#2897=CARTESIAN_POINT('Origin',(6.,11.,263.99));
#2898=CARTESIAN_POINT('Origin',(-16.,-12.65,268.));
#2899=CARTESIAN_POINT('',(-16.,-12.65,268.));
#2900=CARTESIAN_POINT('Origin',(34.16,-12.65,268.));
#2901=CARTESIAN_POINT('',(34.16,12.65,268.));
#2902=CARTESIAN_POINT('Origin',(34.16,12.65,268.));
#2903=CARTESIAN_POINT('',(-16.,12.65,268.));
#2904=CARTESIAN_POINT('Origin',(0.,0.,200.95));
#2905=CARTESIAN_POINT('',(22.3,-2.08189955855052E-16,202.65));
#2906=CARTESIAN_POINT('Origin',(22.3,0.,200.95));
#2907=CARTESIAN_POINT('',(25.8,2.08189955855052E-16,202.65));
#2908=CARTESIAN_POINT('',(0.,-2.08189955855052E-16,202.65));
#2909=CARTESIAN_POINT('Origin',(25.8,0.,200.95));
#2910=CARTESIAN_POINT('Origin',(0.,0.,214.95));
#2911=CARTESIAN_POINT('',(22.3,-2.08189955855052E-16,216.65));
#2912=CARTESIAN_POINT('Origin',(22.3,0.,214.95));
#2913=CARTESIAN_POINT('',(25.8,2.08189955855052E-16,216.65));
#2914=CARTESIAN_POINT('',(0.,-2.08189955855052E-16,216.65));
#2915=CARTESIAN_POINT('Origin',(25.8,0.,214.95));
#2916=CARTESIAN_POINT('Origin',(0.,-7.,207.95));
#2917=CARTESIAN_POINT('',(22.3,-7.,209.65));
#2918=CARTESIAN_POINT('Origin',(22.3,-7.,207.95));
#2919=CARTESIAN_POINT('',(25.8,-7.,209.65));
#2920=CARTESIAN_POINT('',(0.,-7.,209.65));
#2921=CARTESIAN_POINT('Origin',(25.8,-7.,207.95));
#2922=CARTESIAN_POINT('Origin',(0.,7.,207.95));
#2923=CARTESIAN_POINT('',(22.3,7.,209.65));
#2924=CARTESIAN_POINT('Origin',(22.3,7.,207.95));
#2925=CARTESIAN_POINT('',(25.8,7.,209.65));
#2926=CARTESIAN_POINT('',(0.,7.,209.65));
#2927=CARTESIAN_POINT('Origin',(25.8,7.,207.95));
#2928=CARTESIAN_POINT('Origin',(0.,0.,207.95));
#2929=CARTESIAN_POINT('',(22.3,-3.85763741731418E-16,211.1));
#2930=CARTESIAN_POINT('Origin',(22.3,0.,207.95));
#2931=CARTESIAN_POINT('',(25.8,3.85763741731418E-16,211.1));
#2932=CARTESIAN_POINT('',(0.,-3.85763741731418E-16,211.1));
#2933=CARTESIAN_POINT('Origin',(25.8,0.,207.95));
#2934=CARTESIAN_POINT('Origin',(0.,0.,207.95));
#2935=CARTESIAN_POINT('',(19.8,-1.27363267111325E-15,218.35));
#2936=CARTESIAN_POINT('Origin',(19.8,0.,207.95));
#2937=CARTESIAN_POINT('',(22.3,-1.27363267111325E-15,218.35));
#2938=CARTESIAN_POINT('',(0.,-1.27363267111325E-15,218.35));
#2939=CARTESIAN_POINT('Origin',(22.3,0.,207.95));
#2940=CARTESIAN_POINT('Origin',(22.3,0.,207.95));
#2941=CARTESIAN_POINT('Origin',(-15.5,8.,298.));
#2942=CARTESIAN_POINT('',(-15.5,8.,298.));
#2943=CARTESIAN_POINT('',(-12.,8.,298.));
#2944=CARTESIAN_POINT('Origin',(-12.,8.,298.));
#2945=CARTESIAN_POINT('',(-12.,-8.,298.));
#2946=CARTESIAN_POINT('Origin',(-12.,-8.,298.));
#2947=CARTESIAN_POINT('',(-15.5,-8.,298.));
#2948=CARTESIAN_POINT('Origin',(-15.5,-8.,298.));
#2949=CARTESIAN_POINT('Origin',(-16.,-12.55,298.));
#2950=CARTESIAN_POINT('Origin',(9.075,0.,264.));
#2951=CARTESIAN_POINT('',(25.8,-15.55,264.));
#2952=CARTESIAN_POINT('Origin',(0.800000000000001,0.,226.));
#2953=CARTESIAN_POINT('',(19.8,7.775,226.));
#2954=CARTESIAN_POINT('Origin',(19.8,15.55,191.));
#2955=CARTESIAN_POINT('',(19.8,15.55,191.));
#2956=CARTESIAN_POINT('Origin',(25.8,-15.55,191.));
#2957=CARTESIAN_POINT('',(25.8,-15.55,191.));
#2958=CARTESIAN_POINT('Origin',(22.8,0.,191.));
#2959=UNCERTAINTY_MEASURE_WITH_UNIT(LENGTH_MEASURE(0.01),#2963,
'DISTANCE_ACCURACY_VALUE',
'Maximum model space distance between geometric entities at asserted c
onnectivities');
#2960=UNCERTAINTY_MEASURE_WITH_UNIT(LENGTH_MEASURE(0.01),#2963,
'DISTANCE_ACCURACY_VALUE',
'Maximum model space distance between geometric entities at asserted c
onnectivities');
#2961=(
GEOMETRIC_REPRESENTATION_CONTEXT(3)
GLOBAL_UNCERTAINTY_ASSIGNED_CONTEXT((#2959))
GLOBAL_UNIT_ASSIGNED_CONTEXT((#2963,#2965,#2966))
REPRESENTATION_CONTEXT('','3D')
);
#2962=(
GEOMETRIC_REPRESENTATION_CONTEXT(3)
GLOBAL_UNCERTAINTY_ASSIGNED_CONTEXT((#2960))
GLOBAL_UNIT_ASSIGNED_CONTEXT((#2963,#2965,#2966))
REPRESENTATION_CONTEXT('','3D')
);
#2963=(
LENGTH_UNIT()
NAMED_UNIT(*)
SI_UNIT(.MILLI.,.METRE.)
);
#2964=(
LENGTH_UNIT()
NAMED_UNIT(*)
SI_UNIT($,.METRE.)
);
#2965=(
NAMED_UNIT(*)
PLANE_ANGLE_UNIT()
SI_UNIT($,.RADIAN.)
);
#2966=(
NAMED_UNIT(*)
SI_UNIT($,.STERADIAN.)
SOLID_ANGLE_UNIT()
);
#2967=SHAPE_DEFINITION_REPRESENTATION(#2968,#2969);
#2968=PRODUCT_DEFINITION_SHAPE('',$,#2971);
#2969=SHAPE_REPRESENTATION('',(#1827),#2961);
#2970=PRODUCT_DEFINITION_CONTEXT('part definition',#2975,'design');
#2971=PRODUCT_DEFINITION('2026-08-03-19-36-25-477','Forearm_J3J4',#2972,
#2970);
#2972=PRODUCT_DEFINITION_FORMATION('',$,#2977);
#2973=PRODUCT_RELATED_PRODUCT_CATEGORY('Forearm_J3J4','Forearm_J3J4',(#2977));
#2974=APPLICATION_PROTOCOL_DEFINITION('international standard',
'automotive_design',2009,#2975);
#2975=APPLICATION_CONTEXT(
'Core Data for Automotive Mechanical Design Process');
#2976=PRODUCT_CONTEXT('part definition',#2975,'mechanical');
#2977=PRODUCT('2026-08-03-19-36-25-477','Forearm_J3J4',$,(#2976));
#2978=PRESENTATION_STYLE_ASSIGNMENT((#2979));
#2979=SURFACE_STYLE_USAGE(.BOTH.,#2980);
#2980=SURFACE_SIDE_STYLE('',(#2981));
#2981=SURFACE_STYLE_FILL_AREA(#2982);
#2982=FILL_AREA_STYLE('\X2\92FC\X0\ - \X2\30B530C630F3\X0\',(#2983));
#2983=FILL_AREA_STYLE_COLOUR('\X2\92FC\X0\ - \X2\30B530C630F3\X0\',#2984);
#2984=COLOUR_RGB('\X2\92FC\X0\ - \X2\30B530C630F3\X0\',0.627450980392157,
0.627450980392157,0.627450980392157);
ENDSEC;
END-ISO-10303-21;
