ISO-10303-21;
HEADER;
/* Generated by software containing ST-Developer
 * from STEP Tools, Inc. (www.steptools.com) 
 */

FILE_DESCRIPTION(
/* description */ (''),
/* implementation_level */ '2;1');

FILE_NAME(
/* name */ 'HandBase_J6.step',
/* time_stamp */ '2026-08-20T11:37:38+09:00',
/* author */ (''),
/* organization */ (''),
/* preprocessor_version */ 'ST-DEVELOPER v20.1',
/* originating_system */ 'Autodesk Translation Framework v15.8.0.0',
/* authorisation */ '');

FILE_SCHEMA (('AUTOMOTIVE_DESIGN { 1 0 10303 214 3 1 1 }'));
ENDSEC;

DATA;
#10=MECHANICAL_DESIGN_GEOMETRIC_PRESENTATION_REPRESENTATION('',(#13),#5204);
#11=SHAPE_REPRESENTATION_RELATIONSHIP('SRR','None',#5211,#12);
#12=ADVANCED_BREP_SHAPE_REPRESENTATION('',(#3084),#5203);
#13=STYLED_ITEM('',(#5220),#3084);
#14=FACE_BOUND('',#415,.T.);
#15=FACE_BOUND('',#418,.T.);
#16=FACE_BOUND('',#419,.T.);
#17=FACE_BOUND('',#420,.T.);
#18=FACE_BOUND('',#421,.T.);
#19=FACE_BOUND('',#422,.T.);
#20=FACE_BOUND('',#423,.T.);
#21=FACE_BOUND('',#424,.T.);
#22=FACE_BOUND('',#425,.T.);
#23=FACE_BOUND('',#428,.T.);
#24=FACE_BOUND('',#430,.T.);
#25=FACE_BOUND('',#431,.T.);
#26=FACE_BOUND('',#434,.T.);
#27=FACE_BOUND('',#436,.T.);
#28=FACE_BOUND('',#439,.T.);
#29=FACE_BOUND('',#444,.T.);
#30=FACE_BOUND('',#509,.T.);
#31=FACE_BOUND('',#510,.T.);
#32=FACE_BOUND('',#511,.T.);
#33=FACE_BOUND('',#512,.T.);
#34=FACE_BOUND('',#513,.T.);
#35=FACE_BOUND('',#548,.T.);
#36=FACE_BOUND('',#549,.T.);
#37=FACE_BOUND('',#550,.T.);
#38=FACE_BOUND('',#551,.T.);
#39=FACE_BOUND('',#552,.T.);
#40=FACE_BOUND('',#557,.T.);
#41=FACE_BOUND('',#570,.T.);
#42=FACE_BOUND('',#572,.T.);
#43=FACE_BOUND('',#574,.T.);
#44=FACE_BOUND('',#576,.T.);
#45=ORIENTED_CLOSED_SHELL('',*,#3081,.F.);
#46=ORIENTED_CLOSED_SHELL('',*,#3082,.F.);
#47=CYLINDRICAL_SURFACE('',#3105,2.62);
#48=CYLINDRICAL_SURFACE('',#3106,2.62);
#49=CYLINDRICAL_SURFACE('',#3115,1.4);
#50=CYLINDRICAL_SURFACE('',#3150,1.4);
#51=CYLINDRICAL_SURFACE('',#3154,2.7);
#52=CYLINDRICAL_SURFACE('',#3162,2.7);
#53=CYLINDRICAL_SURFACE('',#3170,2.7);
#54=CYLINDRICAL_SURFACE('',#3181,2.7);
#55=CYLINDRICAL_SURFACE('',#3201,2.62);
#56=CYLINDRICAL_SURFACE('',#3207,2.62);
#57=CYLINDRICAL_SURFACE('',#3253,2.62);
#58=CYLINDRICAL_SURFACE('',#3257,2.62);
#59=CYLINDRICAL_SURFACE('',#3259,2.62);
#60=CYLINDRICAL_SURFACE('',#3261,2.62);
#61=CYLINDRICAL_SURFACE('',#3264,1.4);
#62=CYLINDRICAL_SURFACE('',#3266,1.4);
#63=CYLINDRICAL_SURFACE('',#3270,20.);
#64=CYLINDRICAL_SURFACE('',#3299,4.);
#65=CYLINDRICAL_SURFACE('',#3301,4.);
#66=CYLINDRICAL_SURFACE('',#3323,4.);
#67=CYLINDRICAL_SURFACE('',#3324,4.);
#68=CYLINDRICAL_SURFACE('',#3327,4.);
#69=CYLINDRICAL_SURFACE('',#3328,4.);
#70=CYLINDRICAL_SURFACE('',#3331,4.);
#71=CYLINDRICAL_SURFACE('',#3332,4.);
#72=CYLINDRICAL_SURFACE('',#3333,4.);
#73=CYLINDRICAL_SURFACE('',#3335,1.7);
#74=CYLINDRICAL_SURFACE('',#3338,1.7);
#75=CYLINDRICAL_SURFACE('',#3341,1.7);
#76=CYLINDRICAL_SURFACE('',#3344,1.7);
#77=CYLINDRICAL_SURFACE('',#3347,3.25);
#78=CYLINDRICAL_SURFACE('',#3349,3.25);
#79=CYLINDRICAL_SURFACE('',#3353,1.25);
#80=CYLINDRICAL_SURFACE('',#3356,1.25);
#81=CYLINDRICAL_SURFACE('',#3359,1.25);
#82=CYLINDRICAL_SURFACE('',#3362,1.25);
#83=CYLINDRICAL_SURFACE('',#3363,4.);
#84=CYLINDRICAL_SURFACE('',#3367,10.4);
#85=CYLINDRICAL_SURFACE('',#3375,3.25);
#86=CYLINDRICAL_SURFACE('',#3378,3.25);
#87=CYLINDRICAL_SURFACE('',#3380,3.25);
#88=CYLINDRICAL_SURFACE('',#3393,10.4);
#89=CIRCLE('',#3101,2.62);
#90=CIRCLE('',#3104,2.62);
#91=CIRCLE('',#3107,2.62);
#92=CIRCLE('',#3108,2.62);
#93=CIRCLE('',#3116,1.4);
#94=CIRCLE('',#3117,1.4);
#95=CIRCLE('',#3127,2.7);
#96=CIRCLE('',#3128,2.7);
#97=CIRCLE('',#3130,2.7);
#98=CIRCLE('',#3132,3.25);
#99=CIRCLE('',#3133,2.62);
#100=CIRCLE('',#3134,2.7);
#101=CIRCLE('',#3136,1.4);
#102=CIRCLE('',#3137,1.4);
#103=CIRCLE('',#3138,1.4);
#104=CIRCLE('',#3139,1.4);
#105=CIRCLE('',#3140,4.);
#106=CIRCLE('',#3141,4.);
#107=CIRCLE('',#3142,4.);
#108=CIRCLE('',#3143,4.);
#109=CIRCLE('',#3144,3.25);
#110=CIRCLE('',#3145,3.25);
#111=CIRCLE('',#3146,3.25);
#112=CIRCLE('',#3147,3.25);
#113=CIRCLE('',#3148,3.25);
#114=CIRCLE('',#3149,1.4);
#115=CIRCLE('',#3151,1.4);
#116=CIRCLE('',#3153,2.7);
#117=CIRCLE('',#3155,2.7);
#118=CIRCLE('',#3156,2.7);
#119=CIRCLE('',#3157,2.7);
#120=CIRCLE('',#3158,2.7);
#121=CIRCLE('',#3159,2.7);
#122=CIRCLE('',#3160,2.7);
#123=CIRCLE('',#3161,2.7);
#124=CIRCLE('',#3163,2.7);
#125=CIRCLE('',#3164,2.7);
#126=CIRCLE('',#3165,2.7);
#127=CIRCLE('',#3166,2.7);
#128=CIRCLE('',#3167,2.7);
#129=CIRCLE('',#3169,1.4);
#130=CIRCLE('',#3171,2.7);
#131=CIRCLE('',#3172,2.7);
#132=CIRCLE('',#3173,2.7);
#133=CIRCLE('',#3174,2.7);
#134=CIRCLE('',#3175,2.7);
#135=CIRCLE('',#3176,2.7);
#136=CIRCLE('',#3177,2.7);
#137=CIRCLE('',#3178,2.7);
#138=CIRCLE('',#3179,2.7);
#139=CIRCLE('',#3180,2.7);
#140=CIRCLE('',#3182,2.7);
#141=CIRCLE('',#3183,2.7);
#142=CIRCLE('',#3184,2.7);
#143=CIRCLE('',#3185,2.7);
#144=CIRCLE('',#3186,2.7);
#145=CIRCLE('',#3188,1.4);
#146=CIRCLE('',#3192,2.62);
#147=CIRCLE('',#3194,20.);
#148=CIRCLE('',#3195,2.62);
#149=CIRCLE('',#3196,10.4);
#150=CIRCLE('',#3197,2.62);
#151=CIRCLE('',#3198,2.62);
#152=CIRCLE('',#3199,10.4);
#153=CIRCLE('',#3200,2.62);
#154=CIRCLE('',#3202,2.62);
#155=CIRCLE('',#3203,2.62);
#156=CIRCLE('',#3206,2.62);
#157=CIRCLE('',#3208,2.62);
#158=CIRCLE('',#3209,2.62);
#159=CIRCLE('',#3213,3.25);
#160=CIRCLE('',#3216,4.);
#161=CIRCLE('',#3217,20.);
#162=CIRCLE('',#3218,4.);
#163=CIRCLE('',#3219,4.);
#164=CIRCLE('',#3220,20.);
#165=CIRCLE('',#3221,4.);
#166=CIRCLE('',#3223,4.);
#167=CIRCLE('',#3241,3.25);
#168=CIRCLE('',#3243,20.);
#169=CIRCLE('',#3244,3.25);
#170=CIRCLE('',#3246,3.25);
#171=CIRCLE('',#3248,4.);
#172=CIRCLE('',#3249,4.);
#173=CIRCLE('',#3252,3.25);
#174=CIRCLE('',#3254,2.62);
#175=CIRCLE('',#3256,2.62);
#176=CIRCLE('',#3258,2.62);
#177=CIRCLE('',#3260,2.62);
#178=CIRCLE('',#3262,2.62);
#179=CIRCLE('',#3265,1.4);
#180=CIRCLE('',#3267,1.4);
#181=CIRCLE('',#3271,20.);
#182=CIRCLE('',#3272,20.);
#183=CIRCLE('',#3273,20.);
#184=CIRCLE('',#3274,20.);
#185=CIRCLE('',#3275,20.);
#186=CIRCLE('',#3276,20.);
#187=CIRCLE('',#3277,20.);
#188=CIRCLE('',#3278,20.);
#189=CIRCLE('',#3279,20.);
#190=CIRCLE('',#3280,20.);
#191=CIRCLE('',#3285,4.);
#192=CIRCLE('',#3295,4.);
#193=CIRCLE('',#3297,4.);
#194=CIRCLE('',#3300,4.);
#195=CIRCLE('',#3302,4.);
#196=CIRCLE('',#3303,4.);
#197=CIRCLE('',#3307,4.);
#198=CIRCLE('',#3309,4.);
#199=CIRCLE('',#3310,4.);
#200=CIRCLE('',#3311,4.);
#201=CIRCLE('',#3312,4.);
#202=CIRCLE('',#3313,4.);
#203=CIRCLE('',#3314,4.);
#204=CIRCLE('',#3315,1.25);
#205=CIRCLE('',#3316,1.25);
#206=CIRCLE('',#3317,1.25);
#207=CIRCLE('',#3318,1.25);
#208=CIRCLE('',#3322,4.);
#209=CIRCLE('',#3334,4.);
#210=CIRCLE('',#3336,1.7);
#211=CIRCLE('',#3337,1.7);
#212=CIRCLE('',#3339,1.7);
#213=CIRCLE('',#3340,1.7);
#214=CIRCLE('',#3342,1.7);
#215=CIRCLE('',#3343,1.7);
#216=CIRCLE('',#3345,1.7);
#217=CIRCLE('',#3346,1.7);
#218=CIRCLE('',#3348,3.25);
#219=CIRCLE('',#3350,3.25);
#220=CIRCLE('',#3352,1.25);
#221=CIRCLE('',#3355,1.25);
#222=CIRCLE('',#3358,1.25);
#223=CIRCLE('',#3361,1.25);
#224=CIRCLE('',#3368,10.4);
#225=CIRCLE('',#3370,10.4);
#226=CIRCLE('',#3371,3.25);
#227=CIRCLE('',#3376,3.25);
#228=CIRCLE('',#3379,3.25);
#229=FACE_OUTER_BOUND('',#391,.T.);
#230=FACE_OUTER_BOUND('',#392,.T.);
#231=FACE_OUTER_BOUND('',#393,.T.);
#232=FACE_OUTER_BOUND('',#394,.T.);
#233=FACE_OUTER_BOUND('',#395,.T.);
#234=FACE_OUTER_BOUND('',#396,.T.);
#235=FACE_OUTER_BOUND('',#397,.T.);
#236=FACE_OUTER_BOUND('',#398,.T.);
#237=FACE_OUTER_BOUND('',#399,.T.);
#238=FACE_OUTER_BOUND('',#400,.T.);
#239=FACE_OUTER_BOUND('',#401,.T.);
#240=FACE_OUTER_BOUND('',#402,.T.);
#241=FACE_OUTER_BOUND('',#403,.T.);
#242=FACE_OUTER_BOUND('',#404,.T.);
#243=FACE_OUTER_BOUND('',#405,.T.);
#244=FACE_OUTER_BOUND('',#406,.T.);
#245=FACE_OUTER_BOUND('',#407,.T.);
#246=FACE_OUTER_BOUND('',#408,.T.);
#247=FACE_OUTER_BOUND('',#409,.T.);
#248=FACE_OUTER_BOUND('',#410,.T.);
#249=FACE_OUTER_BOUND('',#411,.T.);
#250=FACE_OUTER_BOUND('',#412,.T.);
#251=FACE_OUTER_BOUND('',#413,.T.);
#252=FACE_OUTER_BOUND('',#414,.T.);
#253=FACE_OUTER_BOUND('',#416,.T.);
#254=FACE_OUTER_BOUND('',#417,.T.);
#255=FACE_OUTER_BOUND('',#426,.T.);
#256=FACE_OUTER_BOUND('',#427,.T.);
#257=FACE_OUTER_BOUND('',#429,.T.);
#258=FACE_OUTER_BOUND('',#432,.T.);
#259=FACE_OUTER_BOUND('',#433,.T.);
#260=FACE_OUTER_BOUND('',#435,.T.);
#261=FACE_OUTER_BOUND('',#437,.T.);
#262=FACE_OUTER_BOUND('',#438,.T.);
#263=FACE_OUTER_BOUND('',#440,.T.);
#264=FACE_OUTER_BOUND('',#441,.T.);
#265=FACE_OUTER_BOUND('',#442,.T.);
#266=FACE_OUTER_BOUND('',#443,.T.);
#267=FACE_OUTER_BOUND('',#445,.T.);
#268=FACE_OUTER_BOUND('',#446,.T.);
#269=FACE_OUTER_BOUND('',#447,.T.);
#270=FACE_OUTER_BOUND('',#448,.T.);
#271=FACE_OUTER_BOUND('',#449,.T.);
#272=FACE_OUTER_BOUND('',#450,.T.);
#273=FACE_OUTER_BOUND('',#451,.T.);
#274=FACE_OUTER_BOUND('',#452,.T.);
#275=FACE_OUTER_BOUND('',#453,.T.);
#276=FACE_OUTER_BOUND('',#454,.T.);
#277=FACE_OUTER_BOUND('',#455,.T.);
#278=FACE_OUTER_BOUND('',#456,.T.);
#279=FACE_OUTER_BOUND('',#457,.T.);
#280=FACE_OUTER_BOUND('',#458,.T.);
#281=FACE_OUTER_BOUND('',#459,.T.);
#282=FACE_OUTER_BOUND('',#460,.T.);
#283=FACE_OUTER_BOUND('',#461,.T.);
#284=FACE_OUTER_BOUND('',#462,.T.);
#285=FACE_OUTER_BOUND('',#463,.T.);
#286=FACE_OUTER_BOUND('',#464,.T.);
#287=FACE_OUTER_BOUND('',#465,.T.);
#288=FACE_OUTER_BOUND('',#466,.T.);
#289=FACE_OUTER_BOUND('',#467,.T.);
#290=FACE_OUTER_BOUND('',#468,.T.);
#291=FACE_OUTER_BOUND('',#469,.T.);
#292=FACE_OUTER_BOUND('',#470,.T.);
#293=FACE_OUTER_BOUND('',#471,.T.);
#294=FACE_OUTER_BOUND('',#472,.T.);
#295=FACE_OUTER_BOUND('',#473,.T.);
#296=FACE_OUTER_BOUND('',#474,.T.);
#297=FACE_OUTER_BOUND('',#475,.T.);
#298=FACE_OUTER_BOUND('',#476,.T.);
#299=FACE_OUTER_BOUND('',#477,.T.);
#300=FACE_OUTER_BOUND('',#478,.T.);
#301=FACE_OUTER_BOUND('',#479,.T.);
#302=FACE_OUTER_BOUND('',#480,.T.);
#303=FACE_OUTER_BOUND('',#481,.T.);
#304=FACE_OUTER_BOUND('',#482,.T.);
#305=FACE_OUTER_BOUND('',#483,.T.);
#306=FACE_OUTER_BOUND('',#484,.T.);
#307=FACE_OUTER_BOUND('',#485,.T.);
#308=FACE_OUTER_BOUND('',#486,.T.);
#309=FACE_OUTER_BOUND('',#487,.T.);
#310=FACE_OUTER_BOUND('',#488,.T.);
#311=FACE_OUTER_BOUND('',#489,.T.);
#312=FACE_OUTER_BOUND('',#490,.T.);
#313=FACE_OUTER_BOUND('',#491,.T.);
#314=FACE_OUTER_BOUND('',#492,.T.);
#315=FACE_OUTER_BOUND('',#493,.T.);
#316=FACE_OUTER_BOUND('',#494,.T.);
#317=FACE_OUTER_BOUND('',#495,.T.);
#318=FACE_OUTER_BOUND('',#496,.T.);
#319=FACE_OUTER_BOUND('',#497,.T.);
#320=FACE_OUTER_BOUND('',#498,.T.);
#321=FACE_OUTER_BOUND('',#499,.T.);
#322=FACE_OUTER_BOUND('',#500,.T.);
#323=FACE_OUTER_BOUND('',#501,.T.);
#324=FACE_OUTER_BOUND('',#502,.T.);
#325=FACE_OUTER_BOUND('',#503,.T.);
#326=FACE_OUTER_BOUND('',#504,.T.);
#327=FACE_OUTER_BOUND('',#505,.T.);
#328=FACE_OUTER_BOUND('',#506,.T.);
#329=FACE_OUTER_BOUND('',#507,.T.);
#330=FACE_OUTER_BOUND('',#508,.T.);
#331=FACE_OUTER_BOUND('',#514,.T.);
#332=FACE_OUTER_BOUND('',#515,.T.);
#333=FACE_OUTER_BOUND('',#516,.T.);
#334=FACE_OUTER_BOUND('',#517,.T.);
#335=FACE_OUTER_BOUND('',#518,.T.);
#336=FACE_OUTER_BOUND('',#519,.T.);
#337=FACE_OUTER_BOUND('',#520,.T.);
#338=FACE_OUTER_BOUND('',#521,.T.);
#339=FACE_OUTER_BOUND('',#522,.T.);
#340=FACE_OUTER_BOUND('',#523,.T.);
#341=FACE_OUTER_BOUND('',#524,.T.);
#342=FACE_OUTER_BOUND('',#525,.T.);
#343=FACE_OUTER_BOUND('',#526,.T.);
#344=FACE_OUTER_BOUND('',#527,.T.);
#345=FACE_OUTER_BOUND('',#528,.T.);
#346=FACE_OUTER_BOUND('',#529,.T.);
#347=FACE_OUTER_BOUND('',#530,.T.);
#348=FACE_OUTER_BOUND('',#531,.T.);
#349=FACE_OUTER_BOUND('',#532,.T.);
#350=FACE_OUTER_BOUND('',#533,.T.);
#351=FACE_OUTER_BOUND('',#534,.T.);
#352=FACE_OUTER_BOUND('',#535,.T.);
#353=FACE_OUTER_BOUND('',#536,.T.);
#354=FACE_OUTER_BOUND('',#537,.T.);
#355=FACE_OUTER_BOUND('',#538,.T.);
#356=FACE_OUTER_BOUND('',#539,.T.);
#357=FACE_OUTER_BOUND('',#540,.T.);
#358=FACE_OUTER_BOUND('',#541,.T.);
#359=FACE_OUTER_BOUND('',#542,.T.);
#360=FACE_OUTER_BOUND('',#543,.T.);
#361=FACE_OUTER_BOUND('',#544,.T.);
#362=FACE_OUTER_BOUND('',#545,.T.);
#363=FACE_OUTER_BOUND('',#546,.T.);
#364=FACE_OUTER_BOUND('',#547,.T.);
#365=FACE_OUTER_BOUND('',#553,.T.);
#366=FACE_OUTER_BOUND('',#554,.T.);
#367=FACE_OUTER_BOUND('',#555,.T.);
#368=FACE_OUTER_BOUND('',#556,.T.);
#369=FACE_OUTER_BOUND('',#558,.T.);
#370=FACE_OUTER_BOUND('',#559,.T.);
#371=FACE_OUTER_BOUND('',#560,.T.);
#372=FACE_OUTER_BOUND('',#561,.T.);
#373=FACE_OUTER_BOUND('',#562,.T.);
#374=FACE_OUTER_BOUND('',#563,.T.);
#375=FACE_OUTER_BOUND('',#564,.T.);
#376=FACE_OUTER_BOUND('',#565,.T.);
#377=FACE_OUTER_BOUND('',#566,.T.);
#378=FACE_OUTER_BOUND('',#567,.T.);
#379=FACE_OUTER_BOUND('',#568,.T.);
#380=FACE_OUTER_BOUND('',#569,.T.);
#381=FACE_OUTER_BOUND('',#571,.T.);
#382=FACE_OUTER_BOUND('',#573,.T.);
#383=FACE_OUTER_BOUND('',#575,.T.);
#384=FACE_OUTER_BOUND('',#577,.T.);
#385=FACE_OUTER_BOUND('',#578,.T.);
#386=FACE_OUTER_BOUND('',#579,.T.);
#387=FACE_OUTER_BOUND('',#580,.T.);
#388=FACE_OUTER_BOUND('',#581,.T.);
#389=FACE_OUTER_BOUND('',#582,.T.);
#390=FACE_OUTER_BOUND('',#583,.T.);
#391=EDGE_LOOP('',(#1917,#1918,#1919,#1920));
#392=EDGE_LOOP('',(#1921,#1922,#1923,#1924));
#393=EDGE_LOOP('',(#1925,#1926,#1927,#1928));
#394=EDGE_LOOP('',(#1929,#1930,#1931,#1932));
#395=EDGE_LOOP('',(#1933,#1934,#1935,#1936));
#396=EDGE_LOOP('',(#1937,#1938,#1939,#1940));
#397=EDGE_LOOP('',(#1941,#1942,#1943,#1944));
#398=EDGE_LOOP('',(#1945,#1946,#1947,#1948));
#399=EDGE_LOOP('',(#1949,#1950,#1951,#1952));
#400=EDGE_LOOP('',(#1953,#1954,#1955,#1956));
#401=EDGE_LOOP('',(#1957,#1958,#1959,#1960));
#402=EDGE_LOOP('',(#1961,#1962,#1963,#1964));
#403=EDGE_LOOP('',(#1965,#1966,#1967,#1968,#1969,#1970,#1971,#1972));
#404=EDGE_LOOP('',(#1973,#1974,#1975,#1976));
#405=EDGE_LOOP('',(#1977,#1978,#1979,#1980));
#406=EDGE_LOOP('',(#1981,#1982,#1983,#1984));
#407=EDGE_LOOP('',(#1985,#1986,#1987,#1988));
#408=EDGE_LOOP('',(#1989,#1990,#1991,#1992));
#409=EDGE_LOOP('',(#1993,#1994,#1995,#1996));
#410=EDGE_LOOP('',(#1997,#1998,#1999,#2000));
#411=EDGE_LOOP('',(#2001,#2002,#2003,#2004,#2005,#2006,#2007,#2008));
#412=EDGE_LOOP('',(#2009,#2010,#2011,#2012,#2013,#2014,#2015,#2016));
#413=EDGE_LOOP('',(#2017,#2018,#2019,#2020,#2021,#2022));
#414=EDGE_LOOP('',(#2023));
#415=EDGE_LOOP('',(#2024));
#416=EDGE_LOOP('',(#2025,#2026,#2027,#2028,#2029,#2030,#2031,#2032));
#417=EDGE_LOOP('',(#2033,#2034,#2035,#2036,#2037,#2038,#2039,#2040,#2041,
#2042,#2043,#2044,#2045,#2046,#2047,#2048,#2049,#2050));
#418=EDGE_LOOP('',(#2051,#2052,#2053,#2054,#2055,#2056,#2057,#2058));
#419=EDGE_LOOP('',(#2059));
#420=EDGE_LOOP('',(#2060));
#421=EDGE_LOOP('',(#2061));
#422=EDGE_LOOP('',(#2062));
#423=EDGE_LOOP('',(#2063));
#424=EDGE_LOOP('',(#2064));
#425=EDGE_LOOP('',(#2065));
#426=EDGE_LOOP('',(#2066,#2067,#2068,#2069));
#427=EDGE_LOOP('',(#2070));
#428=EDGE_LOOP('',(#2071));
#429=EDGE_LOOP('',(#2072,#2073,#2074,#2075,#2076,#2077,#2078,#2079));
#430=EDGE_LOOP('',(#2080,#2081,#2082,#2083,#2084,#2085,#2086,#2087));
#431=EDGE_LOOP('',(#2088,#2089,#2090,#2091));
#432=EDGE_LOOP('',(#2092,#2093,#2094,#2095,#2096,#2097,#2098,#2099,#2100,
#2101));
#433=EDGE_LOOP('',(#2102));
#434=EDGE_LOOP('',(#2103));
#435=EDGE_LOOP('',(#2104,#2105,#2106,#2107,#2108,#2109,#2110,#2111,#2112,
#2113,#2114,#2115,#2116,#2117,#2118,#2119,#2120,#2121,#2122,#2123));
#436=EDGE_LOOP('',(#2124,#2125,#2126,#2127));
#437=EDGE_LOOP('',(#2128,#2129,#2130,#2131,#2132,#2133,#2134,#2135,#2136,
#2137));
#438=EDGE_LOOP('',(#2138));
#439=EDGE_LOOP('',(#2139));
#440=EDGE_LOOP('',(#2140,#2141,#2142,#2143));
#441=EDGE_LOOP('',(#2144,#2145,#2146,#2147));
#442=EDGE_LOOP('',(#2148,#2149,#2150));
#443=EDGE_LOOP('',(#2151));
#444=EDGE_LOOP('',(#2152,#2153,#2154,#2155,#2156,#2157,#2158,#2159,#2160,
#2161));
#445=EDGE_LOOP('',(#2162,#2163,#2164,#2165,#2166,#2167,#2168,#2169));
#446=EDGE_LOOP('',(#2170,#2171,#2172,#2173));
#447=EDGE_LOOP('',(#2174,#2175,#2176));
#448=EDGE_LOOP('',(#2177,#2178,#2179,#2180));
#449=EDGE_LOOP('',(#2181,#2182,#2183,#2184));
#450=EDGE_LOOP('',(#2185,#2186,#2187,#2188,#2189,#2190));
#451=EDGE_LOOP('',(#2191,#2192,#2193,#2194,#2195,#2196,#2197,#2198));
#452=EDGE_LOOP('',(#2199,#2200,#2201,#2202));
#453=EDGE_LOOP('',(#2203,#2204,#2205,#2206,#2207,#2208,#2209,#2210,#2211,
#2212,#2213,#2214,#2215,#2216,#2217,#2218,#2219,#2220,#2221,#2222,#2223,
#2224,#2225,#2226,#2227,#2228,#2229));
#454=EDGE_LOOP('',(#2230,#2231,#2232,#2233,#2234));
#455=EDGE_LOOP('',(#2235,#2236,#2237,#2238,#2239,#2240,#2241,#2242));
#456=EDGE_LOOP('',(#2243,#2244,#2245,#2246));
#457=EDGE_LOOP('',(#2247,#2248,#2249,#2250));
#458=EDGE_LOOP('',(#2251,#2252,#2253,#2254));
#459=EDGE_LOOP('',(#2255,#2256,#2257,#2258));
#460=EDGE_LOOP('',(#2259,#2260,#2261,#2262));
#461=EDGE_LOOP('',(#2263,#2264,#2265,#2266));
#462=EDGE_LOOP('',(#2267,#2268,#2269,#2270,#2271,#2272,#2273,#2274,#2275));
#463=EDGE_LOOP('',(#2276,#2277,#2278,#2279));
#464=EDGE_LOOP('',(#2280,#2281,#2282,#2283));
#465=EDGE_LOOP('',(#2284,#2285,#2286,#2287));
#466=EDGE_LOOP('',(#2288,#2289,#2290,#2291));
#467=EDGE_LOOP('',(#2292,#2293,#2294,#2295));
#468=EDGE_LOOP('',(#2296,#2297,#2298,#2299));
#469=EDGE_LOOP('',(#2300,#2301,#2302,#2303,#2304,#2305,#2306,#2307,#2308));
#470=EDGE_LOOP('',(#2309,#2310,#2311,#2312));
#471=EDGE_LOOP('',(#2313,#2314,#2315,#2316,#2317,#2318));
#472=EDGE_LOOP('',(#2319,#2320,#2321,#2322,#2323,#2324));
#473=EDGE_LOOP('',(#2325,#2326,#2327,#2328,#2329,#2330,#2331,#2332,#2333));
#474=EDGE_LOOP('',(#2334,#2335,#2336,#2337,#2338,#2339,#2340,#2341,#2342,
#2343,#2344,#2345,#2346,#2347,#2348,#2349,#2350,#2351,#2352,#2353,#2354));
#475=EDGE_LOOP('',(#2355,#2356,#2357,#2358));
#476=EDGE_LOOP('',(#2359,#2360,#2361,#2362,#2363,#2364,#2365));
#477=EDGE_LOOP('',(#2366,#2367,#2368,#2369));
#478=EDGE_LOOP('',(#2370,#2371));
#479=EDGE_LOOP('',(#2372,#2373,#2374,#2375,#2376,#2377,#2378,#2379));
#480=EDGE_LOOP('',(#2380,#2381,#2382,#2383));
#481=EDGE_LOOP('',(#2384,#2385,#2386,#2387));
#482=EDGE_LOOP('',(#2388,#2389,#2390,#2391));
#483=EDGE_LOOP('',(#2392,#2393,#2394,#2395,#2396,#2397,#2398,#2399));
#484=EDGE_LOOP('',(#2400,#2401,#2402,#2403,#2404,#2405,#2406,#2407));
#485=EDGE_LOOP('',(#2408,#2409,#2410,#2411));
#486=EDGE_LOOP('',(#2412,#2413,#2414,#2415));
#487=EDGE_LOOP('',(#2416,#2417,#2418,#2419,#2420,#2421,#2422,#2423,#2424,
#2425,#2426,#2427,#2428,#2429,#2430,#2431));
#488=EDGE_LOOP('',(#2432,#2433,#2434,#2435));
#489=EDGE_LOOP('',(#2436,#2437,#2438,#2439,#2440,#2441));
#490=EDGE_LOOP('',(#2442,#2443,#2444));
#491=EDGE_LOOP('',(#2445,#2446,#2447));
#492=EDGE_LOOP('',(#2448,#2449,#2450,#2451,#2452));
#493=EDGE_LOOP('',(#2453,#2454,#2455));
#494=EDGE_LOOP('',(#2456,#2457));
#495=EDGE_LOOP('',(#2458,#2459,#2460,#2461,#2462,#2463));
#496=EDGE_LOOP('',(#2464,#2465,#2466,#2467));
#497=EDGE_LOOP('',(#2468,#2469,#2470,#2471));
#498=EDGE_LOOP('',(#2472,#2473,#2474,#2475));
#499=EDGE_LOOP('',(#2476,#2477,#2478,#2479,#2480));
#500=EDGE_LOOP('',(#2481,#2482,#2483,#2484));
#501=EDGE_LOOP('',(#2485,#2486,#2487));
#502=EDGE_LOOP('',(#2488,#2489,#2490,#2491));
#503=EDGE_LOOP('',(#2492,#2493,#2494,#2495));
#504=EDGE_LOOP('',(#2496,#2497,#2498,#2499,#2500,#2501));
#505=EDGE_LOOP('',(#2502,#2503));
#506=EDGE_LOOP('',(#2504,#2505,#2506,#2507,#2508));
#507=EDGE_LOOP('',(#2509,#2510,#2511));
#508=EDGE_LOOP('',(#2512,#2513,#2514,#2515,#2516,#2517,#2518,#2519,#2520,
#2521,#2522,#2523));
#509=EDGE_LOOP('',(#2524,#2525,#2526,#2527,#2528,#2529,#2530,#2531,#2532,
#2533,#2534,#2535));
#510=EDGE_LOOP('',(#2536));
#511=EDGE_LOOP('',(#2537));
#512=EDGE_LOOP('',(#2538));
#513=EDGE_LOOP('',(#2539));
#514=EDGE_LOOP('',(#2540,#2541,#2542,#2543));
#515=EDGE_LOOP('',(#2544,#2545,#2546,#2547));
#516=EDGE_LOOP('',(#2548,#2549));
#517=EDGE_LOOP('',(#2550,#2551,#2552,#2553));
#518=EDGE_LOOP('',(#2554,#2555,#2556,#2557,#2558,#2559));
#519=EDGE_LOOP('',(#2560,#2561,#2562,#2563));
#520=EDGE_LOOP('',(#2564,#2565,#2566,#2567));
#521=EDGE_LOOP('',(#2568,#2569,#2570,#2571));
#522=EDGE_LOOP('',(#2572,#2573,#2574,#2575));
#523=EDGE_LOOP('',(#2576,#2577,#2578,#2579));
#524=EDGE_LOOP('',(#2580,#2581,#2582,#2583,#2584,#2585));
#525=EDGE_LOOP('',(#2586,#2587,#2588,#2589));
#526=EDGE_LOOP('',(#2590,#2591,#2592,#2593));
#527=EDGE_LOOP('',(#2594,#2595,#2596,#2597,#2598,#2599));
#528=EDGE_LOOP('',(#2600,#2601,#2602,#2603));
#529=EDGE_LOOP('',(#2604,#2605,#2606,#2607));
#530=EDGE_LOOP('',(#2608,#2609,#2610,#2611));
#531=EDGE_LOOP('',(#2612,#2613,#2614,#2615));
#532=EDGE_LOOP('',(#2616,#2617,#2618,#2619));
#533=EDGE_LOOP('',(#2620,#2621,#2622,#2623));
#534=EDGE_LOOP('',(#2624));
#535=EDGE_LOOP('',(#2625,#2626,#2627,#2628));
#536=EDGE_LOOP('',(#2629));
#537=EDGE_LOOP('',(#2630,#2631,#2632,#2633));
#538=EDGE_LOOP('',(#2634));
#539=EDGE_LOOP('',(#2635,#2636,#2637,#2638));
#540=EDGE_LOOP('',(#2639));
#541=EDGE_LOOP('',(#2640,#2641,#2642,#2643));
#542=EDGE_LOOP('',(#2644,#2645,#2646,#2647,#2648,#2649));
#543=EDGE_LOOP('',(#2650,#2651,#2652,#2653));
#544=EDGE_LOOP('',(#2654,#2655,#2656,#2657,#2658));
#545=EDGE_LOOP('',(#2659,#2660,#2661,#2662));
#546=EDGE_LOOP('',(#2663,#2664,#2665,#2666));
#547=EDGE_LOOP('',(#2667,#2668,#2669,#2670));
#548=EDGE_LOOP('',(#2671));
#549=EDGE_LOOP('',(#2672));
#550=EDGE_LOOP('',(#2673));
#551=EDGE_LOOP('',(#2674));
#552=EDGE_LOOP('',(#2675));
#553=EDGE_LOOP('',(#2676,#2677,#2678,#2679));
#554=EDGE_LOOP('',(#2680,#2681,#2682,#2683));
#555=EDGE_LOOP('',(#2684,#2685,#2686,#2687));
#556=EDGE_LOOP('',(#2688,#2689,#2690,#2691));
#557=EDGE_LOOP('',(#2692,#2693,#2694,#2695,#2696,#2697,#2698,#2699,#2700,
#2701,#2702,#2703));
#558=EDGE_LOOP('',(#2704,#2705,#2706,#2707,#2708,#2709));
#559=EDGE_LOOP('',(#2710,#2711,#2712,#2713));
#560=EDGE_LOOP('',(#2714,#2715,#2716,#2717));
#561=EDGE_LOOP('',(#2718,#2719,#2720,#2721,#2722));
#562=EDGE_LOOP('',(#2723,#2724,#2725,#2726,#2727,#2728,#2729,#2730));
#563=EDGE_LOOP('',(#2731,#2732,#2733,#2734));
#564=EDGE_LOOP('',(#2735,#2736,#2737,#2738));
#565=EDGE_LOOP('',(#2739,#2740,#2741,#2742));
#566=EDGE_LOOP('',(#2743,#2744,#2745,#2746,#2747,#2748,#2749,#2750));
#567=EDGE_LOOP('',(#2751,#2752,#2753,#2754,#2755,#2756,#2757,#2758));
#568=EDGE_LOOP('',(#2759,#2760,#2761,#2762,#2763,#2764,#2765,#2766));
#569=EDGE_LOOP('',(#2767));
#570=EDGE_LOOP('',(#2768));
#571=EDGE_LOOP('',(#2769));
#572=EDGE_LOOP('',(#2770));
#573=EDGE_LOOP('',(#2771));
#574=EDGE_LOOP('',(#2772));
#575=EDGE_LOOP('',(#2773));
#576=EDGE_LOOP('',(#2774));
#577=EDGE_LOOP('',(#2775,#2776,#2777,#2778));
#578=EDGE_LOOP('',(#2779,#2780,#2781));
#579=EDGE_LOOP('',(#2782,#2783,#2784,#2785));
#580=EDGE_LOOP('',(#2786,#2787));
#581=EDGE_LOOP('',(#2788,#2789,#2790));
#582=EDGE_LOOP('',(#2791,#2792,#2793,#2794));
#583=EDGE_LOOP('',(#2795,#2796,#2797,#2798));
#584=LINE('',#4311,#885);
#585=LINE('',#4313,#886);
#586=LINE('',#4315,#887);
#587=LINE('',#4316,#888);
#588=LINE('',#4320,#889);
#589=LINE('',#4321,#890);
#590=LINE('',#4322,#891);
#591=LINE('',#4326,#892);
#592=LINE('',#4329,#893);
#593=LINE('',#4330,#894);
#594=LINE('',#4339,#895);
#595=LINE('',#4342,#896);
#596=LINE('',#4345,#897);
#597=LINE('',#4347,#898);
#598=LINE('',#4348,#899);
#599=LINE('',#4351,#900);
#600=LINE('',#4352,#901);
#601=LINE('',#4355,#902);
#602=LINE('',#4356,#903);
#603=LINE('',#4358,#904);
#604=LINE('',#4363,#905);
#605=LINE('',#4365,#906);
#606=LINE('',#4367,#907);
#607=LINE('',#4369,#908);
#608=LINE('',#4371,#909);
#609=LINE('',#4373,#910);
#610=LINE('',#4375,#911);
#611=LINE('',#4376,#912);
#612=LINE('',#4381,#913);
#613=LINE('',#4385,#914);
#614=LINE('',#4387,#915);
#615=LINE('',#4388,#916);
#616=LINE('',#4391,#917);
#617=LINE('',#4393,#918);
#618=LINE('',#4394,#919);
#619=LINE('',#4396,#920);
#620=LINE('',#4400,#921);
#621=LINE('',#4402,#922);
#622=LINE('',#4404,#923);
#623=LINE('',#4405,#924);
#624=LINE('',#4407,#925);
#625=LINE('',#4408,#926);
#626=LINE('',#4410,#927);
#627=LINE('',#4413,#928);
#628=LINE('',#4415,#929);
#629=LINE('',#4417,#930);
#630=LINE('',#4419,#931);
#631=LINE('',#4420,#932);
#632=LINE('',#4424,#933);
#633=LINE('',#4426,#934);
#634=LINE('',#4428,#935);
#635=LINE('',#4430,#936);
#636=LINE('',#4432,#937);
#637=LINE('',#4434,#938);
#638=LINE('',#4436,#939);
#639=LINE('',#4437,#940);
#640=LINE('',#4440,#941);
#641=LINE('',#4448,#942);
#642=LINE('',#4450,#943);
#643=LINE('',#4454,#944);
#644=LINE('',#4456,#945);
#645=LINE('',#4467,#946);
#646=LINE('',#4473,#947);
#647=LINE('',#4475,#948);
#648=LINE('',#4479,#949);
#649=LINE('',#4483,#950);
#650=LINE('',#4485,#951);
#651=LINE('',#4487,#952);
#652=LINE('',#4491,#953);
#653=LINE('',#4495,#954);
#654=LINE('',#4496,#955);
#655=LINE('',#4498,#956);
#656=LINE('',#4499,#957);
#657=LINE('',#4515,#958);
#658=LINE('',#4522,#959);
#659=LINE('',#4526,#960);
#660=LINE('',#4529,#961);
#661=LINE('',#4532,#962);
#662=LINE('',#4536,#963);
#663=LINE('',#4540,#964);
#664=LINE('',#4544,#965);
#665=LINE('',#4551,#966);
#666=LINE('',#4555,#967);
#667=LINE('',#4559,#968);
#668=LINE('',#4562,#969);
#669=LINE('',#4570,#970);
#670=LINE('',#4574,#971);
#671=LINE('',#4578,#972);
#672=LINE('',#4582,#973);
#673=LINE('',#4586,#974);
#674=LINE('',#4589,#975);
#675=LINE('',#4592,#976);
#676=LINE('',#4597,#977);
#677=LINE('',#4601,#978);
#678=LINE('',#4608,#979);
#679=LINE('',#4612,#980);
#680=LINE('',#4616,#981);
#681=LINE('',#4620,#982);
#682=LINE('',#4626,#983);
#683=LINE('',#4628,#984);
#684=LINE('',#4629,#985);
#685=LINE('',#4632,#986);
#686=LINE('',#4634,#987);
#687=LINE('',#4635,#988);
#688=LINE('',#4653,#989);
#689=LINE('',#4656,#990);
#690=LINE('',#4660,#991);
#691=LINE('',#4662,#992);
#692=LINE('',#4663,#993);
#693=LINE('',#4670,#994);
#694=LINE('',#4674,#995);
#695=LINE('',#4675,#996);
#696=LINE('',#4678,#997);
#697=LINE('',#4680,#998);
#698=LINE('',#4682,#999);
#699=LINE('',#4683,#1000);
#700=LINE('',#4686,#1001);
#701=LINE('',#4688,#1002);
#702=LINE('',#4690,#1003);
#703=LINE('',#4692,#1004);
#704=LINE('',#4696,#1005);
#705=LINE('',#4698,#1006);
#706=LINE('',#4699,#1007);
#707=LINE('',#4701,#1008);
#708=LINE('',#4705,#1009);
#709=LINE('',#4707,#1010);
#710=LINE('',#4709,#1011);
#711=LINE('',#4713,#1012);
#712=LINE('',#4717,#1013);
#713=LINE('',#4719,#1014);
#714=LINE('',#4721,#1015);
#715=LINE('',#4723,#1016);
#716=LINE('',#4725,#1017);
#717=LINE('',#4727,#1018);
#718=LINE('',#4729,#1019);
#719=LINE('',#4733,#1020);
#720=LINE('',#4737,#1021);
#721=LINE('',#4739,#1022);
#722=LINE('',#4741,#1023);
#723=LINE('',#4745,#1024);
#724=LINE('',#4747,#1025);
#725=LINE('',#4751,#1026);
#726=LINE('',#4753,#1027);
#727=LINE('',#4755,#1028);
#728=LINE('',#4757,#1029);
#729=LINE('',#4758,#1030);
#730=LINE('',#4761,#1031);
#731=LINE('',#4762,#1032);
#732=LINE('',#4765,#1033);
#733=LINE('',#4767,#1034);
#734=LINE('',#4768,#1035);
#735=LINE('',#4771,#1036);
#736=LINE('',#4773,#1037);
#737=LINE('',#4774,#1038);
#738=LINE('',#4776,#1039);
#739=LINE('',#4778,#1040);
#740=LINE('',#4782,#1041);
#741=LINE('',#4784,#1042);
#742=LINE('',#4786,#1043);
#743=LINE('',#4787,#1044);
#744=LINE('',#4790,#1045);
#745=LINE('',#4791,#1046);
#746=LINE('',#4793,#1047);
#747=LINE('',#4794,#1048);
#748=LINE('',#4796,#1049);
#749=LINE('',#4797,#1050);
#750=LINE('',#4800,#1051);
#751=LINE('',#4802,#1052);
#752=LINE('',#4803,#1053);
#753=LINE('',#4806,#1054);
#754=LINE('',#4807,#1055);
#755=LINE('',#4811,#1056);
#756=LINE('',#4813,#1057);
#757=LINE('',#4815,#1058);
#758=LINE('',#4816,#1059);
#759=LINE('',#4819,#1060);
#760=LINE('',#4821,#1061);
#761=LINE('',#4822,#1062);
#762=LINE('',#4826,#1063);
#763=LINE('',#4827,#1064);
#764=LINE('',#4828,#1065);
#765=LINE('',#4831,#1066);
#766=LINE('',#4832,#1067);
#767=LINE('',#4835,#1068);
#768=LINE('',#4837,#1069);
#769=LINE('',#4838,#1070);
#770=LINE('',#4839,#1071);
#771=LINE('',#4840,#1072);
#772=LINE('',#4842,#1073);
#773=LINE('',#4849,#1074);
#774=LINE('',#4853,#1075);
#775=LINE('',#4855,#1076);
#776=LINE('',#4859,#1077);
#777=LINE('',#4860,#1078);
#778=LINE('',#4862,#1079);
#779=LINE('',#4864,#1080);
#780=LINE('',#4867,#1081);
#781=LINE('',#4869,#1082);
#782=LINE('',#4871,#1083);
#783=LINE('',#4872,#1084);
#784=LINE('',#4874,#1085);
#785=LINE('',#4877,#1086);
#786=LINE('',#4879,#1087);
#787=LINE('',#4886,#1088);
#788=LINE('',#4889,#1089);
#789=LINE('',#4892,#1090);
#790=LINE('',#4898,#1091);
#791=LINE('',#4899,#1092);
#792=LINE('',#4901,#1093);
#793=LINE('',#4903,#1094);
#794=LINE('',#4906,#1095);
#795=LINE('',#4908,#1096);
#796=LINE('',#4910,#1097);
#797=LINE('',#4913,#1098);
#798=LINE('',#4916,#1099);
#799=LINE('',#4917,#1100);
#800=LINE('',#4920,#1101);
#801=LINE('',#4921,#1102);
#802=LINE('',#4942,#1103);
#803=LINE('',#4945,#1104);
#804=LINE('',#4947,#1105);
#805=LINE('',#4948,#1106);
#806=LINE('',#4951,#1107);
#807=LINE('',#4952,#1108);
#808=LINE('',#4954,#1109);
#809=LINE('',#4956,#1110);
#810=LINE('',#4958,#1111);
#811=LINE('',#4959,#1112);
#812=LINE('',#4961,#1113);
#813=LINE('',#4965,#1114);
#814=LINE('',#4968,#1115);
#815=LINE('',#4970,#1116);
#816=LINE('',#4971,#1117);
#817=LINE('',#4973,#1118);
#818=LINE('',#4977,#1119);
#819=LINE('',#4979,#1120);
#820=LINE('',#4981,#1121);
#821=LINE('',#4982,#1122);
#822=LINE('',#4985,#1123);
#823=LINE('',#4987,#1124);
#824=LINE('',#4988,#1125);
#825=LINE('',#4990,#1126);
#826=LINE('',#4992,#1127);
#827=LINE('',#4996,#1128);
#828=LINE('',#4997,#1129);
#829=LINE('',#4998,#1130);
#830=LINE('',#5002,#1131);
#831=LINE('',#5007,#1132);
#832=LINE('',#5008,#1133);
#833=LINE('',#5011,#1134);
#834=LINE('',#5015,#1135);
#835=LINE('',#5022,#1136);
#836=LINE('',#5023,#1137);
#837=LINE('',#5024,#1138);
#838=LINE('',#5030,#1139);
#839=LINE('',#5031,#1140);
#840=LINE('',#5034,#1141);
#841=LINE('',#5039,#1142);
#842=LINE('',#5043,#1143);
#843=LINE('',#5046,#1144);
#844=LINE('',#5048,#1145);
#845=LINE('',#5050,#1146);
#846=LINE('',#5060,#1147);
#847=LINE('',#5061,#1148);
#848=LINE('',#5063,#1149);
#849=LINE('',#5069,#1150);
#850=LINE('',#5071,#1151);
#851=LINE('',#5074,#1152);
#852=LINE('',#5076,#1153);
#853=LINE('',#5077,#1154);
#854=LINE('',#5079,#1155);
#855=LINE('',#5081,#1156);
#856=LINE('',#5082,#1157);
#857=LINE('',#5088,#1158);
#858=LINE('',#5093,#1159);
#859=LINE('',#5099,#1160);
#860=LINE('',#5105,#1161);
#861=LINE('',#5111,#1162);
#862=LINE('',#5116,#1163);
#863=LINE('',#5120,#1164);
#864=LINE('',#5125,#1165);
#865=LINE('',#5130,#1166);
#866=LINE('',#5135,#1167);
#867=LINE('',#5140,#1168);
#868=LINE('',#5142,#1169);
#869=LINE('',#5145,#1170);
#870=LINE('',#5155,#1171);
#871=LINE('',#5157,#1172);
#872=LINE('',#5158,#1173);
#873=LINE('',#5160,#1174);
#874=LINE('',#5162,#1175);
#875=LINE('',#5166,#1176);
#876=LINE('',#5167,#1177);
#877=LINE('',#5170,#1178);
#878=LINE('',#5171,#1179);
#879=LINE('',#5175,#1180);
#880=LINE('',#5177,#1181);
#881=LINE('',#5182,#1182);
#882=LINE('',#5184,#1183);
#883=LINE('',#5187,#1184);
#884=LINE('',#5199,#1185);
#885=VECTOR('',#3404,10.);
#886=VECTOR('',#3405,10.);
#887=VECTOR('',#3406,10.);
#888=VECTOR('',#3407,10.);
#889=VECTOR('',#3410,10.);
#890=VECTOR('',#3411,10.);
#891=VECTOR('',#3412,10.);
#892=VECTOR('',#3417,10.);
#893=VECTOR('',#3420,10.);
#894=VECTOR('',#3421,10.);
#895=VECTOR('',#3432,10.);
#896=VECTOR('',#3435,10.);
#897=VECTOR('',#3438,10.);
#898=VECTOR('',#3439,10.);
#899=VECTOR('',#3440,10.);
#900=VECTOR('',#3443,10.);
#901=VECTOR('',#3444,10.);
#902=VECTOR('',#3447,10.);
#903=VECTOR('',#3448,10.);
#904=VECTOR('',#3451,10.);
#905=VECTOR('',#3456,10.);
#906=VECTOR('',#3457,10.);
#907=VECTOR('',#3458,10.);
#908=VECTOR('',#3459,10.);
#909=VECTOR('',#3460,10.);
#910=VECTOR('',#3461,10.);
#911=VECTOR('',#3462,10.);
#912=VECTOR('',#3463,10.);
#913=VECTOR('',#3468,1.4);
#914=VECTOR('',#3473,10.);
#915=VECTOR('',#3474,10.);
#916=VECTOR('',#3475,10.);
#917=VECTOR('',#3478,10.);
#918=VECTOR('',#3479,10.);
#919=VECTOR('',#3480,10.);
#920=VECTOR('',#3483,10.);
#921=VECTOR('',#3486,10.);
#922=VECTOR('',#3487,10.);
#923=VECTOR('',#3488,10.);
#924=VECTOR('',#3489,10.);
#925=VECTOR('',#3492,10.);
#926=VECTOR('',#3493,10.);
#927=VECTOR('',#3496,10.);
#928=VECTOR('',#3499,10.);
#929=VECTOR('',#3500,10.);
#930=VECTOR('',#3501,10.);
#931=VECTOR('',#3502,10.);
#932=VECTOR('',#3503,10.);
#933=VECTOR('',#3506,10.);
#934=VECTOR('',#3507,10.);
#935=VECTOR('',#3508,10.);
#936=VECTOR('',#3509,10.);
#937=VECTOR('',#3510,10.);
#938=VECTOR('',#3511,10.);
#939=VECTOR('',#3512,10.);
#940=VECTOR('',#3513,10.);
#941=VECTOR('',#3516,10.);
#942=VECTOR('',#3527,10.);
#943=VECTOR('',#3528,10.);
#944=VECTOR('',#3531,10.);
#945=VECTOR('',#3532,10.);
#946=VECTOR('',#3543,10.);
#947=VECTOR('',#3548,10.);
#948=VECTOR('',#3549,10.);
#949=VECTOR('',#3552,10.);
#950=VECTOR('',#3555,10.);
#951=VECTOR('',#3556,10.);
#952=VECTOR('',#3557,10.);
#953=VECTOR('',#3560,10.);
#954=VECTOR('',#3563,10.);
#955=VECTOR('',#3564,10.);
#956=VECTOR('',#3565,10.);
#957=VECTOR('',#3566,10.);
#958=VECTOR('',#3583,1.4);
#959=VECTOR('',#3590,10.);
#960=VECTOR('',#3593,10.);
#961=VECTOR('',#3596,2.7);
#962=VECTOR('',#3599,10.);
#963=VECTOR('',#3602,10.);
#964=VECTOR('',#3605,10.);
#965=VECTOR('',#3608,10.);
#966=VECTOR('',#3615,10.);
#967=VECTOR('',#3618,10.);
#968=VECTOR('',#3621,10.);
#969=VECTOR('',#3624,2.7);
#970=VECTOR('',#3633,10.);
#971=VECTOR('',#3636,10.);
#972=VECTOR('',#3639,2.7);
#973=VECTOR('',#3642,10.);
#974=VECTOR('',#3645,10.);
#975=VECTOR('',#3648,2.7);
#976=VECTOR('',#3651,10.);
#977=VECTOR('',#3656,10.);
#978=VECTOR('',#3659,10.);
#979=VECTOR('',#3666,10.);
#980=VECTOR('',#3669,10.);
#981=VECTOR('',#3672,2.7);
#982=VECTOR('',#3677,10.);
#983=VECTOR('',#3684,10.);
#984=VECTOR('',#3685,10.);
#985=VECTOR('',#3686,10.);
#986=VECTOR('',#3689,10.);
#987=VECTOR('',#3690,10.);
#988=VECTOR('',#3691,10.);
#989=VECTOR('',#3714,10.);
#990=VECTOR('',#3717,10.);
#991=VECTOR('',#3722,10.);
#992=VECTOR('',#3723,10.);
#993=VECTOR('',#3724,10.);
#994=VECTOR('',#3733,10.);
#995=VECTOR('',#3738,10.);
#996=VECTOR('',#3739,10.);
#997=VECTOR('',#3742,10.);
#998=VECTOR('',#3743,10.);
#999=VECTOR('',#3744,10.);
#1000=VECTOR('',#3745,10.);
#1001=VECTOR('',#3748,10.);
#1002=VECTOR('',#3749,10.);
#1003=VECTOR('',#3750,10.);
#1004=VECTOR('',#3751,10.);
#1005=VECTOR('',#3756,10.);
#1006=VECTOR('',#3757,10.);
#1007=VECTOR('',#3758,10.);
#1008=VECTOR('',#3761,10.);
#1009=VECTOR('',#3764,10.);
#1010=VECTOR('',#3765,10.);
#1011=VECTOR('',#3766,10.);
#1012=VECTOR('',#3769,10.);
#1013=VECTOR('',#3772,10.);
#1014=VECTOR('',#3773,10.);
#1015=VECTOR('',#3774,10.);
#1016=VECTOR('',#3775,10.);
#1017=VECTOR('',#3776,10.);
#1018=VECTOR('',#3777,10.);
#1019=VECTOR('',#3778,10.);
#1020=VECTOR('',#3781,10.);
#1021=VECTOR('',#3784,10.);
#1022=VECTOR('',#3785,10.);
#1023=VECTOR('',#3786,10.);
#1024=VECTOR('',#3791,10.);
#1025=VECTOR('',#3792,10.);
#1026=VECTOR('',#3797,10.);
#1027=VECTOR('',#3798,10.);
#1028=VECTOR('',#3799,10.);
#1029=VECTOR('',#3800,10.);
#1030=VECTOR('',#3801,10.);
#1031=VECTOR('',#3804,10.);
#1032=VECTOR('',#3805,10.);
#1033=VECTOR('',#3808,10.);
#1034=VECTOR('',#3809,10.);
#1035=VECTOR('',#3810,10.);
#1036=VECTOR('',#3813,10.);
#1037=VECTOR('',#3814,10.);
#1038=VECTOR('',#3815,10.);
#1039=VECTOR('',#3818,10.);
#1040=VECTOR('',#3821,10.);
#1041=VECTOR('',#3824,10.);
#1042=VECTOR('',#3825,10.);
#1043=VECTOR('',#3826,10.);
#1044=VECTOR('',#3827,10.);
#1045=VECTOR('',#3830,10.);
#1046=VECTOR('',#3831,10.);
#1047=VECTOR('',#3832,10.);
#1048=VECTOR('',#3833,10.);
#1049=VECTOR('',#3834,10.);
#1050=VECTOR('',#3835,10.);
#1051=VECTOR('',#3838,10.);
#1052=VECTOR('',#3839,10.);
#1053=VECTOR('',#3840,10.);
#1054=VECTOR('',#3843,10.);
#1055=VECTOR('',#3844,10.);
#1056=VECTOR('',#3847,10.);
#1057=VECTOR('',#3848,10.);
#1058=VECTOR('',#3849,10.);
#1059=VECTOR('',#3850,10.);
#1060=VECTOR('',#3853,10.);
#1061=VECTOR('',#3854,10.);
#1062=VECTOR('',#3855,10.);
#1063=VECTOR('',#3858,10.);
#1064=VECTOR('',#3859,10.);
#1065=VECTOR('',#3860,10.);
#1066=VECTOR('',#3863,10.);
#1067=VECTOR('',#3864,10.);
#1068=VECTOR('',#3867,10.);
#1069=VECTOR('',#3868,10.);
#1070=VECTOR('',#3869,10.);
#1071=VECTOR('',#3870,10.);
#1072=VECTOR('',#3871,10.);
#1073=VECTOR('',#3874,10.);
#1074=VECTOR('',#3887,10.);
#1075=VECTOR('',#3892,10.);
#1076=VECTOR('',#3893,10.);
#1077=VECTOR('',#3896,10.);
#1078=VECTOR('',#3897,10.);
#1079=VECTOR('',#3898,10.);
#1080=VECTOR('',#3899,10.);
#1081=VECTOR('',#3902,10.);
#1082=VECTOR('',#3903,10.);
#1083=VECTOR('',#3904,10.);
#1084=VECTOR('',#3905,10.);
#1085=VECTOR('',#3908,10.);
#1086=VECTOR('',#3911,10.);
#1087=VECTOR('',#3914,10.);
#1088=VECTOR('',#3925,10.);
#1089=VECTOR('',#3928,10.);
#1090=VECTOR('',#3931,10.);
#1091=VECTOR('',#3940,10.);
#1092=VECTOR('',#3941,10.);
#1093=VECTOR('',#3944,1.4);
#1094=VECTOR('',#3945,10.);
#1095=VECTOR('',#3948,10.);
#1096=VECTOR('',#3951,1.4);
#1097=VECTOR('',#3952,10.);
#1098=VECTOR('',#3955,10.);
#1099=VECTOR('',#3958,10.);
#1100=VECTOR('',#3959,10.);
#1101=VECTOR('',#3962,10.);
#1102=VECTOR('',#3963,10.);
#1103=VECTOR('',#3986,20.);
#1104=VECTOR('',#3989,10.);
#1105=VECTOR('',#3990,10.);
#1106=VECTOR('',#3991,10.);
#1107=VECTOR('',#3994,10.);
#1108=VECTOR('',#3995,10.);
#1109=VECTOR('',#3996,10.);
#1110=VECTOR('',#3997,10.);
#1111=VECTOR('',#3998,10.);
#1112=VECTOR('',#3999,10.);
#1113=VECTOR('',#4002,10.);
#1114=VECTOR('',#4007,10.);
#1115=VECTOR('',#4010,10.);
#1116=VECTOR('',#4011,10.);
#1117=VECTOR('',#4012,10.);
#1118=VECTOR('',#4015,10.);
#1119=VECTOR('',#4020,10.);
#1120=VECTOR('',#4021,10.);
#1121=VECTOR('',#4022,10.);
#1122=VECTOR('',#4023,10.);
#1123=VECTOR('',#4026,10.);
#1124=VECTOR('',#4027,10.);
#1125=VECTOR('',#4028,10.);
#1126=VECTOR('',#4031,10.);
#1127=VECTOR('',#4034,10.);
#1128=VECTOR('',#4037,10.);
#1129=VECTOR('',#4038,10.);
#1130=VECTOR('',#4039,10.);
#1131=VECTOR('',#4044,10.);
#1132=VECTOR('',#4051,10.);
#1133=VECTOR('',#4052,10.);
#1134=VECTOR('',#4055,10.);
#1135=VECTOR('',#4060,10.);
#1136=VECTOR('',#4069,10.);
#1137=VECTOR('',#4070,10.);
#1138=VECTOR('',#4071,10.);
#1139=VECTOR('',#4078,10.);
#1140=VECTOR('',#4079,10.);
#1141=VECTOR('',#4082,10.);
#1142=VECTOR('',#4087,10.);
#1143=VECTOR('',#4090,10.);
#1144=VECTOR('',#4093,10.);
#1145=VECTOR('',#4094,10.);
#1146=VECTOR('',#4097,10.);
#1147=VECTOR('',#4108,10.);
#1148=VECTOR('',#4109,10.);
#1149=VECTOR('',#4112,10.);
#1150=VECTOR('',#4123,10.);
#1151=VECTOR('',#4126,10.);
#1152=VECTOR('',#4131,10.);
#1153=VECTOR('',#4134,10.);
#1154=VECTOR('',#4135,10.);
#1155=VECTOR('',#4138,10.);
#1156=VECTOR('',#4139,10.);
#1157=VECTOR('',#4140,10.);
#1158=VECTOR('',#4149,10.);
#1159=VECTOR('',#4154,1.7);
#1160=VECTOR('',#4161,1.7);
#1161=VECTOR('',#4168,1.7);
#1162=VECTOR('',#4175,1.7);
#1163=VECTOR('',#4182,3.25);
#1164=VECTOR('',#4187,3.25);
#1165=VECTOR('',#4194,1.25);
#1166=VECTOR('',#4201,1.25);
#1167=VECTOR('',#4208,1.25);
#1168=VECTOR('',#4215,1.25);
#1169=VECTOR('',#4218,10.);
#1170=VECTOR('',#4223,10.);
#1171=VECTOR('',#4238,10.);
#1172=VECTOR('',#4239,10.);
#1173=VECTOR('',#4240,10.);
#1174=VECTOR('',#4243,10.);
#1175=VECTOR('',#4246,10.);
#1176=VECTOR('',#4251,3.25);
#1177=VECTOR('',#4252,10.);
#1178=VECTOR('',#4255,10.);
#1179=VECTOR('',#4256,10.);
#1180=VECTOR('',#4261,3.25);
#1181=VECTOR('',#4264,3.25);
#1182=VECTOR('',#4273,10.);
#1183=VECTOR('',#4276,10.);
#1184=VECTOR('',#4281,10.);
#1185=VECTOR('',#4304,10.);
#1186=VERTEX_POINT('',#4309);
#1187=VERTEX_POINT('',#4310);
#1188=VERTEX_POINT('',#4312);
#1189=VERTEX_POINT('',#4314);
#1190=VERTEX_POINT('',#4318);
#1191=VERTEX_POINT('',#4319);
#1192=VERTEX_POINT('',#4324);
#1193=VERTEX_POINT('',#4328);
#1194=VERTEX_POINT('',#4335);
#1195=VERTEX_POINT('',#4336);
#1196=VERTEX_POINT('',#4338);
#1197=VERTEX_POINT('',#4340);
#1198=VERTEX_POINT('',#4344);
#1199=VERTEX_POINT('',#4346);
#1200=VERTEX_POINT('',#4350);
#1201=VERTEX_POINT('',#4354);
#1202=VERTEX_POINT('',#4361);
#1203=VERTEX_POINT('',#4362);
#1204=VERTEX_POINT('',#4364);
#1205=VERTEX_POINT('',#4366);
#1206=VERTEX_POINT('',#4368);
#1207=VERTEX_POINT('',#4370);
#1208=VERTEX_POINT('',#4372);
#1209=VERTEX_POINT('',#4374);
#1210=VERTEX_POINT('',#4378);
#1211=VERTEX_POINT('',#4380);
#1212=VERTEX_POINT('',#4384);
#1213=VERTEX_POINT('',#4386);
#1214=VERTEX_POINT('',#4390);
#1215=VERTEX_POINT('',#4392);
#1216=VERTEX_POINT('',#4398);
#1217=VERTEX_POINT('',#4399);
#1218=VERTEX_POINT('',#4401);
#1219=VERTEX_POINT('',#4403);
#1220=VERTEX_POINT('',#4412);
#1221=VERTEX_POINT('',#4414);
#1222=VERTEX_POINT('',#4416);
#1223=VERTEX_POINT('',#4418);
#1224=VERTEX_POINT('',#4422);
#1225=VERTEX_POINT('',#4423);
#1226=VERTEX_POINT('',#4425);
#1227=VERTEX_POINT('',#4427);
#1228=VERTEX_POINT('',#4429);
#1229=VERTEX_POINT('',#4431);
#1230=VERTEX_POINT('',#4433);
#1231=VERTEX_POINT('',#4435);
#1232=VERTEX_POINT('',#4439);
#1233=VERTEX_POINT('',#4444);
#1234=VERTEX_POINT('',#4447);
#1235=VERTEX_POINT('',#4449);
#1236=VERTEX_POINT('',#4451);
#1237=VERTEX_POINT('',#4453);
#1238=VERTEX_POINT('',#4455);
#1239=VERTEX_POINT('',#4457);
#1240=VERTEX_POINT('',#4461);
#1241=VERTEX_POINT('',#4462);
#1242=VERTEX_POINT('',#4464);
#1243=VERTEX_POINT('',#4466);
#1244=VERTEX_POINT('',#4468);
#1245=VERTEX_POINT('',#4470);
#1246=VERTEX_POINT('',#4472);
#1247=VERTEX_POINT('',#4474);
#1248=VERTEX_POINT('',#4476);
#1249=VERTEX_POINT('',#4478);
#1250=VERTEX_POINT('',#4480);
#1251=VERTEX_POINT('',#4482);
#1252=VERTEX_POINT('',#4484);
#1253=VERTEX_POINT('',#4486);
#1254=VERTEX_POINT('',#4488);
#1255=VERTEX_POINT('',#4490);
#1256=VERTEX_POINT('',#4492);
#1257=VERTEX_POINT('',#4494);
#1258=VERTEX_POINT('',#4497);
#1259=VERTEX_POINT('',#4500);
#1260=VERTEX_POINT('',#4502);
#1261=VERTEX_POINT('',#4504);
#1262=VERTEX_POINT('',#4506);
#1263=VERTEX_POINT('',#4508);
#1264=VERTEX_POINT('',#4510);
#1265=VERTEX_POINT('',#4513);
#1266=VERTEX_POINT('',#4517);
#1267=VERTEX_POINT('',#4520);
#1268=VERTEX_POINT('',#4521);
#1269=VERTEX_POINT('',#4523);
#1270=VERTEX_POINT('',#4525);
#1271=VERTEX_POINT('',#4527);
#1272=VERTEX_POINT('',#4531);
#1273=VERTEX_POINT('',#4533);
#1274=VERTEX_POINT('',#4535);
#1275=VERTEX_POINT('',#4538);
#1276=VERTEX_POINT('',#4539);
#1277=VERTEX_POINT('',#4541);
#1278=VERTEX_POINT('',#4543);
#1279=VERTEX_POINT('',#4547);
#1280=VERTEX_POINT('',#4548);
#1281=VERTEX_POINT('',#4550);
#1282=VERTEX_POINT('',#4552);
#1283=VERTEX_POINT('',#4554);
#1284=VERTEX_POINT('',#4556);
#1285=VERTEX_POINT('',#4558);
#1286=VERTEX_POINT('',#4561);
#1287=VERTEX_POINT('',#4565);
#1288=VERTEX_POINT('',#4568);
#1289=VERTEX_POINT('',#4569);
#1290=VERTEX_POINT('',#4571);
#1291=VERTEX_POINT('',#4573);
#1292=VERTEX_POINT('',#4575);
#1293=VERTEX_POINT('',#4577);
#1294=VERTEX_POINT('',#4579);
#1295=VERTEX_POINT('',#4581);
#1296=VERTEX_POINT('',#4583);
#1297=VERTEX_POINT('',#4585);
#1298=VERTEX_POINT('',#4587);
#1299=VERTEX_POINT('',#4591);
#1300=VERTEX_POINT('',#4595);
#1301=VERTEX_POINT('',#4596);
#1302=VERTEX_POINT('',#4598);
#1303=VERTEX_POINT('',#4600);
#1304=VERTEX_POINT('',#4604);
#1305=VERTEX_POINT('',#4605);
#1306=VERTEX_POINT('',#4607);
#1307=VERTEX_POINT('',#4609);
#1308=VERTEX_POINT('',#4611);
#1309=VERTEX_POINT('',#4613);
#1310=VERTEX_POINT('',#4615);
#1311=VERTEX_POINT('',#4618);
#1312=VERTEX_POINT('',#4622);
#1313=VERTEX_POINT('',#4625);
#1314=VERTEX_POINT('',#4627);
#1315=VERTEX_POINT('',#4631);
#1316=VERTEX_POINT('',#4633);
#1317=VERTEX_POINT('',#4639);
#1318=VERTEX_POINT('',#4641);
#1319=VERTEX_POINT('',#4643);
#1320=VERTEX_POINT('',#4646);
#1321=VERTEX_POINT('',#4648);
#1322=VERTEX_POINT('',#4652);
#1323=VERTEX_POINT('',#4654);
#1324=VERTEX_POINT('',#4659);
#1325=VERTEX_POINT('',#4661);
#1326=VERTEX_POINT('',#4667);
#1327=VERTEX_POINT('',#4669);
#1328=VERTEX_POINT('',#4673);
#1329=VERTEX_POINT('',#4677);
#1330=VERTEX_POINT('',#4679);
#1331=VERTEX_POINT('',#4681);
#1332=VERTEX_POINT('',#4685);
#1333=VERTEX_POINT('',#4687);
#1334=VERTEX_POINT('',#4689);
#1335=VERTEX_POINT('',#4691);
#1336=VERTEX_POINT('',#4695);
#1337=VERTEX_POINT('',#4697);
#1338=VERTEX_POINT('',#4702);
#1339=VERTEX_POINT('',#4704);
#1340=VERTEX_POINT('',#4706);
#1341=VERTEX_POINT('',#4708);
#1342=VERTEX_POINT('',#4710);
#1343=VERTEX_POINT('',#4712);
#1344=VERTEX_POINT('',#4714);
#1345=VERTEX_POINT('',#4716);
#1346=VERTEX_POINT('',#4718);
#1347=VERTEX_POINT('',#4720);
#1348=VERTEX_POINT('',#4722);
#1349=VERTEX_POINT('',#4724);
#1350=VERTEX_POINT('',#4726);
#1351=VERTEX_POINT('',#4728);
#1352=VERTEX_POINT('',#4730);
#1353=VERTEX_POINT('',#4732);
#1354=VERTEX_POINT('',#4734);
#1355=VERTEX_POINT('',#4736);
#1356=VERTEX_POINT('',#4738);
#1357=VERTEX_POINT('',#4740);
#1358=VERTEX_POINT('',#4744);
#1359=VERTEX_POINT('',#4746);
#1360=VERTEX_POINT('',#4750);
#1361=VERTEX_POINT('',#4752);
#1362=VERTEX_POINT('',#4754);
#1363=VERTEX_POINT('',#4756);
#1364=VERTEX_POINT('',#4760);
#1365=VERTEX_POINT('',#4764);
#1366=VERTEX_POINT('',#4766);
#1367=VERTEX_POINT('',#4770);
#1368=VERTEX_POINT('',#4772);
#1369=VERTEX_POINT('',#4780);
#1370=VERTEX_POINT('',#4781);
#1371=VERTEX_POINT('',#4783);
#1372=VERTEX_POINT('',#4785);
#1373=VERTEX_POINT('',#4789);
#1374=VERTEX_POINT('',#4792);
#1375=VERTEX_POINT('',#4795);
#1376=VERTEX_POINT('',#4799);
#1377=VERTEX_POINT('',#4801);
#1378=VERTEX_POINT('',#4805);
#1379=VERTEX_POINT('',#4809);
#1380=VERTEX_POINT('',#4810);
#1381=VERTEX_POINT('',#4812);
#1382=VERTEX_POINT('',#4814);
#1383=VERTEX_POINT('',#4818);
#1384=VERTEX_POINT('',#4820);
#1385=VERTEX_POINT('',#4824);
#1386=VERTEX_POINT('',#4825);
#1387=VERTEX_POINT('',#4830);
#1388=VERTEX_POINT('',#4834);
#1389=VERTEX_POINT('',#4836);
#1390=VERTEX_POINT('',#4852);
#1391=VERTEX_POINT('',#4854);
#1392=VERTEX_POINT('',#4856);
#1393=VERTEX_POINT('',#4858);
#1394=VERTEX_POINT('',#4861);
#1395=VERTEX_POINT('',#4863);
#1396=VERTEX_POINT('',#4865);
#1397=VERTEX_POINT('',#4868);
#1398=VERTEX_POINT('',#4870);
#1399=VERTEX_POINT('',#4876);
#1400=VERTEX_POINT('',#4885);
#1401=VERTEX_POINT('',#4887);
#1402=VERTEX_POINT('',#4891);
#1403=VERTEX_POINT('',#4897);
#1404=VERTEX_POINT('',#4902);
#1405=VERTEX_POINT('',#4904);
#1406=VERTEX_POINT('',#4909);
#1407=VERTEX_POINT('',#4911);
#1408=VERTEX_POINT('',#4915);
#1409=VERTEX_POINT('',#4919);
#1410=VERTEX_POINT('',#4923);
#1411=VERTEX_POINT('',#4925);
#1412=VERTEX_POINT('',#4927);
#1413=VERTEX_POINT('',#4929);
#1414=VERTEX_POINT('',#4931);
#1415=VERTEX_POINT('',#4933);
#1416=VERTEX_POINT('',#4935);
#1417=VERTEX_POINT('',#4937);
#1418=VERTEX_POINT('',#4939);
#1419=VERTEX_POINT('',#4944);
#1420=VERTEX_POINT('',#4946);
#1421=VERTEX_POINT('',#4950);
#1422=VERTEX_POINT('',#4953);
#1423=VERTEX_POINT('',#4955);
#1424=VERTEX_POINT('',#4957);
#1425=VERTEX_POINT('',#4963);
#1426=VERTEX_POINT('',#4967);
#1427=VERTEX_POINT('',#4969);
#1428=VERTEX_POINT('',#4976);
#1429=VERTEX_POINT('',#4978);
#1430=VERTEX_POINT('',#4980);
#1431=VERTEX_POINT('',#4984);
#1432=VERTEX_POINT('',#4986);
#1433=VERTEX_POINT('',#4994);
#1434=VERTEX_POINT('',#4995);
#1435=VERTEX_POINT('',#5000);
#1436=VERTEX_POINT('',#5006);
#1437=VERTEX_POINT('',#5010);
#1438=VERTEX_POINT('',#5014);
#1439=VERTEX_POINT('',#5020);
#1440=VERTEX_POINT('',#5021);
#1441=VERTEX_POINT('',#5028);
#1442=VERTEX_POINT('',#5029);
#1443=VERTEX_POINT('',#5032);
#1444=VERTEX_POINT('',#5037);
#1445=VERTEX_POINT('',#5038);
#1446=VERTEX_POINT('',#5040);
#1447=VERTEX_POINT('',#5042);
#1448=VERTEX_POINT('',#5044);
#1449=VERTEX_POINT('',#5047);
#1450=VERTEX_POINT('',#5051);
#1451=VERTEX_POINT('',#5053);
#1452=VERTEX_POINT('',#5055);
#1453=VERTEX_POINT('',#5057);
#1454=VERTEX_POINT('',#5080);
#1455=VERTEX_POINT('',#5086);
#1456=VERTEX_POINT('',#5090);
#1457=VERTEX_POINT('',#5092);
#1458=VERTEX_POINT('',#5096);
#1459=VERTEX_POINT('',#5098);
#1460=VERTEX_POINT('',#5102);
#1461=VERTEX_POINT('',#5104);
#1462=VERTEX_POINT('',#5108);
#1463=VERTEX_POINT('',#5110);
#1464=VERTEX_POINT('',#5114);
#1465=VERTEX_POINT('',#5118);
#1466=VERTEX_POINT('',#5122);
#1467=VERTEX_POINT('',#5127);
#1468=VERTEX_POINT('',#5132);
#1469=VERTEX_POINT('',#5137);
#1470=VERTEX_POINT('',#5151);
#1471=VERTEX_POINT('',#5154);
#1472=VERTEX_POINT('',#5156);
#1473=VERTEX_POINT('',#5164);
#1474=VERTEX_POINT('',#5169);
#1475=VERTEX_POINT('',#5173);
#1476=EDGE_CURVE('',#1186,#1187,#584,.T.);
#1477=EDGE_CURVE('',#1188,#1187,#585,.T.);
#1478=EDGE_CURVE('',#1189,#1188,#586,.T.);
#1479=EDGE_CURVE('',#1189,#1186,#587,.T.);
#1480=EDGE_CURVE('',#1190,#1191,#588,.T.);
#1481=EDGE_CURVE('',#1188,#1191,#589,.T.);
#1482=EDGE_CURVE('',#1187,#1190,#590,.T.);
#1483=EDGE_CURVE('',#1192,#1190,#89,.T.);
#1484=EDGE_CURVE('',#1192,#1186,#591,.T.);
#1485=EDGE_CURVE('',#1193,#1192,#592,.T.);
#1486=EDGE_CURVE('',#1193,#1189,#593,.T.);
#1487=EDGE_CURVE('',#1191,#1193,#90,.T.);
#1488=EDGE_CURVE('',#1194,#1195,#91,.T.);
#1489=EDGE_CURVE('',#1196,#1194,#594,.T.);
#1490=EDGE_CURVE('',#1197,#1196,#92,.T.);
#1491=EDGE_CURVE('',#1195,#1197,#595,.T.);
#1492=EDGE_CURVE('',#1196,#1198,#596,.T.);
#1493=EDGE_CURVE('',#1198,#1199,#597,.T.);
#1494=EDGE_CURVE('',#1199,#1197,#598,.T.);
#1495=EDGE_CURVE('',#1194,#1200,#599,.T.);
#1496=EDGE_CURVE('',#1198,#1200,#600,.T.);
#1497=EDGE_CURVE('',#1201,#1195,#601,.T.);
#1498=EDGE_CURVE('',#1200,#1201,#602,.T.);
#1499=EDGE_CURVE('',#1199,#1201,#603,.T.);
#1500=EDGE_CURVE('',#1202,#1203,#604,.T.);
#1501=EDGE_CURVE('',#1204,#1202,#605,.T.);
#1502=EDGE_CURVE('',#1205,#1204,#606,.T.);
#1503=EDGE_CURVE('',#1206,#1205,#607,.T.);
#1504=EDGE_CURVE('',#1207,#1206,#608,.T.);
#1505=EDGE_CURVE('',#1208,#1207,#609,.T.);
#1506=EDGE_CURVE('',#1209,#1208,#610,.T.);
#1507=EDGE_CURVE('',#1209,#1203,#611,.T.);
#1508=EDGE_CURVE('',#1210,#1210,#93,.T.);
#1509=EDGE_CURVE('',#1210,#1211,#612,.T.);
#1510=EDGE_CURVE('',#1211,#1211,#94,.T.);
#1511=EDGE_CURVE('',#1203,#1212,#613,.T.);
#1512=EDGE_CURVE('',#1213,#1209,#614,.T.);
#1513=EDGE_CURVE('',#1213,#1212,#615,.T.);
#1514=EDGE_CURVE('',#1212,#1214,#616,.T.);
#1515=EDGE_CURVE('',#1215,#1213,#617,.T.);
#1516=EDGE_CURVE('',#1214,#1215,#618,.T.);
#1517=EDGE_CURVE('',#1215,#1208,#619,.T.);
#1518=EDGE_CURVE('',#1216,#1217,#620,.T.);
#1519=EDGE_CURVE('',#1218,#1216,#621,.T.);
#1520=EDGE_CURVE('',#1219,#1218,#622,.T.);
#1521=EDGE_CURVE('',#1219,#1217,#623,.T.);
#1522=EDGE_CURVE('',#1217,#1202,#624,.T.);
#1523=EDGE_CURVE('',#1204,#1219,#625,.T.);
#1524=EDGE_CURVE('',#1205,#1218,#626,.T.);
#1525=EDGE_CURVE('',#1207,#1220,#627,.T.);
#1526=EDGE_CURVE('',#1220,#1221,#628,.T.);
#1527=EDGE_CURVE('',#1222,#1221,#629,.T.);
#1528=EDGE_CURVE('',#1222,#1223,#630,.T.);
#1529=EDGE_CURVE('',#1214,#1223,#631,.T.);
#1530=EDGE_CURVE('',#1224,#1225,#632,.T.);
#1531=EDGE_CURVE('',#1225,#1226,#633,.T.);
#1532=EDGE_CURVE('',#1226,#1227,#634,.T.);
#1533=EDGE_CURVE('',#1228,#1227,#635,.T.);
#1534=EDGE_CURVE('',#1229,#1228,#636,.T.);
#1535=EDGE_CURVE('',#1230,#1229,#637,.T.);
#1536=EDGE_CURVE('',#1231,#1230,#638,.T.);
#1537=EDGE_CURVE('',#1224,#1231,#639,.T.);
#1538=EDGE_CURVE('',#1232,#1206,#640,.T.);
#1539=EDGE_CURVE('',#1232,#1226,#95,.T.);
#1540=EDGE_CURVE('',#1225,#1220,#96,.T.);
#1541=EDGE_CURVE('',#1233,#1233,#97,.T.);
#1542=EDGE_CURVE('',#1231,#1234,#641,.T.);
#1543=EDGE_CURVE('',#1234,#1235,#642,.T.);
#1544=EDGE_CURVE('',#1235,#1236,#98,.T.);
#1545=EDGE_CURVE('',#1237,#1236,#643,.T.);
#1546=EDGE_CURVE('',#1238,#1237,#644,.T.);
#1547=EDGE_CURVE('',#1238,#1239,#99,.T.);
#1548=EDGE_CURVE('',#1239,#1224,#100,.T.);
#1549=EDGE_CURVE('',#1240,#1241,#101,.T.);
#1550=EDGE_CURVE('',#1241,#1242,#102,.T.);
#1551=EDGE_CURVE('',#1243,#1242,#645,.T.);
#1552=EDGE_CURVE('',#1243,#1244,#103,.T.);
#1553=EDGE_CURVE('',#1244,#1245,#104,.T.);
#1554=EDGE_CURVE('',#1246,#1245,#646,.T.);
#1555=EDGE_CURVE('',#1247,#1246,#647,.T.);
#1556=EDGE_CURVE('',#1247,#1248,#105,.T.);
#1557=EDGE_CURVE('',#1249,#1248,#648,.T.);
#1558=EDGE_CURVE('',#1249,#1250,#106,.T.);
#1559=EDGE_CURVE('',#1251,#1250,#649,.T.);
#1560=EDGE_CURVE('',#1252,#1251,#650,.T.);
#1561=EDGE_CURVE('',#1253,#1252,#651,.T.);
#1562=EDGE_CURVE('',#1253,#1254,#107,.T.);
#1563=EDGE_CURVE('',#1255,#1254,#652,.T.);
#1564=EDGE_CURVE('',#1255,#1256,#108,.T.);
#1565=EDGE_CURVE('',#1257,#1256,#653,.T.);
#1566=EDGE_CURVE('',#1240,#1257,#654,.T.);
#1567=EDGE_CURVE('',#1223,#1258,#655,.T.);
#1568=EDGE_CURVE('',#1258,#1216,#656,.T.);
#1569=EDGE_CURVE('',#1259,#1259,#109,.T.);
#1570=EDGE_CURVE('',#1260,#1260,#110,.T.);
#1571=EDGE_CURVE('',#1261,#1261,#111,.T.);
#1572=EDGE_CURVE('',#1262,#1262,#112,.T.);
#1573=EDGE_CURVE('',#1263,#1263,#113,.T.);
#1574=EDGE_CURVE('',#1264,#1264,#114,.T.);
#1575=EDGE_CURVE('',#1265,#1265,#115,.T.);
#1576=EDGE_CURVE('',#1265,#1264,#657,.T.);
#1577=EDGE_CURVE('',#1266,#1266,#116,.T.);
#1578=EDGE_CURVE('',#1267,#1268,#658,.T.);
#1579=EDGE_CURVE('',#1269,#1267,#117,.T.);
#1580=EDGE_CURVE('',#1270,#1269,#659,.T.);
#1581=EDGE_CURVE('',#1271,#1270,#118,.T.);
#1582=EDGE_CURVE('',#1271,#1266,#660,.T.);
#1583=EDGE_CURVE('',#1268,#1271,#119,.T.);
#1584=EDGE_CURVE('',#1272,#1239,#661,.T.);
#1585=EDGE_CURVE('',#1273,#1272,#120,.T.);
#1586=EDGE_CURVE('',#1274,#1273,#662,.T.);
#1587=EDGE_CURVE('',#1221,#1274,#121,.T.);
#1588=EDGE_CURVE('',#1275,#1276,#663,.T.);
#1589=EDGE_CURVE('',#1277,#1275,#122,.T.);
#1590=EDGE_CURVE('',#1278,#1277,#664,.T.);
#1591=EDGE_CURVE('',#1276,#1278,#123,.T.);
#1592=EDGE_CURVE('',#1279,#1280,#124,.T.);
#1593=EDGE_CURVE('',#1281,#1279,#665,.T.);
#1594=EDGE_CURVE('',#1282,#1281,#125,.T.);
#1595=EDGE_CURVE('',#1283,#1282,#666,.T.);
#1596=EDGE_CURVE('',#1284,#1283,#126,.T.);
#1597=EDGE_CURVE('',#1285,#1284,#667,.T.);
#1598=EDGE_CURVE('',#1280,#1285,#127,.T.);
#1599=EDGE_CURVE('',#1280,#1286,#668,.T.);
#1600=EDGE_CURVE('',#1286,#1286,#128,.T.);
#1601=EDGE_CURVE('',#1287,#1287,#129,.T.);
#1602=EDGE_CURVE('',#1288,#1289,#669,.T.);
#1603=EDGE_CURVE('',#1290,#1288,#130,.T.);
#1604=EDGE_CURVE('',#1291,#1290,#670,.T.);
#1605=EDGE_CURVE('',#1292,#1291,#131,.T.);
#1606=EDGE_CURVE('',#1292,#1293,#671,.T.);
#1607=EDGE_CURVE('',#1294,#1293,#132,.T.);
#1608=EDGE_CURVE('',#1295,#1294,#672,.T.);
#1609=EDGE_CURVE('',#1296,#1295,#133,.T.);
#1610=EDGE_CURVE('',#1297,#1296,#673,.T.);
#1611=EDGE_CURVE('',#1298,#1297,#134,.T.);
#1612=EDGE_CURVE('',#1298,#1233,#674,.T.);
#1613=EDGE_CURVE('',#1227,#1298,#135,.T.);
#1614=EDGE_CURVE('',#1299,#1232,#675,.T.);
#1615=EDGE_CURVE('',#1293,#1299,#136,.T.);
#1616=EDGE_CURVE('',#1289,#1292,#137,.T.);
#1617=EDGE_CURVE('',#1300,#1301,#676,.T.);
#1618=EDGE_CURVE('',#1302,#1300,#138,.T.);
#1619=EDGE_CURVE('',#1303,#1302,#677,.T.);
#1620=EDGE_CURVE('',#1301,#1303,#139,.T.);
#1621=EDGE_CURVE('',#1304,#1305,#140,.T.);
#1622=EDGE_CURVE('',#1306,#1304,#678,.T.);
#1623=EDGE_CURVE('',#1307,#1306,#141,.T.);
#1624=EDGE_CURVE('',#1308,#1307,#679,.T.);
#1625=EDGE_CURVE('',#1309,#1308,#142,.T.);
#1626=EDGE_CURVE('',#1309,#1310,#680,.T.);
#1627=EDGE_CURVE('',#1310,#1310,#143,.T.);
#1628=EDGE_CURVE('',#1311,#1309,#144,.T.);
#1629=EDGE_CURVE('',#1305,#1311,#681,.T.);
#1630=EDGE_CURVE('',#1312,#1312,#145,.T.);
#1631=EDGE_CURVE('',#1282,#1313,#682,.T.);
#1632=EDGE_CURVE('',#1313,#1314,#683,.T.);
#1633=EDGE_CURVE('',#1314,#1283,#684,.T.);
#1634=EDGE_CURVE('',#1277,#1315,#685,.T.);
#1635=EDGE_CURVE('',#1315,#1316,#686,.T.);
#1636=EDGE_CURVE('',#1278,#1316,#687,.T.);
#1637=EDGE_CURVE('',#1275,#1315,#146,.T.);
#1638=EDGE_CURVE('',#1317,#1317,#147,.T.);
#1639=EDGE_CURVE('',#1270,#1318,#148,.T.);
#1640=EDGE_CURVE('',#1318,#1319,#149,.T.);
#1641=EDGE_CURVE('',#1319,#1289,#150,.T.);
#1642=EDGE_CURVE('',#1291,#1320,#151,.T.);
#1643=EDGE_CURVE('',#1320,#1321,#152,.T.);
#1644=EDGE_CURVE('',#1321,#1268,#153,.T.);
#1645=EDGE_CURVE('',#1322,#1319,#688,.T.);
#1646=EDGE_CURVE('',#1323,#1322,#154,.T.);
#1647=EDGE_CURVE('',#1320,#1323,#689,.T.);
#1648=EDGE_CURVE('',#1290,#1288,#155,.T.);
#1649=EDGE_CURVE('',#1324,#1302,#690,.T.);
#1650=EDGE_CURVE('',#1324,#1325,#691,.T.);
#1651=EDGE_CURVE('',#1325,#1303,#692,.T.);
#1652=EDGE_CURVE('',#1300,#1324,#156,.T.);
#1653=EDGE_CURVE('',#1326,#1296,#157,.T.);
#1654=EDGE_CURVE('',#1327,#1326,#693,.T.);
#1655=EDGE_CURVE('',#1297,#1327,#158,.T.);
#1656=EDGE_CURVE('',#1295,#1328,#694,.T.);
#1657=EDGE_CURVE('',#1328,#1326,#695,.T.);
#1658=EDGE_CURVE('',#1329,#1294,#696,.T.);
#1659=EDGE_CURVE('',#1330,#1329,#697,.T.);
#1660=EDGE_CURVE('',#1330,#1331,#698,.T.);
#1661=EDGE_CURVE('',#1328,#1331,#699,.T.);
#1662=EDGE_CURVE('',#1299,#1332,#700,.T.);
#1663=EDGE_CURVE('',#1332,#1333,#701,.T.);
#1664=EDGE_CURVE('',#1333,#1334,#702,.T.);
#1665=EDGE_CURVE('',#1334,#1335,#703,.T.);
#1666=EDGE_CURVE('',#1329,#1335,#159,.T.);
#1667=EDGE_CURVE('',#1307,#1336,#704,.T.);
#1668=EDGE_CURVE('',#1336,#1337,#705,.T.);
#1669=EDGE_CURVE('',#1337,#1308,#706,.T.);
#1670=EDGE_CURVE('',#1311,#1281,#707,.T.);
#1671=EDGE_CURVE('',#1338,#1337,#160,.T.);
#1672=EDGE_CURVE('',#1339,#1338,#708,.T.);
#1673=EDGE_CURVE('',#1340,#1339,#709,.T.);
#1674=EDGE_CURVE('',#1340,#1341,#710,.T.);
#1675=EDGE_CURVE('',#1341,#1342,#161,.T.);
#1676=EDGE_CURVE('',#1343,#1342,#711,.T.);
#1677=EDGE_CURVE('',#1344,#1343,#162,.T.);
#1678=EDGE_CURVE('',#1345,#1344,#712,.T.);
#1679=EDGE_CURVE('',#1346,#1345,#713,.T.);
#1680=EDGE_CURVE('',#1346,#1347,#714,.T.);
#1681=EDGE_CURVE('',#1347,#1348,#715,.T.);
#1682=EDGE_CURVE('',#1348,#1349,#716,.T.);
#1683=EDGE_CURVE('',#1350,#1349,#717,.T.);
#1684=EDGE_CURVE('',#1351,#1350,#718,.T.);
#1685=EDGE_CURVE('',#1352,#1351,#163,.T.);
#1686=EDGE_CURVE('',#1353,#1352,#719,.T.);
#1687=EDGE_CURVE('',#1353,#1354,#164,.T.);
#1688=EDGE_CURVE('',#1354,#1355,#720,.T.);
#1689=EDGE_CURVE('',#1356,#1355,#721,.T.);
#1690=EDGE_CURVE('',#1357,#1356,#722,.T.);
#1691=EDGE_CURVE('',#1313,#1357,#165,.T.);
#1692=EDGE_CURVE('',#1306,#1358,#723,.T.);
#1693=EDGE_CURVE('',#1358,#1359,#724,.T.);
#1694=EDGE_CURVE('',#1336,#1359,#166,.T.);
#1695=EDGE_CURVE('',#1279,#1360,#725,.T.);
#1696=EDGE_CURVE('',#1360,#1361,#726,.T.);
#1697=EDGE_CURVE('',#1361,#1362,#727,.T.);
#1698=EDGE_CURVE('',#1362,#1363,#728,.T.);
#1699=EDGE_CURVE('',#1363,#1305,#729,.T.);
#1700=EDGE_CURVE('',#1304,#1364,#730,.T.);
#1701=EDGE_CURVE('',#1358,#1364,#731,.T.);
#1702=EDGE_CURVE('',#1365,#1346,#732,.T.);
#1703=EDGE_CURVE('',#1365,#1366,#733,.T.);
#1704=EDGE_CURVE('',#1347,#1366,#734,.T.);
#1705=EDGE_CURVE('',#1349,#1367,#735,.T.);
#1706=EDGE_CURVE('',#1348,#1368,#736,.T.);
#1707=EDGE_CURVE('',#1368,#1367,#737,.T.);
#1708=EDGE_CURVE('',#1366,#1368,#738,.T.);
#1709=EDGE_CURVE('',#1367,#1365,#739,.T.);
#1710=EDGE_CURVE('',#1369,#1370,#740,.T.);
#1711=EDGE_CURVE('',#1369,#1371,#741,.T.);
#1712=EDGE_CURVE('',#1371,#1372,#742,.T.);
#1713=EDGE_CURVE('',#1370,#1372,#743,.T.);
#1714=EDGE_CURVE('',#1373,#1369,#744,.T.);
#1715=EDGE_CURVE('',#1355,#1373,#745,.T.);
#1716=EDGE_CURVE('',#1374,#1354,#746,.T.);
#1717=EDGE_CURVE('',#1374,#1334,#747,.T.);
#1718=EDGE_CURVE('',#1375,#1333,#748,.T.);
#1719=EDGE_CURVE('',#1375,#1371,#749,.T.);
#1720=EDGE_CURVE('',#1376,#1228,#750,.T.);
#1721=EDGE_CURVE('',#1376,#1377,#751,.T.);
#1722=EDGE_CURVE('',#1377,#1229,#752,.T.);
#1723=EDGE_CURVE('',#1335,#1378,#753,.T.);
#1724=EDGE_CURVE('',#1378,#1374,#754,.T.);
#1725=EDGE_CURVE('',#1379,#1380,#755,.T.);
#1726=EDGE_CURVE('',#1381,#1379,#756,.T.);
#1727=EDGE_CURVE('',#1381,#1382,#757,.T.);
#1728=EDGE_CURVE('',#1380,#1382,#758,.T.);
#1729=EDGE_CURVE('',#1235,#1383,#759,.T.);
#1730=EDGE_CURVE('',#1234,#1384,#760,.T.);
#1731=EDGE_CURVE('',#1384,#1383,#761,.T.);
#1732=EDGE_CURVE('',#1385,#1386,#762,.T.);
#1733=EDGE_CURVE('',#1385,#1377,#763,.T.);
#1734=EDGE_CURVE('',#1386,#1376,#764,.T.);
#1735=EDGE_CURVE('',#1387,#1375,#765,.T.);
#1736=EDGE_CURVE('',#1372,#1387,#766,.T.);
#1737=EDGE_CURVE('',#1370,#1388,#767,.T.);
#1738=EDGE_CURVE('',#1389,#1387,#768,.T.);
#1739=EDGE_CURVE('',#1382,#1389,#769,.T.);
#1740=EDGE_CURVE('',#1341,#1381,#770,.T.);
#1741=EDGE_CURVE('',#1388,#1340,#771,.T.);
#1742=EDGE_CURVE('',#1230,#1384,#772,.T.);
#1743=EDGE_CURVE('',#1383,#1385,#167,.T.);
#1744=EDGE_CURVE('',#1354,#1341,#168,.T.);
#1745=EDGE_CURVE('',#1378,#1379,#169,.T.);
#1746=EDGE_CURVE('',#1331,#1327,#773,.T.);
#1747=EDGE_CURVE('',#1330,#1386,#170,.T.);
#1748=EDGE_CURVE('',#1390,#1285,#774,.T.);
#1749=EDGE_CURVE('',#1391,#1390,#775,.T.);
#1750=EDGE_CURVE('',#1391,#1392,#171,.T.);
#1751=EDGE_CURVE('',#1393,#1392,#776,.T.);
#1752=EDGE_CURVE('',#1393,#1373,#777,.T.);
#1753=EDGE_CURVE('',#1388,#1394,#778,.T.);
#1754=EDGE_CURVE('',#1395,#1394,#779,.T.);
#1755=EDGE_CURVE('',#1395,#1396,#172,.T.);
#1756=EDGE_CURVE('',#1364,#1396,#780,.T.);
#1757=EDGE_CURVE('',#1397,#1363,#781,.T.);
#1758=EDGE_CURVE('',#1398,#1397,#782,.T.);
#1759=EDGE_CURVE('',#1360,#1398,#783,.T.);
#1760=EDGE_CURVE('',#1394,#1339,#784,.T.);
#1761=EDGE_CURVE('',#1274,#1399,#785,.T.);
#1762=EDGE_CURVE('',#1380,#1399,#173,.T.);
#1763=EDGE_CURVE('',#1389,#1222,#786,.T.);
#1764=EDGE_CURVE('',#1325,#1301,#174,.T.);
#1765=EDGE_CURVE('',#1269,#1267,#175,.T.);
#1766=EDGE_CURVE('',#1400,#1321,#787,.T.);
#1767=EDGE_CURVE('',#1401,#1400,#176,.T.);
#1768=EDGE_CURVE('',#1318,#1401,#788,.T.);
#1769=EDGE_CURVE('',#1402,#1238,#789,.T.);
#1770=EDGE_CURVE('',#1272,#1402,#177,.T.);
#1771=EDGE_CURVE('',#1316,#1276,#178,.T.);
#1772=EDGE_CURVE('',#1403,#1284,#790,.T.);
#1773=EDGE_CURVE('',#1403,#1390,#791,.T.);
#1774=EDGE_CURVE('',#1287,#1241,#792,.T.);
#1775=EDGE_CURVE('',#1404,#1240,#793,.T.);
#1776=EDGE_CURVE('',#1405,#1404,#179,.T.);
#1777=EDGE_CURVE('',#1242,#1405,#794,.T.);
#1778=EDGE_CURVE('',#1312,#1244,#795,.T.);
#1779=EDGE_CURVE('',#1406,#1243,#796,.T.);
#1780=EDGE_CURVE('',#1407,#1406,#180,.T.);
#1781=EDGE_CURVE('',#1245,#1407,#797,.T.);
#1782=EDGE_CURVE('',#1408,#1257,#798,.T.);
#1783=EDGE_CURVE('',#1404,#1408,#799,.T.);
#1784=EDGE_CURVE('',#1409,#1407,#800,.T.);
#1785=EDGE_CURVE('',#1409,#1246,#801,.T.);
#1786=EDGE_CURVE('',#1342,#1410,#181,.T.);
#1787=EDGE_CURVE('',#1411,#1353,#182,.T.);
#1788=EDGE_CURVE('',#1412,#1411,#183,.T.);
#1789=EDGE_CURVE('',#1413,#1412,#184,.T.);
#1790=EDGE_CURVE('',#1414,#1413,#185,.T.);
#1791=EDGE_CURVE('',#1415,#1414,#186,.T.);
#1792=EDGE_CURVE('',#1416,#1415,#187,.T.);
#1793=EDGE_CURVE('',#1417,#1416,#188,.T.);
#1794=EDGE_CURVE('',#1418,#1417,#189,.T.);
#1795=EDGE_CURVE('',#1410,#1418,#190,.T.);
#1796=EDGE_CURVE('',#1410,#1317,#802,.T.);
#1797=EDGE_CURVE('',#1344,#1419,#803,.T.);
#1798=EDGE_CURVE('',#1420,#1419,#804,.T.);
#1799=EDGE_CURVE('',#1345,#1420,#805,.T.);
#1800=EDGE_CURVE('',#1421,#1415,#806,.T.);
#1801=EDGE_CURVE('',#1414,#1415,#807,.T.);
#1802=EDGE_CURVE('',#1414,#1422,#808,.T.);
#1803=EDGE_CURVE('',#1422,#1423,#809,.T.);
#1804=EDGE_CURVE('',#1424,#1423,#810,.T.);
#1805=EDGE_CURVE('',#1421,#1424,#811,.T.);
#1806=EDGE_CURVE('',#1416,#1421,#812,.T.);
#1807=EDGE_CURVE('',#1425,#1411,#191,.T.);
#1808=EDGE_CURVE('',#1353,#1425,#813,.T.);
#1809=EDGE_CURVE('',#1352,#1426,#814,.T.);
#1810=EDGE_CURVE('',#1427,#1426,#815,.T.);
#1811=EDGE_CURVE('',#1427,#1425,#816,.T.);
#1812=EDGE_CURVE('',#1422,#1413,#817,.T.);
#1813=EDGE_CURVE('',#1428,#1247,#818,.T.);
#1814=EDGE_CURVE('',#1429,#1409,#819,.T.);
#1815=EDGE_CURVE('',#1429,#1430,#820,.T.);
#1816=EDGE_CURVE('',#1428,#1430,#821,.T.);
#1817=EDGE_CURVE('',#1431,#1251,#822,.T.);
#1818=EDGE_CURVE('',#1432,#1431,#823,.T.);
#1819=EDGE_CURVE('',#1252,#1432,#824,.T.);
#1820=EDGE_CURVE('',#1356,#1393,#825,.T.);
#1821=EDGE_CURVE('',#1392,#1357,#826,.T.);
#1822=EDGE_CURVE('',#1433,#1434,#827,.T.);
#1823=EDGE_CURVE('',#1416,#1434,#828,.T.);
#1824=EDGE_CURVE('',#1433,#1424,#829,.T.);
#1825=EDGE_CURVE('',#1418,#1435,#192,.T.);
#1826=EDGE_CURVE('',#1435,#1342,#830,.T.);
#1827=EDGE_CURVE('',#1434,#1417,#193,.T.);
#1828=EDGE_CURVE('',#1250,#1436,#831,.T.);
#1829=EDGE_CURVE('',#1431,#1436,#832,.T.);
#1830=EDGE_CURVE('',#1437,#1249,#833,.T.);
#1831=EDGE_CURVE('',#1436,#1437,#194,.T.);
#1832=EDGE_CURVE('',#1435,#1438,#834,.T.);
#1833=EDGE_CURVE('',#1418,#1417,#195,.T.);
#1834=EDGE_CURVE('',#1438,#1433,#196,.T.);
#1835=EDGE_CURVE('',#1439,#1440,#835,.T.);
#1836=EDGE_CURVE('',#1423,#1440,#836,.T.);
#1837=EDGE_CURVE('',#1439,#1413,#837,.T.);
#1838=EDGE_CURVE('',#1412,#1439,#197,.T.);
#1839=EDGE_CURVE('',#1441,#1442,#838,.T.);
#1840=EDGE_CURVE('',#1442,#1420,#839,.T.);
#1841=EDGE_CURVE('',#1419,#1443,#198,.T.);
#1842=EDGE_CURVE('',#1443,#1438,#840,.T.);
#1843=EDGE_CURVE('',#1440,#1427,#199,.T.);
#1844=EDGE_CURVE('',#1426,#1441,#200,.T.);
#1845=EDGE_CURVE('',#1444,#1445,#841,.T.);
#1846=EDGE_CURVE('',#1445,#1446,#201,.T.);
#1847=EDGE_CURVE('',#1446,#1447,#842,.T.);
#1848=EDGE_CURVE('',#1447,#1448,#202,.T.);
#1849=EDGE_CURVE('',#1448,#1432,#843,.T.);
#1850=EDGE_CURVE('',#1437,#1449,#844,.T.);
#1851=EDGE_CURVE('',#1449,#1428,#203,.T.);
#1852=EDGE_CURVE('',#1430,#1444,#845,.T.);
#1853=EDGE_CURVE('',#1450,#1450,#204,.T.);
#1854=EDGE_CURVE('',#1451,#1451,#205,.T.);
#1855=EDGE_CURVE('',#1452,#1452,#206,.T.);
#1856=EDGE_CURVE('',#1453,#1453,#207,.T.);
#1857=EDGE_CURVE('',#1446,#1255,#846,.T.);
#1858=EDGE_CURVE('',#1254,#1447,#847,.T.);
#1859=EDGE_CURVE('',#1448,#1253,#848,.T.);
#1860=EDGE_CURVE('',#1412,#1411,#208,.T.);
#1861=EDGE_CURVE('',#1338,#1395,#849,.T.);
#1862=EDGE_CURVE('',#1248,#1449,#850,.T.);
#1863=EDGE_CURVE('',#1443,#1343,#851,.T.);
#1864=EDGE_CURVE('',#1441,#1351,#852,.T.);
#1865=EDGE_CURVE('',#1350,#1442,#853,.T.);
#1866=EDGE_CURVE('',#1256,#1445,#854,.T.);
#1867=EDGE_CURVE('',#1454,#1444,#855,.T.);
#1868=EDGE_CURVE('',#1408,#1454,#856,.T.);
#1869=EDGE_CURVE('',#1455,#1314,#209,.T.);
#1870=EDGE_CURVE('',#1391,#1455,#857,.T.);
#1871=EDGE_CURVE('',#1456,#1456,#210,.T.);
#1872=EDGE_CURVE('',#1456,#1457,#858,.T.);
#1873=EDGE_CURVE('',#1457,#1457,#211,.T.);
#1874=EDGE_CURVE('',#1458,#1458,#212,.T.);
#1875=EDGE_CURVE('',#1458,#1459,#859,.T.);
#1876=EDGE_CURVE('',#1459,#1459,#213,.T.);
#1877=EDGE_CURVE('',#1460,#1460,#214,.T.);
#1878=EDGE_CURVE('',#1460,#1461,#860,.T.);
#1879=EDGE_CURVE('',#1461,#1461,#215,.T.);
#1880=EDGE_CURVE('',#1462,#1462,#216,.T.);
#1881=EDGE_CURVE('',#1462,#1463,#861,.T.);
#1882=EDGE_CURVE('',#1463,#1463,#217,.T.);
#1883=EDGE_CURVE('',#1464,#1464,#218,.T.);
#1884=EDGE_CURVE('',#1464,#1263,#862,.T.);
#1885=EDGE_CURVE('',#1465,#1465,#219,.T.);
#1886=EDGE_CURVE('',#1465,#1262,#863,.T.);
#1887=EDGE_CURVE('',#1466,#1466,#220,.T.);
#1888=EDGE_CURVE('',#1466,#1450,#864,.T.);
#1889=EDGE_CURVE('',#1467,#1467,#221,.T.);
#1890=EDGE_CURVE('',#1467,#1451,#865,.T.);
#1891=EDGE_CURVE('',#1468,#1468,#222,.T.);
#1892=EDGE_CURVE('',#1468,#1452,#866,.T.);
#1893=EDGE_CURVE('',#1469,#1469,#223,.T.);
#1894=EDGE_CURVE('',#1469,#1453,#867,.T.);
#1895=EDGE_CURVE('',#1359,#1396,#868,.T.);
#1896=EDGE_CURVE('',#1455,#1403,#869,.T.);
#1897=EDGE_CURVE('',#1401,#1322,#224,.T.);
#1898=EDGE_CURVE('',#1323,#1400,#225,.T.);
#1899=EDGE_CURVE('',#1470,#1470,#226,.T.);
#1900=EDGE_CURVE('',#1361,#1471,#870,.T.);
#1901=EDGE_CURVE('',#1472,#1471,#871,.T.);
#1902=EDGE_CURVE('',#1472,#1362,#872,.T.);
#1903=EDGE_CURVE('',#1471,#1398,#873,.T.);
#1904=EDGE_CURVE('',#1397,#1472,#874,.T.);
#1905=EDGE_CURVE('',#1473,#1473,#227,.T.);
#1906=EDGE_CURVE('',#1473,#1260,#875,.T.);
#1907=EDGE_CURVE('',#1399,#1236,#876,.T.);
#1908=EDGE_CURVE('',#1474,#1273,#877,.T.);
#1909=EDGE_CURVE('',#1237,#1474,#878,.T.);
#1910=EDGE_CURVE('',#1475,#1475,#228,.T.);
#1911=EDGE_CURVE('',#1475,#1259,#879,.T.);
#1912=EDGE_CURVE('',#1470,#1261,#880,.T.);
#1913=EDGE_CURVE('',#1454,#1429,#881,.T.);
#1914=EDGE_CURVE('',#1406,#1405,#882,.T.);
#1915=EDGE_CURVE('',#1332,#1258,#883,.T.);
#1916=EDGE_CURVE('',#1402,#1474,#884,.T.);
#1917=ORIENTED_EDGE('',*,*,#1476,.T.);
#1918=ORIENTED_EDGE('',*,*,#1477,.F.);
#1919=ORIENTED_EDGE('',*,*,#1478,.F.);
#1920=ORIENTED_EDGE('',*,*,#1479,.T.);
#1921=ORIENTED_EDGE('',*,*,#1480,.T.);
#1922=ORIENTED_EDGE('',*,*,#1481,.F.);
#1923=ORIENTED_EDGE('',*,*,#1477,.T.);
#1924=ORIENTED_EDGE('',*,*,#1482,.T.);
#1925=ORIENTED_EDGE('',*,*,#1483,.T.);
#1926=ORIENTED_EDGE('',*,*,#1482,.F.);
#1927=ORIENTED_EDGE('',*,*,#1476,.F.);
#1928=ORIENTED_EDGE('',*,*,#1484,.F.);
#1929=ORIENTED_EDGE('',*,*,#1485,.T.);
#1930=ORIENTED_EDGE('',*,*,#1484,.T.);
#1931=ORIENTED_EDGE('',*,*,#1479,.F.);
#1932=ORIENTED_EDGE('',*,*,#1486,.F.);
#1933=ORIENTED_EDGE('',*,*,#1487,.T.);
#1934=ORIENTED_EDGE('',*,*,#1486,.T.);
#1935=ORIENTED_EDGE('',*,*,#1478,.T.);
#1936=ORIENTED_EDGE('',*,*,#1481,.T.);
#1937=ORIENTED_EDGE('',*,*,#1483,.F.);
#1938=ORIENTED_EDGE('',*,*,#1485,.F.);
#1939=ORIENTED_EDGE('',*,*,#1487,.F.);
#1940=ORIENTED_EDGE('',*,*,#1480,.F.);
#1941=ORIENTED_EDGE('',*,*,#1488,.F.);
#1942=ORIENTED_EDGE('',*,*,#1489,.F.);
#1943=ORIENTED_EDGE('',*,*,#1490,.F.);
#1944=ORIENTED_EDGE('',*,*,#1491,.F.);
#1945=ORIENTED_EDGE('',*,*,#1490,.T.);
#1946=ORIENTED_EDGE('',*,*,#1492,.T.);
#1947=ORIENTED_EDGE('',*,*,#1493,.T.);
#1948=ORIENTED_EDGE('',*,*,#1494,.T.);
#1949=ORIENTED_EDGE('',*,*,#1489,.T.);
#1950=ORIENTED_EDGE('',*,*,#1495,.T.);
#1951=ORIENTED_EDGE('',*,*,#1496,.F.);
#1952=ORIENTED_EDGE('',*,*,#1492,.F.);
#1953=ORIENTED_EDGE('',*,*,#1488,.T.);
#1954=ORIENTED_EDGE('',*,*,#1497,.F.);
#1955=ORIENTED_EDGE('',*,*,#1498,.F.);
#1956=ORIENTED_EDGE('',*,*,#1495,.F.);
#1957=ORIENTED_EDGE('',*,*,#1498,.T.);
#1958=ORIENTED_EDGE('',*,*,#1499,.F.);
#1959=ORIENTED_EDGE('',*,*,#1493,.F.);
#1960=ORIENTED_EDGE('',*,*,#1496,.T.);
#1961=ORIENTED_EDGE('',*,*,#1491,.T.);
#1962=ORIENTED_EDGE('',*,*,#1494,.F.);
#1963=ORIENTED_EDGE('',*,*,#1499,.T.);
#1964=ORIENTED_EDGE('',*,*,#1497,.T.);
#1965=ORIENTED_EDGE('',*,*,#1500,.F.);
#1966=ORIENTED_EDGE('',*,*,#1501,.F.);
#1967=ORIENTED_EDGE('',*,*,#1502,.F.);
#1968=ORIENTED_EDGE('',*,*,#1503,.F.);
#1969=ORIENTED_EDGE('',*,*,#1504,.F.);
#1970=ORIENTED_EDGE('',*,*,#1505,.F.);
#1971=ORIENTED_EDGE('',*,*,#1506,.F.);
#1972=ORIENTED_EDGE('',*,*,#1507,.T.);
#1973=ORIENTED_EDGE('',*,*,#1508,.T.);
#1974=ORIENTED_EDGE('',*,*,#1509,.T.);
#1975=ORIENTED_EDGE('',*,*,#1510,.F.);
#1976=ORIENTED_EDGE('',*,*,#1509,.F.);
#1977=ORIENTED_EDGE('',*,*,#1511,.F.);
#1978=ORIENTED_EDGE('',*,*,#1507,.F.);
#1979=ORIENTED_EDGE('',*,*,#1512,.F.);
#1980=ORIENTED_EDGE('',*,*,#1513,.T.);
#1981=ORIENTED_EDGE('',*,*,#1514,.F.);
#1982=ORIENTED_EDGE('',*,*,#1513,.F.);
#1983=ORIENTED_EDGE('',*,*,#1515,.F.);
#1984=ORIENTED_EDGE('',*,*,#1516,.F.);
#1985=ORIENTED_EDGE('',*,*,#1517,.F.);
#1986=ORIENTED_EDGE('',*,*,#1515,.T.);
#1987=ORIENTED_EDGE('',*,*,#1512,.T.);
#1988=ORIENTED_EDGE('',*,*,#1506,.T.);
#1989=ORIENTED_EDGE('',*,*,#1518,.F.);
#1990=ORIENTED_EDGE('',*,*,#1519,.F.);
#1991=ORIENTED_EDGE('',*,*,#1520,.F.);
#1992=ORIENTED_EDGE('',*,*,#1521,.T.);
#1993=ORIENTED_EDGE('',*,*,#1522,.F.);
#1994=ORIENTED_EDGE('',*,*,#1521,.F.);
#1995=ORIENTED_EDGE('',*,*,#1523,.F.);
#1996=ORIENTED_EDGE('',*,*,#1501,.T.);
#1997=ORIENTED_EDGE('',*,*,#1524,.F.);
#1998=ORIENTED_EDGE('',*,*,#1502,.T.);
#1999=ORIENTED_EDGE('',*,*,#1523,.T.);
#2000=ORIENTED_EDGE('',*,*,#1520,.T.);
#2001=ORIENTED_EDGE('',*,*,#1516,.T.);
#2002=ORIENTED_EDGE('',*,*,#1517,.T.);
#2003=ORIENTED_EDGE('',*,*,#1505,.T.);
#2004=ORIENTED_EDGE('',*,*,#1525,.T.);
#2005=ORIENTED_EDGE('',*,*,#1526,.T.);
#2006=ORIENTED_EDGE('',*,*,#1527,.F.);
#2007=ORIENTED_EDGE('',*,*,#1528,.T.);
#2008=ORIENTED_EDGE('',*,*,#1529,.F.);
#2009=ORIENTED_EDGE('',*,*,#1530,.T.);
#2010=ORIENTED_EDGE('',*,*,#1531,.T.);
#2011=ORIENTED_EDGE('',*,*,#1532,.T.);
#2012=ORIENTED_EDGE('',*,*,#1533,.F.);
#2013=ORIENTED_EDGE('',*,*,#1534,.F.);
#2014=ORIENTED_EDGE('',*,*,#1535,.F.);
#2015=ORIENTED_EDGE('',*,*,#1536,.F.);
#2016=ORIENTED_EDGE('',*,*,#1537,.F.);
#2017=ORIENTED_EDGE('',*,*,#1504,.T.);
#2018=ORIENTED_EDGE('',*,*,#1538,.F.);
#2019=ORIENTED_EDGE('',*,*,#1539,.T.);
#2020=ORIENTED_EDGE('',*,*,#1531,.F.);
#2021=ORIENTED_EDGE('',*,*,#1540,.T.);
#2022=ORIENTED_EDGE('',*,*,#1525,.F.);
#2023=ORIENTED_EDGE('',*,*,#1541,.F.);
#2024=ORIENTED_EDGE('',*,*,#1508,.F.);
#2025=ORIENTED_EDGE('',*,*,#1537,.T.);
#2026=ORIENTED_EDGE('',*,*,#1542,.T.);
#2027=ORIENTED_EDGE('',*,*,#1543,.T.);
#2028=ORIENTED_EDGE('',*,*,#1544,.T.);
#2029=ORIENTED_EDGE('',*,*,#1545,.F.);
#2030=ORIENTED_EDGE('',*,*,#1546,.F.);
#2031=ORIENTED_EDGE('',*,*,#1547,.T.);
#2032=ORIENTED_EDGE('',*,*,#1548,.T.);
#2033=ORIENTED_EDGE('',*,*,#1549,.T.);
#2034=ORIENTED_EDGE('',*,*,#1550,.T.);
#2035=ORIENTED_EDGE('',*,*,#1551,.F.);
#2036=ORIENTED_EDGE('',*,*,#1552,.T.);
#2037=ORIENTED_EDGE('',*,*,#1553,.T.);
#2038=ORIENTED_EDGE('',*,*,#1554,.F.);
#2039=ORIENTED_EDGE('',*,*,#1555,.F.);
#2040=ORIENTED_EDGE('',*,*,#1556,.T.);
#2041=ORIENTED_EDGE('',*,*,#1557,.F.);
#2042=ORIENTED_EDGE('',*,*,#1558,.T.);
#2043=ORIENTED_EDGE('',*,*,#1559,.F.);
#2044=ORIENTED_EDGE('',*,*,#1560,.F.);
#2045=ORIENTED_EDGE('',*,*,#1561,.F.);
#2046=ORIENTED_EDGE('',*,*,#1562,.T.);
#2047=ORIENTED_EDGE('',*,*,#1563,.F.);
#2048=ORIENTED_EDGE('',*,*,#1564,.T.);
#2049=ORIENTED_EDGE('',*,*,#1565,.F.);
#2050=ORIENTED_EDGE('',*,*,#1566,.F.);
#2051=ORIENTED_EDGE('',*,*,#1500,.T.);
#2052=ORIENTED_EDGE('',*,*,#1511,.T.);
#2053=ORIENTED_EDGE('',*,*,#1514,.T.);
#2054=ORIENTED_EDGE('',*,*,#1529,.T.);
#2055=ORIENTED_EDGE('',*,*,#1567,.T.);
#2056=ORIENTED_EDGE('',*,*,#1568,.T.);
#2057=ORIENTED_EDGE('',*,*,#1518,.T.);
#2058=ORIENTED_EDGE('',*,*,#1522,.T.);
#2059=ORIENTED_EDGE('',*,*,#1510,.T.);
#2060=ORIENTED_EDGE('',*,*,#1569,.T.);
#2061=ORIENTED_EDGE('',*,*,#1570,.T.);
#2062=ORIENTED_EDGE('',*,*,#1571,.T.);
#2063=ORIENTED_EDGE('',*,*,#1572,.T.);
#2064=ORIENTED_EDGE('',*,*,#1573,.T.);
#2065=ORIENTED_EDGE('',*,*,#1574,.T.);
#2066=ORIENTED_EDGE('',*,*,#1575,.T.);
#2067=ORIENTED_EDGE('',*,*,#1576,.T.);
#2068=ORIENTED_EDGE('',*,*,#1574,.F.);
#2069=ORIENTED_EDGE('',*,*,#1576,.F.);
#2070=ORIENTED_EDGE('',*,*,#1577,.F.);
#2071=ORIENTED_EDGE('',*,*,#1575,.F.);
#2072=ORIENTED_EDGE('',*,*,#1578,.F.);
#2073=ORIENTED_EDGE('',*,*,#1579,.F.);
#2074=ORIENTED_EDGE('',*,*,#1580,.F.);
#2075=ORIENTED_EDGE('',*,*,#1581,.F.);
#2076=ORIENTED_EDGE('',*,*,#1582,.T.);
#2077=ORIENTED_EDGE('',*,*,#1577,.T.);
#2078=ORIENTED_EDGE('',*,*,#1582,.F.);
#2079=ORIENTED_EDGE('',*,*,#1583,.F.);
#2080=ORIENTED_EDGE('',*,*,#1540,.F.);
#2081=ORIENTED_EDGE('',*,*,#1530,.F.);
#2082=ORIENTED_EDGE('',*,*,#1548,.F.);
#2083=ORIENTED_EDGE('',*,*,#1584,.F.);
#2084=ORIENTED_EDGE('',*,*,#1585,.F.);
#2085=ORIENTED_EDGE('',*,*,#1586,.F.);
#2086=ORIENTED_EDGE('',*,*,#1587,.F.);
#2087=ORIENTED_EDGE('',*,*,#1526,.F.);
#2088=ORIENTED_EDGE('',*,*,#1588,.F.);
#2089=ORIENTED_EDGE('',*,*,#1589,.F.);
#2090=ORIENTED_EDGE('',*,*,#1590,.F.);
#2091=ORIENTED_EDGE('',*,*,#1591,.F.);
#2092=ORIENTED_EDGE('',*,*,#1592,.F.);
#2093=ORIENTED_EDGE('',*,*,#1593,.F.);
#2094=ORIENTED_EDGE('',*,*,#1594,.F.);
#2095=ORIENTED_EDGE('',*,*,#1595,.F.);
#2096=ORIENTED_EDGE('',*,*,#1596,.F.);
#2097=ORIENTED_EDGE('',*,*,#1597,.F.);
#2098=ORIENTED_EDGE('',*,*,#1598,.F.);
#2099=ORIENTED_EDGE('',*,*,#1599,.T.);
#2100=ORIENTED_EDGE('',*,*,#1600,.T.);
#2101=ORIENTED_EDGE('',*,*,#1599,.F.);
#2102=ORIENTED_EDGE('',*,*,#1600,.F.);
#2103=ORIENTED_EDGE('',*,*,#1601,.F.);
#2104=ORIENTED_EDGE('',*,*,#1602,.F.);
#2105=ORIENTED_EDGE('',*,*,#1603,.F.);
#2106=ORIENTED_EDGE('',*,*,#1604,.F.);
#2107=ORIENTED_EDGE('',*,*,#1605,.F.);
#2108=ORIENTED_EDGE('',*,*,#1606,.T.);
#2109=ORIENTED_EDGE('',*,*,#1607,.F.);
#2110=ORIENTED_EDGE('',*,*,#1608,.F.);
#2111=ORIENTED_EDGE('',*,*,#1609,.F.);
#2112=ORIENTED_EDGE('',*,*,#1610,.F.);
#2113=ORIENTED_EDGE('',*,*,#1611,.F.);
#2114=ORIENTED_EDGE('',*,*,#1612,.T.);
#2115=ORIENTED_EDGE('',*,*,#1541,.T.);
#2116=ORIENTED_EDGE('',*,*,#1612,.F.);
#2117=ORIENTED_EDGE('',*,*,#1613,.F.);
#2118=ORIENTED_EDGE('',*,*,#1532,.F.);
#2119=ORIENTED_EDGE('',*,*,#1539,.F.);
#2120=ORIENTED_EDGE('',*,*,#1614,.F.);
#2121=ORIENTED_EDGE('',*,*,#1615,.F.);
#2122=ORIENTED_EDGE('',*,*,#1606,.F.);
#2123=ORIENTED_EDGE('',*,*,#1616,.F.);
#2124=ORIENTED_EDGE('',*,*,#1617,.F.);
#2125=ORIENTED_EDGE('',*,*,#1618,.F.);
#2126=ORIENTED_EDGE('',*,*,#1619,.F.);
#2127=ORIENTED_EDGE('',*,*,#1620,.F.);
#2128=ORIENTED_EDGE('',*,*,#1621,.F.);
#2129=ORIENTED_EDGE('',*,*,#1622,.F.);
#2130=ORIENTED_EDGE('',*,*,#1623,.F.);
#2131=ORIENTED_EDGE('',*,*,#1624,.F.);
#2132=ORIENTED_EDGE('',*,*,#1625,.F.);
#2133=ORIENTED_EDGE('',*,*,#1626,.T.);
#2134=ORIENTED_EDGE('',*,*,#1627,.T.);
#2135=ORIENTED_EDGE('',*,*,#1626,.F.);
#2136=ORIENTED_EDGE('',*,*,#1628,.F.);
#2137=ORIENTED_EDGE('',*,*,#1629,.F.);
#2138=ORIENTED_EDGE('',*,*,#1627,.F.);
#2139=ORIENTED_EDGE('',*,*,#1630,.F.);
#2140=ORIENTED_EDGE('',*,*,#1595,.T.);
#2141=ORIENTED_EDGE('',*,*,#1631,.T.);
#2142=ORIENTED_EDGE('',*,*,#1632,.T.);
#2143=ORIENTED_EDGE('',*,*,#1633,.T.);
#2144=ORIENTED_EDGE('',*,*,#1590,.T.);
#2145=ORIENTED_EDGE('',*,*,#1634,.T.);
#2146=ORIENTED_EDGE('',*,*,#1635,.T.);
#2147=ORIENTED_EDGE('',*,*,#1636,.F.);
#2148=ORIENTED_EDGE('',*,*,#1589,.T.);
#2149=ORIENTED_EDGE('',*,*,#1637,.T.);
#2150=ORIENTED_EDGE('',*,*,#1634,.F.);
#2151=ORIENTED_EDGE('',*,*,#1638,.F.);
#2152=ORIENTED_EDGE('',*,*,#1583,.T.);
#2153=ORIENTED_EDGE('',*,*,#1581,.T.);
#2154=ORIENTED_EDGE('',*,*,#1639,.T.);
#2155=ORIENTED_EDGE('',*,*,#1640,.T.);
#2156=ORIENTED_EDGE('',*,*,#1641,.T.);
#2157=ORIENTED_EDGE('',*,*,#1616,.T.);
#2158=ORIENTED_EDGE('',*,*,#1605,.T.);
#2159=ORIENTED_EDGE('',*,*,#1642,.T.);
#2160=ORIENTED_EDGE('',*,*,#1643,.T.);
#2161=ORIENTED_EDGE('',*,*,#1644,.T.);
#2162=ORIENTED_EDGE('',*,*,#1602,.T.);
#2163=ORIENTED_EDGE('',*,*,#1641,.F.);
#2164=ORIENTED_EDGE('',*,*,#1645,.F.);
#2165=ORIENTED_EDGE('',*,*,#1646,.F.);
#2166=ORIENTED_EDGE('',*,*,#1647,.F.);
#2167=ORIENTED_EDGE('',*,*,#1642,.F.);
#2168=ORIENTED_EDGE('',*,*,#1604,.T.);
#2169=ORIENTED_EDGE('',*,*,#1648,.T.);
#2170=ORIENTED_EDGE('',*,*,#1619,.T.);
#2171=ORIENTED_EDGE('',*,*,#1649,.F.);
#2172=ORIENTED_EDGE('',*,*,#1650,.T.);
#2173=ORIENTED_EDGE('',*,*,#1651,.T.);
#2174=ORIENTED_EDGE('',*,*,#1618,.T.);
#2175=ORIENTED_EDGE('',*,*,#1652,.T.);
#2176=ORIENTED_EDGE('',*,*,#1649,.T.);
#2177=ORIENTED_EDGE('',*,*,#1610,.T.);
#2178=ORIENTED_EDGE('',*,*,#1653,.F.);
#2179=ORIENTED_EDGE('',*,*,#1654,.F.);
#2180=ORIENTED_EDGE('',*,*,#1655,.F.);
#2181=ORIENTED_EDGE('',*,*,#1609,.T.);
#2182=ORIENTED_EDGE('',*,*,#1656,.T.);
#2183=ORIENTED_EDGE('',*,*,#1657,.T.);
#2184=ORIENTED_EDGE('',*,*,#1653,.T.);
#2185=ORIENTED_EDGE('',*,*,#1608,.T.);
#2186=ORIENTED_EDGE('',*,*,#1658,.F.);
#2187=ORIENTED_EDGE('',*,*,#1659,.F.);
#2188=ORIENTED_EDGE('',*,*,#1660,.T.);
#2189=ORIENTED_EDGE('',*,*,#1661,.F.);
#2190=ORIENTED_EDGE('',*,*,#1656,.F.);
#2191=ORIENTED_EDGE('',*,*,#1607,.T.);
#2192=ORIENTED_EDGE('',*,*,#1615,.T.);
#2193=ORIENTED_EDGE('',*,*,#1662,.T.);
#2194=ORIENTED_EDGE('',*,*,#1663,.T.);
#2195=ORIENTED_EDGE('',*,*,#1664,.T.);
#2196=ORIENTED_EDGE('',*,*,#1665,.T.);
#2197=ORIENTED_EDGE('',*,*,#1666,.F.);
#2198=ORIENTED_EDGE('',*,*,#1658,.T.);
#2199=ORIENTED_EDGE('',*,*,#1624,.T.);
#2200=ORIENTED_EDGE('',*,*,#1667,.T.);
#2201=ORIENTED_EDGE('',*,*,#1668,.T.);
#2202=ORIENTED_EDGE('',*,*,#1669,.T.);
#2203=ORIENTED_EDGE('',*,*,#1594,.T.);
#2204=ORIENTED_EDGE('',*,*,#1670,.F.);
#2205=ORIENTED_EDGE('',*,*,#1628,.T.);
#2206=ORIENTED_EDGE('',*,*,#1625,.T.);
#2207=ORIENTED_EDGE('',*,*,#1669,.F.);
#2208=ORIENTED_EDGE('',*,*,#1671,.F.);
#2209=ORIENTED_EDGE('',*,*,#1672,.F.);
#2210=ORIENTED_EDGE('',*,*,#1673,.F.);
#2211=ORIENTED_EDGE('',*,*,#1674,.T.);
#2212=ORIENTED_EDGE('',*,*,#1675,.T.);
#2213=ORIENTED_EDGE('',*,*,#1676,.F.);
#2214=ORIENTED_EDGE('',*,*,#1677,.F.);
#2215=ORIENTED_EDGE('',*,*,#1678,.F.);
#2216=ORIENTED_EDGE('',*,*,#1679,.F.);
#2217=ORIENTED_EDGE('',*,*,#1680,.T.);
#2218=ORIENTED_EDGE('',*,*,#1681,.T.);
#2219=ORIENTED_EDGE('',*,*,#1682,.T.);
#2220=ORIENTED_EDGE('',*,*,#1683,.F.);
#2221=ORIENTED_EDGE('',*,*,#1684,.F.);
#2222=ORIENTED_EDGE('',*,*,#1685,.F.);
#2223=ORIENTED_EDGE('',*,*,#1686,.F.);
#2224=ORIENTED_EDGE('',*,*,#1687,.T.);
#2225=ORIENTED_EDGE('',*,*,#1688,.T.);
#2226=ORIENTED_EDGE('',*,*,#1689,.F.);
#2227=ORIENTED_EDGE('',*,*,#1690,.F.);
#2228=ORIENTED_EDGE('',*,*,#1691,.F.);
#2229=ORIENTED_EDGE('',*,*,#1631,.F.);
#2230=ORIENTED_EDGE('',*,*,#1623,.T.);
#2231=ORIENTED_EDGE('',*,*,#1692,.T.);
#2232=ORIENTED_EDGE('',*,*,#1693,.T.);
#2233=ORIENTED_EDGE('',*,*,#1694,.F.);
#2234=ORIENTED_EDGE('',*,*,#1667,.F.);
#2235=ORIENTED_EDGE('',*,*,#1593,.T.);
#2236=ORIENTED_EDGE('',*,*,#1695,.T.);
#2237=ORIENTED_EDGE('',*,*,#1696,.T.);
#2238=ORIENTED_EDGE('',*,*,#1697,.T.);
#2239=ORIENTED_EDGE('',*,*,#1698,.T.);
#2240=ORIENTED_EDGE('',*,*,#1699,.T.);
#2241=ORIENTED_EDGE('',*,*,#1629,.T.);
#2242=ORIENTED_EDGE('',*,*,#1670,.T.);
#2243=ORIENTED_EDGE('',*,*,#1622,.T.);
#2244=ORIENTED_EDGE('',*,*,#1700,.T.);
#2245=ORIENTED_EDGE('',*,*,#1701,.F.);
#2246=ORIENTED_EDGE('',*,*,#1692,.F.);
#2247=ORIENTED_EDGE('',*,*,#1702,.F.);
#2248=ORIENTED_EDGE('',*,*,#1703,.T.);
#2249=ORIENTED_EDGE('',*,*,#1704,.F.);
#2250=ORIENTED_EDGE('',*,*,#1680,.F.);
#2251=ORIENTED_EDGE('',*,*,#1705,.F.);
#2252=ORIENTED_EDGE('',*,*,#1682,.F.);
#2253=ORIENTED_EDGE('',*,*,#1706,.T.);
#2254=ORIENTED_EDGE('',*,*,#1707,.T.);
#2255=ORIENTED_EDGE('',*,*,#1681,.F.);
#2256=ORIENTED_EDGE('',*,*,#1704,.T.);
#2257=ORIENTED_EDGE('',*,*,#1708,.T.);
#2258=ORIENTED_EDGE('',*,*,#1706,.F.);
#2259=ORIENTED_EDGE('',*,*,#1709,.F.);
#2260=ORIENTED_EDGE('',*,*,#1707,.F.);
#2261=ORIENTED_EDGE('',*,*,#1708,.F.);
#2262=ORIENTED_EDGE('',*,*,#1703,.F.);
#2263=ORIENTED_EDGE('',*,*,#1710,.F.);
#2264=ORIENTED_EDGE('',*,*,#1711,.T.);
#2265=ORIENTED_EDGE('',*,*,#1712,.T.);
#2266=ORIENTED_EDGE('',*,*,#1713,.F.);
#2267=ORIENTED_EDGE('',*,*,#1714,.F.);
#2268=ORIENTED_EDGE('',*,*,#1715,.F.);
#2269=ORIENTED_EDGE('',*,*,#1688,.F.);
#2270=ORIENTED_EDGE('',*,*,#1716,.F.);
#2271=ORIENTED_EDGE('',*,*,#1717,.T.);
#2272=ORIENTED_EDGE('',*,*,#1664,.F.);
#2273=ORIENTED_EDGE('',*,*,#1718,.F.);
#2274=ORIENTED_EDGE('',*,*,#1719,.T.);
#2275=ORIENTED_EDGE('',*,*,#1711,.F.);
#2276=ORIENTED_EDGE('',*,*,#1534,.T.);
#2277=ORIENTED_EDGE('',*,*,#1720,.F.);
#2278=ORIENTED_EDGE('',*,*,#1721,.T.);
#2279=ORIENTED_EDGE('',*,*,#1722,.T.);
#2280=ORIENTED_EDGE('',*,*,#1723,.F.);
#2281=ORIENTED_EDGE('',*,*,#1665,.F.);
#2282=ORIENTED_EDGE('',*,*,#1717,.F.);
#2283=ORIENTED_EDGE('',*,*,#1724,.F.);
#2284=ORIENTED_EDGE('',*,*,#1725,.F.);
#2285=ORIENTED_EDGE('',*,*,#1726,.F.);
#2286=ORIENTED_EDGE('',*,*,#1727,.T.);
#2287=ORIENTED_EDGE('',*,*,#1728,.F.);
#2288=ORIENTED_EDGE('',*,*,#1729,.F.);
#2289=ORIENTED_EDGE('',*,*,#1543,.F.);
#2290=ORIENTED_EDGE('',*,*,#1730,.T.);
#2291=ORIENTED_EDGE('',*,*,#1731,.T.);
#2292=ORIENTED_EDGE('',*,*,#1732,.F.);
#2293=ORIENTED_EDGE('',*,*,#1733,.T.);
#2294=ORIENTED_EDGE('',*,*,#1721,.F.);
#2295=ORIENTED_EDGE('',*,*,#1734,.F.);
#2296=ORIENTED_EDGE('',*,*,#1735,.F.);
#2297=ORIENTED_EDGE('',*,*,#1736,.F.);
#2298=ORIENTED_EDGE('',*,*,#1712,.F.);
#2299=ORIENTED_EDGE('',*,*,#1719,.F.);
#2300=ORIENTED_EDGE('',*,*,#1737,.F.);
#2301=ORIENTED_EDGE('',*,*,#1713,.T.);
#2302=ORIENTED_EDGE('',*,*,#1736,.T.);
#2303=ORIENTED_EDGE('',*,*,#1738,.F.);
#2304=ORIENTED_EDGE('',*,*,#1739,.F.);
#2305=ORIENTED_EDGE('',*,*,#1727,.F.);
#2306=ORIENTED_EDGE('',*,*,#1740,.F.);
#2307=ORIENTED_EDGE('',*,*,#1674,.F.);
#2308=ORIENTED_EDGE('',*,*,#1741,.F.);
#2309=ORIENTED_EDGE('',*,*,#1536,.T.);
#2310=ORIENTED_EDGE('',*,*,#1742,.T.);
#2311=ORIENTED_EDGE('',*,*,#1730,.F.);
#2312=ORIENTED_EDGE('',*,*,#1542,.F.);
#2313=ORIENTED_EDGE('',*,*,#1535,.T.);
#2314=ORIENTED_EDGE('',*,*,#1722,.F.);
#2315=ORIENTED_EDGE('',*,*,#1733,.F.);
#2316=ORIENTED_EDGE('',*,*,#1743,.F.);
#2317=ORIENTED_EDGE('',*,*,#1731,.F.);
#2318=ORIENTED_EDGE('',*,*,#1742,.F.);
#2319=ORIENTED_EDGE('',*,*,#1744,.T.);
#2320=ORIENTED_EDGE('',*,*,#1740,.T.);
#2321=ORIENTED_EDGE('',*,*,#1726,.T.);
#2322=ORIENTED_EDGE('',*,*,#1745,.F.);
#2323=ORIENTED_EDGE('',*,*,#1724,.T.);
#2324=ORIENTED_EDGE('',*,*,#1716,.T.);
#2325=ORIENTED_EDGE('',*,*,#1533,.T.);
#2326=ORIENTED_EDGE('',*,*,#1613,.T.);
#2327=ORIENTED_EDGE('',*,*,#1611,.T.);
#2328=ORIENTED_EDGE('',*,*,#1655,.T.);
#2329=ORIENTED_EDGE('',*,*,#1746,.F.);
#2330=ORIENTED_EDGE('',*,*,#1660,.F.);
#2331=ORIENTED_EDGE('',*,*,#1747,.T.);
#2332=ORIENTED_EDGE('',*,*,#1734,.T.);
#2333=ORIENTED_EDGE('',*,*,#1720,.T.);
#2334=ORIENTED_EDGE('',*,*,#1592,.T.);
#2335=ORIENTED_EDGE('',*,*,#1598,.T.);
#2336=ORIENTED_EDGE('',*,*,#1748,.F.);
#2337=ORIENTED_EDGE('',*,*,#1749,.F.);
#2338=ORIENTED_EDGE('',*,*,#1750,.T.);
#2339=ORIENTED_EDGE('',*,*,#1751,.F.);
#2340=ORIENTED_EDGE('',*,*,#1752,.T.);
#2341=ORIENTED_EDGE('',*,*,#1714,.T.);
#2342=ORIENTED_EDGE('',*,*,#1710,.T.);
#2343=ORIENTED_EDGE('',*,*,#1737,.T.);
#2344=ORIENTED_EDGE('',*,*,#1753,.T.);
#2345=ORIENTED_EDGE('',*,*,#1754,.F.);
#2346=ORIENTED_EDGE('',*,*,#1755,.T.);
#2347=ORIENTED_EDGE('',*,*,#1756,.F.);
#2348=ORIENTED_EDGE('',*,*,#1700,.F.);
#2349=ORIENTED_EDGE('',*,*,#1621,.T.);
#2350=ORIENTED_EDGE('',*,*,#1699,.F.);
#2351=ORIENTED_EDGE('',*,*,#1757,.F.);
#2352=ORIENTED_EDGE('',*,*,#1758,.F.);
#2353=ORIENTED_EDGE('',*,*,#1759,.F.);
#2354=ORIENTED_EDGE('',*,*,#1695,.F.);
#2355=ORIENTED_EDGE('',*,*,#1741,.T.);
#2356=ORIENTED_EDGE('',*,*,#1673,.T.);
#2357=ORIENTED_EDGE('',*,*,#1760,.F.);
#2358=ORIENTED_EDGE('',*,*,#1753,.F.);
#2359=ORIENTED_EDGE('',*,*,#1587,.T.);
#2360=ORIENTED_EDGE('',*,*,#1761,.T.);
#2361=ORIENTED_EDGE('',*,*,#1762,.F.);
#2362=ORIENTED_EDGE('',*,*,#1728,.T.);
#2363=ORIENTED_EDGE('',*,*,#1739,.T.);
#2364=ORIENTED_EDGE('',*,*,#1763,.T.);
#2365=ORIENTED_EDGE('',*,*,#1527,.T.);
#2366=ORIENTED_EDGE('',*,*,#1617,.T.);
#2367=ORIENTED_EDGE('',*,*,#1764,.F.);
#2368=ORIENTED_EDGE('',*,*,#1650,.F.);
#2369=ORIENTED_EDGE('',*,*,#1652,.F.);
#2370=ORIENTED_EDGE('',*,*,#1579,.T.);
#2371=ORIENTED_EDGE('',*,*,#1765,.F.);
#2372=ORIENTED_EDGE('',*,*,#1578,.T.);
#2373=ORIENTED_EDGE('',*,*,#1644,.F.);
#2374=ORIENTED_EDGE('',*,*,#1766,.F.);
#2375=ORIENTED_EDGE('',*,*,#1767,.F.);
#2376=ORIENTED_EDGE('',*,*,#1768,.F.);
#2377=ORIENTED_EDGE('',*,*,#1639,.F.);
#2378=ORIENTED_EDGE('',*,*,#1580,.T.);
#2379=ORIENTED_EDGE('',*,*,#1765,.T.);
#2380=ORIENTED_EDGE('',*,*,#1584,.T.);
#2381=ORIENTED_EDGE('',*,*,#1547,.F.);
#2382=ORIENTED_EDGE('',*,*,#1769,.F.);
#2383=ORIENTED_EDGE('',*,*,#1770,.F.);
#2384=ORIENTED_EDGE('',*,*,#1588,.T.);
#2385=ORIENTED_EDGE('',*,*,#1771,.F.);
#2386=ORIENTED_EDGE('',*,*,#1635,.F.);
#2387=ORIENTED_EDGE('',*,*,#1637,.F.);
#2388=ORIENTED_EDGE('',*,*,#1597,.T.);
#2389=ORIENTED_EDGE('',*,*,#1772,.F.);
#2390=ORIENTED_EDGE('',*,*,#1773,.T.);
#2391=ORIENTED_EDGE('',*,*,#1748,.T.);
#2392=ORIENTED_EDGE('',*,*,#1601,.T.);
#2393=ORIENTED_EDGE('',*,*,#1774,.T.);
#2394=ORIENTED_EDGE('',*,*,#1549,.F.);
#2395=ORIENTED_EDGE('',*,*,#1775,.F.);
#2396=ORIENTED_EDGE('',*,*,#1776,.F.);
#2397=ORIENTED_EDGE('',*,*,#1777,.F.);
#2398=ORIENTED_EDGE('',*,*,#1550,.F.);
#2399=ORIENTED_EDGE('',*,*,#1774,.F.);
#2400=ORIENTED_EDGE('',*,*,#1630,.T.);
#2401=ORIENTED_EDGE('',*,*,#1778,.T.);
#2402=ORIENTED_EDGE('',*,*,#1552,.F.);
#2403=ORIENTED_EDGE('',*,*,#1779,.F.);
#2404=ORIENTED_EDGE('',*,*,#1780,.F.);
#2405=ORIENTED_EDGE('',*,*,#1781,.F.);
#2406=ORIENTED_EDGE('',*,*,#1553,.F.);
#2407=ORIENTED_EDGE('',*,*,#1778,.F.);
#2408=ORIENTED_EDGE('',*,*,#1775,.T.);
#2409=ORIENTED_EDGE('',*,*,#1566,.T.);
#2410=ORIENTED_EDGE('',*,*,#1782,.F.);
#2411=ORIENTED_EDGE('',*,*,#1783,.F.);
#2412=ORIENTED_EDGE('',*,*,#1781,.T.);
#2413=ORIENTED_EDGE('',*,*,#1784,.F.);
#2414=ORIENTED_EDGE('',*,*,#1785,.T.);
#2415=ORIENTED_EDGE('',*,*,#1554,.T.);
#2416=ORIENTED_EDGE('',*,*,#1786,.F.);
#2417=ORIENTED_EDGE('',*,*,#1675,.F.);
#2418=ORIENTED_EDGE('',*,*,#1744,.F.);
#2419=ORIENTED_EDGE('',*,*,#1687,.F.);
#2420=ORIENTED_EDGE('',*,*,#1787,.F.);
#2421=ORIENTED_EDGE('',*,*,#1788,.F.);
#2422=ORIENTED_EDGE('',*,*,#1789,.F.);
#2423=ORIENTED_EDGE('',*,*,#1790,.F.);
#2424=ORIENTED_EDGE('',*,*,#1791,.F.);
#2425=ORIENTED_EDGE('',*,*,#1792,.F.);
#2426=ORIENTED_EDGE('',*,*,#1793,.F.);
#2427=ORIENTED_EDGE('',*,*,#1794,.F.);
#2428=ORIENTED_EDGE('',*,*,#1795,.F.);
#2429=ORIENTED_EDGE('',*,*,#1796,.T.);
#2430=ORIENTED_EDGE('',*,*,#1638,.T.);
#2431=ORIENTED_EDGE('',*,*,#1796,.F.);
#2432=ORIENTED_EDGE('',*,*,#1797,.T.);
#2433=ORIENTED_EDGE('',*,*,#1798,.F.);
#2434=ORIENTED_EDGE('',*,*,#1799,.F.);
#2435=ORIENTED_EDGE('',*,*,#1678,.T.);
#2436=ORIENTED_EDGE('',*,*,#1800,.T.);
#2437=ORIENTED_EDGE('',*,*,#1801,.F.);
#2438=ORIENTED_EDGE('',*,*,#1802,.T.);
#2439=ORIENTED_EDGE('',*,*,#1803,.T.);
#2440=ORIENTED_EDGE('',*,*,#1804,.F.);
#2441=ORIENTED_EDGE('',*,*,#1805,.F.);
#2442=ORIENTED_EDGE('',*,*,#1792,.T.);
#2443=ORIENTED_EDGE('',*,*,#1800,.F.);
#2444=ORIENTED_EDGE('',*,*,#1806,.F.);
#2445=ORIENTED_EDGE('',*,*,#1807,.T.);
#2446=ORIENTED_EDGE('',*,*,#1787,.T.);
#2447=ORIENTED_EDGE('',*,*,#1808,.T.);
#2448=ORIENTED_EDGE('',*,*,#1809,.T.);
#2449=ORIENTED_EDGE('',*,*,#1810,.F.);
#2450=ORIENTED_EDGE('',*,*,#1811,.T.);
#2451=ORIENTED_EDGE('',*,*,#1808,.F.);
#2452=ORIENTED_EDGE('',*,*,#1686,.T.);
#2453=ORIENTED_EDGE('',*,*,#1790,.T.);
#2454=ORIENTED_EDGE('',*,*,#1812,.F.);
#2455=ORIENTED_EDGE('',*,*,#1802,.F.);
#2456=ORIENTED_EDGE('',*,*,#1801,.T.);
#2457=ORIENTED_EDGE('',*,*,#1791,.T.);
#2458=ORIENTED_EDGE('',*,*,#1813,.T.);
#2459=ORIENTED_EDGE('',*,*,#1555,.T.);
#2460=ORIENTED_EDGE('',*,*,#1785,.F.);
#2461=ORIENTED_EDGE('',*,*,#1814,.F.);
#2462=ORIENTED_EDGE('',*,*,#1815,.T.);
#2463=ORIENTED_EDGE('',*,*,#1816,.F.);
#2464=ORIENTED_EDGE('',*,*,#1560,.T.);
#2465=ORIENTED_EDGE('',*,*,#1817,.F.);
#2466=ORIENTED_EDGE('',*,*,#1818,.F.);
#2467=ORIENTED_EDGE('',*,*,#1819,.F.);
#2468=ORIENTED_EDGE('',*,*,#1715,.T.);
#2469=ORIENTED_EDGE('',*,*,#1752,.F.);
#2470=ORIENTED_EDGE('',*,*,#1820,.F.);
#2471=ORIENTED_EDGE('',*,*,#1689,.T.);
#2472=ORIENTED_EDGE('',*,*,#1821,.T.);
#2473=ORIENTED_EDGE('',*,*,#1690,.T.);
#2474=ORIENTED_EDGE('',*,*,#1820,.T.);
#2475=ORIENTED_EDGE('',*,*,#1751,.T.);
#2476=ORIENTED_EDGE('',*,*,#1822,.T.);
#2477=ORIENTED_EDGE('',*,*,#1823,.F.);
#2478=ORIENTED_EDGE('',*,*,#1806,.T.);
#2479=ORIENTED_EDGE('',*,*,#1805,.T.);
#2480=ORIENTED_EDGE('',*,*,#1824,.F.);
#2481=ORIENTED_EDGE('',*,*,#1825,.T.);
#2482=ORIENTED_EDGE('',*,*,#1826,.T.);
#2483=ORIENTED_EDGE('',*,*,#1786,.T.);
#2484=ORIENTED_EDGE('',*,*,#1795,.T.);
#2485=ORIENTED_EDGE('',*,*,#1827,.T.);
#2486=ORIENTED_EDGE('',*,*,#1793,.T.);
#2487=ORIENTED_EDGE('',*,*,#1823,.T.);
#2488=ORIENTED_EDGE('',*,*,#1828,.T.);
#2489=ORIENTED_EDGE('',*,*,#1829,.F.);
#2490=ORIENTED_EDGE('',*,*,#1817,.T.);
#2491=ORIENTED_EDGE('',*,*,#1559,.T.);
#2492=ORIENTED_EDGE('',*,*,#1830,.F.);
#2493=ORIENTED_EDGE('',*,*,#1831,.F.);
#2494=ORIENTED_EDGE('',*,*,#1828,.F.);
#2495=ORIENTED_EDGE('',*,*,#1558,.F.);
#2496=ORIENTED_EDGE('',*,*,#1832,.F.);
#2497=ORIENTED_EDGE('',*,*,#1825,.F.);
#2498=ORIENTED_EDGE('',*,*,#1833,.T.);
#2499=ORIENTED_EDGE('',*,*,#1827,.F.);
#2500=ORIENTED_EDGE('',*,*,#1822,.F.);
#2501=ORIENTED_EDGE('',*,*,#1834,.F.);
#2502=ORIENTED_EDGE('',*,*,#1794,.T.);
#2503=ORIENTED_EDGE('',*,*,#1833,.F.);
#2504=ORIENTED_EDGE('',*,*,#1835,.T.);
#2505=ORIENTED_EDGE('',*,*,#1836,.F.);
#2506=ORIENTED_EDGE('',*,*,#1803,.F.);
#2507=ORIENTED_EDGE('',*,*,#1812,.T.);
#2508=ORIENTED_EDGE('',*,*,#1837,.F.);
#2509=ORIENTED_EDGE('',*,*,#1838,.T.);
#2510=ORIENTED_EDGE('',*,*,#1837,.T.);
#2511=ORIENTED_EDGE('',*,*,#1789,.T.);
#2512=ORIENTED_EDGE('',*,*,#1839,.T.);
#2513=ORIENTED_EDGE('',*,*,#1840,.T.);
#2514=ORIENTED_EDGE('',*,*,#1798,.T.);
#2515=ORIENTED_EDGE('',*,*,#1841,.T.);
#2516=ORIENTED_EDGE('',*,*,#1842,.T.);
#2517=ORIENTED_EDGE('',*,*,#1834,.T.);
#2518=ORIENTED_EDGE('',*,*,#1824,.T.);
#2519=ORIENTED_EDGE('',*,*,#1804,.T.);
#2520=ORIENTED_EDGE('',*,*,#1836,.T.);
#2521=ORIENTED_EDGE('',*,*,#1843,.T.);
#2522=ORIENTED_EDGE('',*,*,#1810,.T.);
#2523=ORIENTED_EDGE('',*,*,#1844,.T.);
#2524=ORIENTED_EDGE('',*,*,#1845,.T.);
#2525=ORIENTED_EDGE('',*,*,#1846,.T.);
#2526=ORIENTED_EDGE('',*,*,#1847,.T.);
#2527=ORIENTED_EDGE('',*,*,#1848,.T.);
#2528=ORIENTED_EDGE('',*,*,#1849,.T.);
#2529=ORIENTED_EDGE('',*,*,#1818,.T.);
#2530=ORIENTED_EDGE('',*,*,#1829,.T.);
#2531=ORIENTED_EDGE('',*,*,#1831,.T.);
#2532=ORIENTED_EDGE('',*,*,#1850,.T.);
#2533=ORIENTED_EDGE('',*,*,#1851,.T.);
#2534=ORIENTED_EDGE('',*,*,#1816,.T.);
#2535=ORIENTED_EDGE('',*,*,#1852,.T.);
#2536=ORIENTED_EDGE('',*,*,#1853,.T.);
#2537=ORIENTED_EDGE('',*,*,#1854,.T.);
#2538=ORIENTED_EDGE('',*,*,#1855,.T.);
#2539=ORIENTED_EDGE('',*,*,#1856,.T.);
#2540=ORIENTED_EDGE('',*,*,#1857,.T.);
#2541=ORIENTED_EDGE('',*,*,#1563,.T.);
#2542=ORIENTED_EDGE('',*,*,#1858,.T.);
#2543=ORIENTED_EDGE('',*,*,#1847,.F.);
#2544=ORIENTED_EDGE('',*,*,#1859,.T.);
#2545=ORIENTED_EDGE('',*,*,#1561,.T.);
#2546=ORIENTED_EDGE('',*,*,#1819,.T.);
#2547=ORIENTED_EDGE('',*,*,#1849,.F.);
#2548=ORIENTED_EDGE('',*,*,#1788,.T.);
#2549=ORIENTED_EDGE('',*,*,#1860,.F.);
#2550=ORIENTED_EDGE('',*,*,#1858,.F.);
#2551=ORIENTED_EDGE('',*,*,#1562,.F.);
#2552=ORIENTED_EDGE('',*,*,#1859,.F.);
#2553=ORIENTED_EDGE('',*,*,#1848,.F.);
#2554=ORIENTED_EDGE('',*,*,#1811,.F.);
#2555=ORIENTED_EDGE('',*,*,#1843,.F.);
#2556=ORIENTED_EDGE('',*,*,#1835,.F.);
#2557=ORIENTED_EDGE('',*,*,#1838,.F.);
#2558=ORIENTED_EDGE('',*,*,#1860,.T.);
#2559=ORIENTED_EDGE('',*,*,#1807,.F.);
#2560=ORIENTED_EDGE('',*,*,#1861,.T.);
#2561=ORIENTED_EDGE('',*,*,#1754,.T.);
#2562=ORIENTED_EDGE('',*,*,#1760,.T.);
#2563=ORIENTED_EDGE('',*,*,#1672,.T.);
#2564=ORIENTED_EDGE('',*,*,#1862,.T.);
#2565=ORIENTED_EDGE('',*,*,#1850,.F.);
#2566=ORIENTED_EDGE('',*,*,#1830,.T.);
#2567=ORIENTED_EDGE('',*,*,#1557,.T.);
#2568=ORIENTED_EDGE('',*,*,#1813,.F.);
#2569=ORIENTED_EDGE('',*,*,#1851,.F.);
#2570=ORIENTED_EDGE('',*,*,#1862,.F.);
#2571=ORIENTED_EDGE('',*,*,#1556,.F.);
#2572=ORIENTED_EDGE('',*,*,#1797,.F.);
#2573=ORIENTED_EDGE('',*,*,#1677,.T.);
#2574=ORIENTED_EDGE('',*,*,#1863,.F.);
#2575=ORIENTED_EDGE('',*,*,#1841,.F.);
#2576=ORIENTED_EDGE('',*,*,#1864,.T.);
#2577=ORIENTED_EDGE('',*,*,#1684,.T.);
#2578=ORIENTED_EDGE('',*,*,#1865,.T.);
#2579=ORIENTED_EDGE('',*,*,#1839,.F.);
#2580=ORIENTED_EDGE('',*,*,#1866,.T.);
#2581=ORIENTED_EDGE('',*,*,#1845,.F.);
#2582=ORIENTED_EDGE('',*,*,#1867,.F.);
#2583=ORIENTED_EDGE('',*,*,#1868,.F.);
#2584=ORIENTED_EDGE('',*,*,#1782,.T.);
#2585=ORIENTED_EDGE('',*,*,#1565,.T.);
#2586=ORIENTED_EDGE('',*,*,#1857,.F.);
#2587=ORIENTED_EDGE('',*,*,#1846,.F.);
#2588=ORIENTED_EDGE('',*,*,#1866,.F.);
#2589=ORIENTED_EDGE('',*,*,#1564,.F.);
#2590=ORIENTED_EDGE('',*,*,#1809,.F.);
#2591=ORIENTED_EDGE('',*,*,#1685,.T.);
#2592=ORIENTED_EDGE('',*,*,#1864,.F.);
#2593=ORIENTED_EDGE('',*,*,#1844,.F.);
#2594=ORIENTED_EDGE('',*,*,#1869,.T.);
#2595=ORIENTED_EDGE('',*,*,#1632,.F.);
#2596=ORIENTED_EDGE('',*,*,#1691,.T.);
#2597=ORIENTED_EDGE('',*,*,#1821,.F.);
#2598=ORIENTED_EDGE('',*,*,#1750,.F.);
#2599=ORIENTED_EDGE('',*,*,#1870,.T.);
#2600=ORIENTED_EDGE('',*,*,#1871,.F.);
#2601=ORIENTED_EDGE('',*,*,#1872,.T.);
#2602=ORIENTED_EDGE('',*,*,#1873,.T.);
#2603=ORIENTED_EDGE('',*,*,#1872,.F.);
#2604=ORIENTED_EDGE('',*,*,#1874,.F.);
#2605=ORIENTED_EDGE('',*,*,#1875,.T.);
#2606=ORIENTED_EDGE('',*,*,#1876,.T.);
#2607=ORIENTED_EDGE('',*,*,#1875,.F.);
#2608=ORIENTED_EDGE('',*,*,#1877,.F.);
#2609=ORIENTED_EDGE('',*,*,#1878,.T.);
#2610=ORIENTED_EDGE('',*,*,#1879,.T.);
#2611=ORIENTED_EDGE('',*,*,#1878,.F.);
#2612=ORIENTED_EDGE('',*,*,#1880,.F.);
#2613=ORIENTED_EDGE('',*,*,#1881,.T.);
#2614=ORIENTED_EDGE('',*,*,#1882,.T.);
#2615=ORIENTED_EDGE('',*,*,#1881,.F.);
#2616=ORIENTED_EDGE('',*,*,#1883,.F.);
#2617=ORIENTED_EDGE('',*,*,#1884,.T.);
#2618=ORIENTED_EDGE('',*,*,#1573,.F.);
#2619=ORIENTED_EDGE('',*,*,#1884,.F.);
#2620=ORIENTED_EDGE('',*,*,#1885,.F.);
#2621=ORIENTED_EDGE('',*,*,#1886,.T.);
#2622=ORIENTED_EDGE('',*,*,#1572,.F.);
#2623=ORIENTED_EDGE('',*,*,#1886,.F.);
#2624=ORIENTED_EDGE('',*,*,#1887,.T.);
#2625=ORIENTED_EDGE('',*,*,#1887,.F.);
#2626=ORIENTED_EDGE('',*,*,#1888,.T.);
#2627=ORIENTED_EDGE('',*,*,#1853,.F.);
#2628=ORIENTED_EDGE('',*,*,#1888,.F.);
#2629=ORIENTED_EDGE('',*,*,#1889,.T.);
#2630=ORIENTED_EDGE('',*,*,#1889,.F.);
#2631=ORIENTED_EDGE('',*,*,#1890,.T.);
#2632=ORIENTED_EDGE('',*,*,#1854,.F.);
#2633=ORIENTED_EDGE('',*,*,#1890,.F.);
#2634=ORIENTED_EDGE('',*,*,#1891,.T.);
#2635=ORIENTED_EDGE('',*,*,#1891,.F.);
#2636=ORIENTED_EDGE('',*,*,#1892,.T.);
#2637=ORIENTED_EDGE('',*,*,#1855,.F.);
#2638=ORIENTED_EDGE('',*,*,#1892,.F.);
#2639=ORIENTED_EDGE('',*,*,#1893,.T.);
#2640=ORIENTED_EDGE('',*,*,#1893,.F.);
#2641=ORIENTED_EDGE('',*,*,#1894,.T.);
#2642=ORIENTED_EDGE('',*,*,#1856,.F.);
#2643=ORIENTED_EDGE('',*,*,#1894,.F.);
#2644=ORIENTED_EDGE('',*,*,#1694,.T.);
#2645=ORIENTED_EDGE('',*,*,#1895,.T.);
#2646=ORIENTED_EDGE('',*,*,#1755,.F.);
#2647=ORIENTED_EDGE('',*,*,#1861,.F.);
#2648=ORIENTED_EDGE('',*,*,#1671,.T.);
#2649=ORIENTED_EDGE('',*,*,#1668,.F.);
#2650=ORIENTED_EDGE('',*,*,#1756,.T.);
#2651=ORIENTED_EDGE('',*,*,#1895,.F.);
#2652=ORIENTED_EDGE('',*,*,#1693,.F.);
#2653=ORIENTED_EDGE('',*,*,#1701,.T.);
#2654=ORIENTED_EDGE('',*,*,#1596,.T.);
#2655=ORIENTED_EDGE('',*,*,#1633,.F.);
#2656=ORIENTED_EDGE('',*,*,#1869,.F.);
#2657=ORIENTED_EDGE('',*,*,#1896,.T.);
#2658=ORIENTED_EDGE('',*,*,#1772,.T.);
#2659=ORIENTED_EDGE('',*,*,#1749,.T.);
#2660=ORIENTED_EDGE('',*,*,#1773,.F.);
#2661=ORIENTED_EDGE('',*,*,#1896,.F.);
#2662=ORIENTED_EDGE('',*,*,#1870,.F.);
#2663=ORIENTED_EDGE('',*,*,#1768,.T.);
#2664=ORIENTED_EDGE('',*,*,#1897,.T.);
#2665=ORIENTED_EDGE('',*,*,#1645,.T.);
#2666=ORIENTED_EDGE('',*,*,#1640,.F.);
#2667=ORIENTED_EDGE('',*,*,#1767,.T.);
#2668=ORIENTED_EDGE('',*,*,#1898,.F.);
#2669=ORIENTED_EDGE('',*,*,#1646,.T.);
#2670=ORIENTED_EDGE('',*,*,#1897,.F.);
#2671=ORIENTED_EDGE('',*,*,#1871,.T.);
#2672=ORIENTED_EDGE('',*,*,#1874,.T.);
#2673=ORIENTED_EDGE('',*,*,#1877,.T.);
#2674=ORIENTED_EDGE('',*,*,#1880,.T.);
#2675=ORIENTED_EDGE('',*,*,#1899,.T.);
#2676=ORIENTED_EDGE('',*,*,#1697,.F.);
#2677=ORIENTED_EDGE('',*,*,#1900,.T.);
#2678=ORIENTED_EDGE('',*,*,#1901,.F.);
#2679=ORIENTED_EDGE('',*,*,#1902,.T.);
#2680=ORIENTED_EDGE('',*,*,#1759,.T.);
#2681=ORIENTED_EDGE('',*,*,#1903,.F.);
#2682=ORIENTED_EDGE('',*,*,#1900,.F.);
#2683=ORIENTED_EDGE('',*,*,#1696,.F.);
#2684=ORIENTED_EDGE('',*,*,#1757,.T.);
#2685=ORIENTED_EDGE('',*,*,#1698,.F.);
#2686=ORIENTED_EDGE('',*,*,#1902,.F.);
#2687=ORIENTED_EDGE('',*,*,#1904,.F.);
#2688=ORIENTED_EDGE('',*,*,#1905,.F.);
#2689=ORIENTED_EDGE('',*,*,#1906,.T.);
#2690=ORIENTED_EDGE('',*,*,#1570,.F.);
#2691=ORIENTED_EDGE('',*,*,#1906,.F.);
#2692=ORIENTED_EDGE('',*,*,#1732,.T.);
#2693=ORIENTED_EDGE('',*,*,#1747,.F.);
#2694=ORIENTED_EDGE('',*,*,#1659,.T.);
#2695=ORIENTED_EDGE('',*,*,#1666,.T.);
#2696=ORIENTED_EDGE('',*,*,#1723,.T.);
#2697=ORIENTED_EDGE('',*,*,#1745,.T.);
#2698=ORIENTED_EDGE('',*,*,#1725,.T.);
#2699=ORIENTED_EDGE('',*,*,#1762,.T.);
#2700=ORIENTED_EDGE('',*,*,#1907,.T.);
#2701=ORIENTED_EDGE('',*,*,#1544,.F.);
#2702=ORIENTED_EDGE('',*,*,#1729,.T.);
#2703=ORIENTED_EDGE('',*,*,#1743,.T.);
#2704=ORIENTED_EDGE('',*,*,#1586,.T.);
#2705=ORIENTED_EDGE('',*,*,#1908,.F.);
#2706=ORIENTED_EDGE('',*,*,#1909,.F.);
#2707=ORIENTED_EDGE('',*,*,#1545,.T.);
#2708=ORIENTED_EDGE('',*,*,#1907,.F.);
#2709=ORIENTED_EDGE('',*,*,#1761,.F.);
#2710=ORIENTED_EDGE('',*,*,#1910,.F.);
#2711=ORIENTED_EDGE('',*,*,#1911,.T.);
#2712=ORIENTED_EDGE('',*,*,#1569,.F.);
#2713=ORIENTED_EDGE('',*,*,#1911,.F.);
#2714=ORIENTED_EDGE('',*,*,#1899,.F.);
#2715=ORIENTED_EDGE('',*,*,#1912,.T.);
#2716=ORIENTED_EDGE('',*,*,#1571,.F.);
#2717=ORIENTED_EDGE('',*,*,#1912,.F.);
#2718=ORIENTED_EDGE('',*,*,#1863,.T.);
#2719=ORIENTED_EDGE('',*,*,#1676,.T.);
#2720=ORIENTED_EDGE('',*,*,#1826,.F.);
#2721=ORIENTED_EDGE('',*,*,#1832,.T.);
#2722=ORIENTED_EDGE('',*,*,#1842,.F.);
#2723=ORIENTED_EDGE('',*,*,#1702,.T.);
#2724=ORIENTED_EDGE('',*,*,#1679,.T.);
#2725=ORIENTED_EDGE('',*,*,#1799,.T.);
#2726=ORIENTED_EDGE('',*,*,#1840,.F.);
#2727=ORIENTED_EDGE('',*,*,#1865,.F.);
#2728=ORIENTED_EDGE('',*,*,#1683,.T.);
#2729=ORIENTED_EDGE('',*,*,#1705,.T.);
#2730=ORIENTED_EDGE('',*,*,#1709,.T.);
#2731=ORIENTED_EDGE('',*,*,#1903,.T.);
#2732=ORIENTED_EDGE('',*,*,#1758,.T.);
#2733=ORIENTED_EDGE('',*,*,#1904,.T.);
#2734=ORIENTED_EDGE('',*,*,#1901,.T.);
#2735=ORIENTED_EDGE('',*,*,#1852,.F.);
#2736=ORIENTED_EDGE('',*,*,#1815,.F.);
#2737=ORIENTED_EDGE('',*,*,#1913,.F.);
#2738=ORIENTED_EDGE('',*,*,#1867,.T.);
#2739=ORIENTED_EDGE('',*,*,#1777,.T.);
#2740=ORIENTED_EDGE('',*,*,#1914,.F.);
#2741=ORIENTED_EDGE('',*,*,#1779,.T.);
#2742=ORIENTED_EDGE('',*,*,#1551,.T.);
#2743=ORIENTED_EDGE('',*,*,#1776,.T.);
#2744=ORIENTED_EDGE('',*,*,#1783,.T.);
#2745=ORIENTED_EDGE('',*,*,#1868,.T.);
#2746=ORIENTED_EDGE('',*,*,#1913,.T.);
#2747=ORIENTED_EDGE('',*,*,#1814,.T.);
#2748=ORIENTED_EDGE('',*,*,#1784,.T.);
#2749=ORIENTED_EDGE('',*,*,#1780,.T.);
#2750=ORIENTED_EDGE('',*,*,#1914,.T.);
#2751=ORIENTED_EDGE('',*,*,#1519,.T.);
#2752=ORIENTED_EDGE('',*,*,#1568,.F.);
#2753=ORIENTED_EDGE('',*,*,#1915,.F.);
#2754=ORIENTED_EDGE('',*,*,#1662,.F.);
#2755=ORIENTED_EDGE('',*,*,#1614,.T.);
#2756=ORIENTED_EDGE('',*,*,#1538,.T.);
#2757=ORIENTED_EDGE('',*,*,#1503,.T.);
#2758=ORIENTED_EDGE('',*,*,#1524,.T.);
#2759=ORIENTED_EDGE('',*,*,#1718,.T.);
#2760=ORIENTED_EDGE('',*,*,#1663,.F.);
#2761=ORIENTED_EDGE('',*,*,#1915,.T.);
#2762=ORIENTED_EDGE('',*,*,#1567,.F.);
#2763=ORIENTED_EDGE('',*,*,#1528,.F.);
#2764=ORIENTED_EDGE('',*,*,#1763,.F.);
#2765=ORIENTED_EDGE('',*,*,#1738,.T.);
#2766=ORIENTED_EDGE('',*,*,#1735,.T.);
#2767=ORIENTED_EDGE('',*,*,#1910,.T.);
#2768=ORIENTED_EDGE('',*,*,#1873,.F.);
#2769=ORIENTED_EDGE('',*,*,#1905,.T.);
#2770=ORIENTED_EDGE('',*,*,#1876,.F.);
#2771=ORIENTED_EDGE('',*,*,#1883,.T.);
#2772=ORIENTED_EDGE('',*,*,#1879,.F.);
#2773=ORIENTED_EDGE('',*,*,#1885,.T.);
#2774=ORIENTED_EDGE('',*,*,#1882,.F.);
#2775=ORIENTED_EDGE('',*,*,#1766,.T.);
#2776=ORIENTED_EDGE('',*,*,#1643,.F.);
#2777=ORIENTED_EDGE('',*,*,#1647,.T.);
#2778=ORIENTED_EDGE('',*,*,#1898,.T.);
#2779=ORIENTED_EDGE('',*,*,#1620,.T.);
#2780=ORIENTED_EDGE('',*,*,#1651,.F.);
#2781=ORIENTED_EDGE('',*,*,#1764,.T.);
#2782=ORIENTED_EDGE('',*,*,#1654,.T.);
#2783=ORIENTED_EDGE('',*,*,#1657,.F.);
#2784=ORIENTED_EDGE('',*,*,#1661,.T.);
#2785=ORIENTED_EDGE('',*,*,#1746,.T.);
#2786=ORIENTED_EDGE('',*,*,#1603,.T.);
#2787=ORIENTED_EDGE('',*,*,#1648,.F.);
#2788=ORIENTED_EDGE('',*,*,#1591,.T.);
#2789=ORIENTED_EDGE('',*,*,#1636,.T.);
#2790=ORIENTED_EDGE('',*,*,#1771,.T.);
#2791=ORIENTED_EDGE('',*,*,#1769,.T.);
#2792=ORIENTED_EDGE('',*,*,#1546,.T.);
#2793=ORIENTED_EDGE('',*,*,#1909,.T.);
#2794=ORIENTED_EDGE('',*,*,#1916,.F.);
#2795=ORIENTED_EDGE('',*,*,#1585,.T.);
#2796=ORIENTED_EDGE('',*,*,#1770,.T.);
#2797=ORIENTED_EDGE('',*,*,#1916,.T.);
#2798=ORIENTED_EDGE('',*,*,#1908,.T.);
#2799=PLANE('',#3098);
#2800=PLANE('',#3099);
#2801=PLANE('',#3100);
#2802=PLANE('',#3102);
#2803=PLANE('',#3103);
#2804=PLANE('',#3109);
#2805=PLANE('',#3110);
#2806=PLANE('',#3111);
#2807=PLANE('',#3112);
#2808=PLANE('',#3113);
#2809=PLANE('',#3114);
#2810=PLANE('',#3118);
#2811=PLANE('',#3119);
#2812=PLANE('',#3120);
#2813=PLANE('',#3121);
#2814=PLANE('',#3122);
#2815=PLANE('',#3123);
#2816=PLANE('',#3124);
#2817=PLANE('',#3125);
#2818=PLANE('',#3126);
#2819=PLANE('',#3129);
#2820=PLANE('',#3131);
#2821=PLANE('',#3135);
#2822=PLANE('',#3152);
#2823=PLANE('',#3168);
#2824=PLANE('',#3187);
#2825=PLANE('',#3189);
#2826=PLANE('',#3190);
#2827=PLANE('',#3191);
#2828=PLANE('',#3193);
#2829=PLANE('',#3204);
#2830=PLANE('',#3205);
#2831=PLANE('',#3210);
#2832=PLANE('',#3211);
#2833=PLANE('',#3212);
#2834=PLANE('',#3214);
#2835=PLANE('',#3215);
#2836=PLANE('',#3222);
#2837=PLANE('',#3224);
#2838=PLANE('',#3225);
#2839=PLANE('',#3226);
#2840=PLANE('',#3227);
#2841=PLANE('',#3228);
#2842=PLANE('',#3229);
#2843=PLANE('',#3230);
#2844=PLANE('',#3231);
#2845=PLANE('',#3232);
#2846=PLANE('',#3233);
#2847=PLANE('',#3234);
#2848=PLANE('',#3235);
#2849=PLANE('',#3236);
#2850=PLANE('',#3237);
#2851=PLANE('',#3238);
#2852=PLANE('',#3239);
#2853=PLANE('',#3240);
#2854=PLANE('',#3242);
#2855=PLANE('',#3245);
#2856=PLANE('',#3247);
#2857=PLANE('',#3250);
#2858=PLANE('',#3251);
#2859=PLANE('',#3255);
#2860=PLANE('',#3263);
#2861=PLANE('',#3268);
#2862=PLANE('',#3269);
#2863=PLANE('',#3281);
#2864=PLANE('',#3282);
#2865=PLANE('',#3283);
#2866=PLANE('',#3284);
#2867=PLANE('',#3286);
#2868=PLANE('',#3287);
#2869=PLANE('',#3288);
#2870=PLANE('',#3289);
#2871=PLANE('',#3290);
#2872=PLANE('',#3291);
#2873=PLANE('',#3292);
#2874=PLANE('',#3293);
#2875=PLANE('',#3294);
#2876=PLANE('',#3296);
#2877=PLANE('',#3298);
#2878=PLANE('',#3304);
#2879=PLANE('',#3305);
#2880=PLANE('',#3306);
#2881=PLANE('',#3308);
#2882=PLANE('',#3319);
#2883=PLANE('',#3320);
#2884=PLANE('',#3321);
#2885=PLANE('',#3325);
#2886=PLANE('',#3326);
#2887=PLANE('',#3329);
#2888=PLANE('',#3330);
#2889=PLANE('',#3351);
#2890=PLANE('',#3354);
#2891=PLANE('',#3357);
#2892=PLANE('',#3360);
#2893=PLANE('',#3364);
#2894=PLANE('',#3365);
#2895=PLANE('',#3366);
#2896=PLANE('',#3369);
#2897=PLANE('',#3372);
#2898=PLANE('',#3373);
#2899=PLANE('',#3374);
#2900=PLANE('',#3377);
#2901=PLANE('',#3381);
#2902=PLANE('',#3382);
#2903=PLANE('',#3383);
#2904=PLANE('',#3384);
#2905=PLANE('',#3385);
#2906=PLANE('',#3386);
#2907=PLANE('',#3387);
#2908=PLANE('',#3388);
#2909=PLANE('',#3389);
#2910=PLANE('',#3390);
#2911=PLANE('',#3391);
#2912=PLANE('',#3392);
#2913=PLANE('',#3394);
#2914=PLANE('',#3395);
#2915=PLANE('',#3396);
#2916=PLANE('',#3397);
#2917=PLANE('',#3398);
#2918=PLANE('',#3399);
#2919=ADVANCED_FACE('',(#229),#2799,.F.);
#2920=ADVANCED_FACE('',(#230),#2800,.F.);
#2921=ADVANCED_FACE('',(#231),#2801,.F.);
#2922=ADVANCED_FACE('',(#232),#2802,.F.);
#2923=ADVANCED_FACE('',(#233),#2803,.T.);
#2924=ADVANCED_FACE('',(#234),#47,.T.);
#2925=ADVANCED_FACE('',(#235),#48,.T.);
#2926=ADVANCED_FACE('',(#236),#2804,.T.);
#2927=ADVANCED_FACE('',(#237),#2805,.F.);
#2928=ADVANCED_FACE('',(#238),#2806,.F.);
#2929=ADVANCED_FACE('',(#239),#2807,.F.);
#2930=ADVANCED_FACE('',(#240),#2808,.F.);
#2931=ADVANCED_FACE('',(#241),#2809,.F.);
#2932=ADVANCED_FACE('',(#242),#49,.F.);
#2933=ADVANCED_FACE('',(#243),#2810,.F.);
#2934=ADVANCED_FACE('',(#244),#2811,.F.);
#2935=ADVANCED_FACE('',(#245),#2812,.T.);
#2936=ADVANCED_FACE('',(#246),#2813,.F.);
#2937=ADVANCED_FACE('',(#247),#2814,.F.);
#2938=ADVANCED_FACE('',(#248),#2815,.T.);
#2939=ADVANCED_FACE('',(#249),#2816,.F.);
#2940=ADVANCED_FACE('',(#250),#2817,.T.);
#2941=ADVANCED_FACE('',(#251),#2818,.F.);
#2942=ADVANCED_FACE('',(#252,#14),#2819,.F.);
#2943=ADVANCED_FACE('',(#253),#2820,.F.);
#2944=ADVANCED_FACE('',(#254,#15,#16,#17,#18,#19,#20,#21,#22),#2821,.T.);
#2945=ADVANCED_FACE('',(#255),#50,.F.);
#2946=ADVANCED_FACE('',(#256,#23),#2822,.F.);
#2947=ADVANCED_FACE('',(#257,#24,#25),#51,.F.);
#2948=ADVANCED_FACE('',(#258),#52,.F.);
#2949=ADVANCED_FACE('',(#259,#26),#2823,.F.);
#2950=ADVANCED_FACE('',(#260,#27),#53,.F.);
#2951=ADVANCED_FACE('',(#261),#54,.F.);
#2952=ADVANCED_FACE('',(#262,#28),#2824,.F.);
#2953=ADVANCED_FACE('',(#263),#2825,.T.);
#2954=ADVANCED_FACE('',(#264),#2826,.F.);
#2955=ADVANCED_FACE('',(#265),#2827,.F.);
#2956=ADVANCED_FACE('',(#266,#29),#2828,.F.);
#2957=ADVANCED_FACE('',(#267),#55,.T.);
#2958=ADVANCED_FACE('',(#268),#2829,.F.);
#2959=ADVANCED_FACE('',(#269),#2830,.T.);
#2960=ADVANCED_FACE('',(#270),#56,.T.);
#2961=ADVANCED_FACE('',(#271),#2831,.T.);
#2962=ADVANCED_FACE('',(#272),#2832,.F.);
#2963=ADVANCED_FACE('',(#273),#2833,.T.);
#2964=ADVANCED_FACE('',(#274),#2834,.T.);
#2965=ADVANCED_FACE('',(#275),#2835,.F.);
#2966=ADVANCED_FACE('',(#276),#2836,.T.);
#2967=ADVANCED_FACE('',(#277),#2837,.T.);
#2968=ADVANCED_FACE('',(#278),#2838,.F.);
#2969=ADVANCED_FACE('',(#279),#2839,.F.);
#2970=ADVANCED_FACE('',(#280),#2840,.F.);
#2971=ADVANCED_FACE('',(#281),#2841,.F.);
#2972=ADVANCED_FACE('',(#282),#2842,.F.);
#2973=ADVANCED_FACE('',(#283),#2843,.F.);
#2974=ADVANCED_FACE('',(#284),#2844,.F.);
#2975=ADVANCED_FACE('',(#285),#2845,.F.);
#2976=ADVANCED_FACE('',(#286),#2846,.F.);
#2977=ADVANCED_FACE('',(#287),#2847,.F.);
#2978=ADVANCED_FACE('',(#288),#2848,.F.);
#2979=ADVANCED_FACE('',(#289),#2849,.F.);
#2980=ADVANCED_FACE('',(#290),#2850,.F.);
#2981=ADVANCED_FACE('',(#291),#2851,.F.);
#2982=ADVANCED_FACE('',(#292),#2852,.F.);
#2983=ADVANCED_FACE('',(#293),#2853,.F.);
#2984=ADVANCED_FACE('',(#294),#2854,.T.);
#2985=ADVANCED_FACE('',(#295),#2855,.F.);
#2986=ADVANCED_FACE('',(#296),#2856,.F.);
#2987=ADVANCED_FACE('',(#297),#2857,.T.);
#2988=ADVANCED_FACE('',(#298),#2858,.T.);
#2989=ADVANCED_FACE('',(#299),#57,.T.);
#2990=ADVANCED_FACE('',(#300),#2859,.F.);
#2991=ADVANCED_FACE('',(#301),#58,.T.);
#2992=ADVANCED_FACE('',(#302),#59,.T.);
#2993=ADVANCED_FACE('',(#303),#60,.T.);
#2994=ADVANCED_FACE('',(#304),#2860,.F.);
#2995=ADVANCED_FACE('',(#305),#61,.F.);
#2996=ADVANCED_FACE('',(#306),#62,.F.);
#2997=ADVANCED_FACE('',(#307),#2861,.F.);
#2998=ADVANCED_FACE('',(#308),#2862,.F.);
#2999=ADVANCED_FACE('',(#309),#63,.T.);
#3000=ADVANCED_FACE('',(#310),#2863,.T.);
#3001=ADVANCED_FACE('',(#311),#2864,.T.);
#3002=ADVANCED_FACE('',(#312),#2865,.F.);
#3003=ADVANCED_FACE('',(#313),#2866,.T.);
#3004=ADVANCED_FACE('',(#314),#2867,.T.);
#3005=ADVANCED_FACE('',(#315),#2868,.F.);
#3006=ADVANCED_FACE('',(#316),#2869,.T.);
#3007=ADVANCED_FACE('',(#317),#2870,.T.);
#3008=ADVANCED_FACE('',(#318),#2871,.T.);
#3009=ADVANCED_FACE('',(#319),#2872,.T.);
#3010=ADVANCED_FACE('',(#320),#2873,.T.);
#3011=ADVANCED_FACE('',(#321),#2874,.T.);
#3012=ADVANCED_FACE('',(#322),#2875,.T.);
#3013=ADVANCED_FACE('',(#323),#2876,.T.);
#3014=ADVANCED_FACE('',(#324),#2877,.T.);
#3015=ADVANCED_FACE('',(#325),#64,.T.);
#3016=ADVANCED_FACE('',(#326),#65,.T.);
#3017=ADVANCED_FACE('',(#327),#2878,.F.);
#3018=ADVANCED_FACE('',(#328),#2879,.T.);
#3019=ADVANCED_FACE('',(#329),#2880,.T.);
#3020=ADVANCED_FACE('',(#330,#30,#31,#32,#33,#34),#2881,.T.);
#3021=ADVANCED_FACE('',(#331),#2882,.T.);
#3022=ADVANCED_FACE('',(#332),#2883,.T.);
#3023=ADVANCED_FACE('',(#333),#2884,.F.);
#3024=ADVANCED_FACE('',(#334),#66,.T.);
#3025=ADVANCED_FACE('',(#335),#67,.T.);
#3026=ADVANCED_FACE('',(#336),#2885,.T.);
#3027=ADVANCED_FACE('',(#337),#2886,.T.);
#3028=ADVANCED_FACE('',(#338),#68,.T.);
#3029=ADVANCED_FACE('',(#339),#69,.T.);
#3030=ADVANCED_FACE('',(#340),#2887,.T.);
#3031=ADVANCED_FACE('',(#341),#2888,.T.);
#3032=ADVANCED_FACE('',(#342),#70,.T.);
#3033=ADVANCED_FACE('',(#343),#71,.T.);
#3034=ADVANCED_FACE('',(#344),#72,.T.);
#3035=ADVANCED_FACE('',(#345),#73,.F.);
#3036=ADVANCED_FACE('',(#346),#74,.F.);
#3037=ADVANCED_FACE('',(#347),#75,.F.);
#3038=ADVANCED_FACE('',(#348),#76,.F.);
#3039=ADVANCED_FACE('',(#349),#77,.F.);
#3040=ADVANCED_FACE('',(#350),#78,.F.);
#3041=ADVANCED_FACE('',(#351),#2889,.T.);
#3042=ADVANCED_FACE('',(#352),#79,.F.);
#3043=ADVANCED_FACE('',(#353),#2890,.T.);
#3044=ADVANCED_FACE('',(#354),#80,.F.);
#3045=ADVANCED_FACE('',(#355),#2891,.T.);
#3046=ADVANCED_FACE('',(#356),#81,.F.);
#3047=ADVANCED_FACE('',(#357),#2892,.T.);
#3048=ADVANCED_FACE('',(#358),#82,.F.);
#3049=ADVANCED_FACE('',(#359),#83,.T.);
#3050=ADVANCED_FACE('',(#360),#2893,.F.);
#3051=ADVANCED_FACE('',(#361),#2894,.T.);
#3052=ADVANCED_FACE('',(#362),#2895,.F.);
#3053=ADVANCED_FACE('',(#363),#84,.F.);
#3054=ADVANCED_FACE('',(#364,#35,#36,#37,#38,#39),#2896,.F.);
#3055=ADVANCED_FACE('',(#365),#2897,.T.);
#3056=ADVANCED_FACE('',(#366),#2898,.F.);
#3057=ADVANCED_FACE('',(#367),#2899,.F.);
#3058=ADVANCED_FACE('',(#368,#40),#85,.F.);
#3059=ADVANCED_FACE('',(#369),#2900,.F.);
#3060=ADVANCED_FACE('',(#370),#86,.F.);
#3061=ADVANCED_FACE('',(#371),#87,.F.);
#3062=ADVANCED_FACE('',(#372),#2901,.T.);
#3063=ADVANCED_FACE('',(#373),#2902,.T.);
#3064=ADVANCED_FACE('',(#374),#2903,.T.);
#3065=ADVANCED_FACE('',(#375),#2904,.F.);
#3066=ADVANCED_FACE('',(#376),#2905,.F.);
#3067=ADVANCED_FACE('',(#377),#2906,.T.);
#3068=ADVANCED_FACE('',(#378),#2907,.F.);
#3069=ADVANCED_FACE('',(#379),#2908,.F.);
#3070=ADVANCED_FACE('',(#380,#41),#2909,.T.);
#3071=ADVANCED_FACE('',(#381,#42),#2910,.T.);
#3072=ADVANCED_FACE('',(#382,#43),#2911,.T.);
#3073=ADVANCED_FACE('',(#383,#44),#2912,.T.);
#3074=ADVANCED_FACE('',(#384),#88,.F.);
#3075=ADVANCED_FACE('',(#385),#2913,.F.);
#3076=ADVANCED_FACE('',(#386),#2914,.F.);
#3077=ADVANCED_FACE('',(#387),#2915,.F.);
#3078=ADVANCED_FACE('',(#388),#2916,.T.);
#3079=ADVANCED_FACE('',(#389),#2917,.F.);
#3080=ADVANCED_FACE('',(#390),#2918,.T.);
#3081=CLOSED_SHELL('',(#2919,#2920,#2921,#2922,#2923,#2924));
#3082=CLOSED_SHELL('',(#2925,#2926,#2927,#2928,#2929,#2930));
#3083=CLOSED_SHELL('',(#2931,#2932,#2933,#2934,#2935,#2936,#2937,#2938,
#2939,#2940,#2941,#2942,#2943,#2944,#2945,#2946,#2947,#2948,#2949,#2950,
#2951,#2952,#2953,#2954,#2955,#2956,#2957,#2958,#2959,#2960,#2961,#2962,
#2963,#2964,#2965,#2966,#2967,#2968,#2969,#2970,#2971,#2972,#2973,#2974,
#2975,#2976,#2977,#2978,#2979,#2980,#2981,#2982,#2983,#2984,#2985,#2986,
#2987,#2988,#2989,#2990,#2991,#2992,#2993,#2994,#2995,#2996,#2997,#2998,
#2999,#3000,#3001,#3002,#3003,#3004,#3005,#3006,#3007,#3008,#3009,#3010,
#3011,#3012,#3013,#3014,#3015,#3016,#3017,#3018,#3019,#3020,#3021,#3022,
#3023,#3024,#3025,#3026,#3027,#3028,#3029,#3030,#3031,#3032,#3033,#3034,
#3035,#3036,#3037,#3038,#3039,#3040,#3041,#3042,#3043,#3044,#3045,#3046,
#3047,#3048,#3049,#3050,#3051,#3052,#3053,#3054,#3055,#3056,#3057,#3058,
#3059,#3060,#3061,#3062,#3063,#3064,#3065,#3066,#3067,#3068,#3069,#3070,
#3071,#3072,#3073,#3074,#3075,#3076,#3077,#3078,#3079,#3080));
#3084=BREP_WITH_VOIDS('HandBase_J6_v2',#3083,(#45,#46));
#3085=DERIVED_UNIT_ELEMENT(#3087,1.);
#3086=DERIVED_UNIT_ELEMENT(#5206,-3.);
#3087=(
MASS_UNIT()
NAMED_UNIT(*)
SI_UNIT(.KILO.,.GRAM.)
);
#3088=DERIVED_UNIT((#3085,#3086));
#3089=MEASURE_REPRESENTATION_ITEM('density measure',
POSITIVE_RATIO_MEASURE(7850.),#3088);
#3090=PROPERTY_DEFINITION_REPRESENTATION(#3095,#3092);
#3091=PROPERTY_DEFINITION_REPRESENTATION(#3096,#3093);
#3092=REPRESENTATION('material name',(#3094),#5203);
#3093=REPRESENTATION('density',(#3089),#5203);
#3094=DESCRIPTIVE_REPRESENTATION_ITEM('\X2\92FC\X0\','\X2\92FC\X0\');
#3095=PROPERTY_DEFINITION('material property','material name',#5213);
#3096=PROPERTY_DEFINITION('material property','density of part',#5213);
#3097=AXIS2_PLACEMENT_3D('',#4307,#3400,#3401);
#3098=AXIS2_PLACEMENT_3D('',#4308,#3402,#3403);
#3099=AXIS2_PLACEMENT_3D('',#4317,#3408,#3409);
#3100=AXIS2_PLACEMENT_3D('',#4323,#3413,#3414);
#3101=AXIS2_PLACEMENT_3D('',#4325,#3415,#3416);
#3102=AXIS2_PLACEMENT_3D('',#4327,#3418,#3419);
#3103=AXIS2_PLACEMENT_3D('',#4331,#3422,#3423);
#3104=AXIS2_PLACEMENT_3D('',#4332,#3424,#3425);
#3105=AXIS2_PLACEMENT_3D('',#4333,#3426,#3427);
#3106=AXIS2_PLACEMENT_3D('',#4334,#3428,#3429);
#3107=AXIS2_PLACEMENT_3D('',#4337,#3430,#3431);
#3108=AXIS2_PLACEMENT_3D('',#4341,#3433,#3434);
#3109=AXIS2_PLACEMENT_3D('',#4343,#3436,#3437);
#3110=AXIS2_PLACEMENT_3D('',#4349,#3441,#3442);
#3111=AXIS2_PLACEMENT_3D('',#4353,#3445,#3446);
#3112=AXIS2_PLACEMENT_3D('',#4357,#3449,#3450);
#3113=AXIS2_PLACEMENT_3D('',#4359,#3452,#3453);
#3114=AXIS2_PLACEMENT_3D('',#4360,#3454,#3455);
#3115=AXIS2_PLACEMENT_3D('',#4377,#3464,#3465);
#3116=AXIS2_PLACEMENT_3D('',#4379,#3466,#3467);
#3117=AXIS2_PLACEMENT_3D('',#4382,#3469,#3470);
#3118=AXIS2_PLACEMENT_3D('',#4383,#3471,#3472);
#3119=AXIS2_PLACEMENT_3D('',#4389,#3476,#3477);
#3120=AXIS2_PLACEMENT_3D('',#4395,#3481,#3482);
#3121=AXIS2_PLACEMENT_3D('',#4397,#3484,#3485);
#3122=AXIS2_PLACEMENT_3D('',#4406,#3490,#3491);
#3123=AXIS2_PLACEMENT_3D('',#4409,#3494,#3495);
#3124=AXIS2_PLACEMENT_3D('',#4411,#3497,#3498);
#3125=AXIS2_PLACEMENT_3D('',#4421,#3504,#3505);
#3126=AXIS2_PLACEMENT_3D('',#4438,#3514,#3515);
#3127=AXIS2_PLACEMENT_3D('',#4441,#3517,#3518);
#3128=AXIS2_PLACEMENT_3D('',#4442,#3519,#3520);
#3129=AXIS2_PLACEMENT_3D('',#4443,#3521,#3522);
#3130=AXIS2_PLACEMENT_3D('',#4445,#3523,#3524);
#3131=AXIS2_PLACEMENT_3D('',#4446,#3525,#3526);
#3132=AXIS2_PLACEMENT_3D('',#4452,#3529,#3530);
#3133=AXIS2_PLACEMENT_3D('',#4458,#3533,#3534);
#3134=AXIS2_PLACEMENT_3D('',#4459,#3535,#3536);
#3135=AXIS2_PLACEMENT_3D('',#4460,#3537,#3538);
#3136=AXIS2_PLACEMENT_3D('',#4463,#3539,#3540);
#3137=AXIS2_PLACEMENT_3D('',#4465,#3541,#3542);
#3138=AXIS2_PLACEMENT_3D('',#4469,#3544,#3545);
#3139=AXIS2_PLACEMENT_3D('',#4471,#3546,#3547);
#3140=AXIS2_PLACEMENT_3D('',#4477,#3550,#3551);
#3141=AXIS2_PLACEMENT_3D('',#4481,#3553,#3554);
#3142=AXIS2_PLACEMENT_3D('',#4489,#3558,#3559);
#3143=AXIS2_PLACEMENT_3D('',#4493,#3561,#3562);
#3144=AXIS2_PLACEMENT_3D('',#4501,#3567,#3568);
#3145=AXIS2_PLACEMENT_3D('',#4503,#3569,#3570);
#3146=AXIS2_PLACEMENT_3D('',#4505,#3571,#3572);
#3147=AXIS2_PLACEMENT_3D('',#4507,#3573,#3574);
#3148=AXIS2_PLACEMENT_3D('',#4509,#3575,#3576);
#3149=AXIS2_PLACEMENT_3D('',#4511,#3577,#3578);
#3150=AXIS2_PLACEMENT_3D('',#4512,#3579,#3580);
#3151=AXIS2_PLACEMENT_3D('',#4514,#3581,#3582);
#3152=AXIS2_PLACEMENT_3D('',#4516,#3584,#3585);
#3153=AXIS2_PLACEMENT_3D('',#4518,#3586,#3587);
#3154=AXIS2_PLACEMENT_3D('',#4519,#3588,#3589);
#3155=AXIS2_PLACEMENT_3D('',#4524,#3591,#3592);
#3156=AXIS2_PLACEMENT_3D('',#4528,#3594,#3595);
#3157=AXIS2_PLACEMENT_3D('',#4530,#3597,#3598);
#3158=AXIS2_PLACEMENT_3D('',#4534,#3600,#3601);
#3159=AXIS2_PLACEMENT_3D('',#4537,#3603,#3604);
#3160=AXIS2_PLACEMENT_3D('',#4542,#3606,#3607);
#3161=AXIS2_PLACEMENT_3D('',#4545,#3609,#3610);
#3162=AXIS2_PLACEMENT_3D('',#4546,#3611,#3612);
#3163=AXIS2_PLACEMENT_3D('',#4549,#3613,#3614);
#3164=AXIS2_PLACEMENT_3D('',#4553,#3616,#3617);
#3165=AXIS2_PLACEMENT_3D('',#4557,#3619,#3620);
#3166=AXIS2_PLACEMENT_3D('',#4560,#3622,#3623);
#3167=AXIS2_PLACEMENT_3D('',#4563,#3625,#3626);
#3168=AXIS2_PLACEMENT_3D('',#4564,#3627,#3628);
#3169=AXIS2_PLACEMENT_3D('',#4566,#3629,#3630);
#3170=AXIS2_PLACEMENT_3D('',#4567,#3631,#3632);
#3171=AXIS2_PLACEMENT_3D('',#4572,#3634,#3635);
#3172=AXIS2_PLACEMENT_3D('',#4576,#3637,#3638);
#3173=AXIS2_PLACEMENT_3D('',#4580,#3640,#3641);
#3174=AXIS2_PLACEMENT_3D('',#4584,#3643,#3644);
#3175=AXIS2_PLACEMENT_3D('',#4588,#3646,#3647);
#3176=AXIS2_PLACEMENT_3D('',#4590,#3649,#3650);
#3177=AXIS2_PLACEMENT_3D('',#4593,#3652,#3653);
#3178=AXIS2_PLACEMENT_3D('',#4594,#3654,#3655);
#3179=AXIS2_PLACEMENT_3D('',#4599,#3657,#3658);
#3180=AXIS2_PLACEMENT_3D('',#4602,#3660,#3661);
#3181=AXIS2_PLACEMENT_3D('',#4603,#3662,#3663);
#3182=AXIS2_PLACEMENT_3D('',#4606,#3664,#3665);
#3183=AXIS2_PLACEMENT_3D('',#4610,#3667,#3668);
#3184=AXIS2_PLACEMENT_3D('',#4614,#3670,#3671);
#3185=AXIS2_PLACEMENT_3D('',#4617,#3673,#3674);
#3186=AXIS2_PLACEMENT_3D('',#4619,#3675,#3676);
#3187=AXIS2_PLACEMENT_3D('',#4621,#3678,#3679);
#3188=AXIS2_PLACEMENT_3D('',#4623,#3680,#3681);
#3189=AXIS2_PLACEMENT_3D('',#4624,#3682,#3683);
#3190=AXIS2_PLACEMENT_3D('',#4630,#3687,#3688);
#3191=AXIS2_PLACEMENT_3D('',#4636,#3692,#3693);
#3192=AXIS2_PLACEMENT_3D('',#4637,#3694,#3695);
#3193=AXIS2_PLACEMENT_3D('',#4638,#3696,#3697);
#3194=AXIS2_PLACEMENT_3D('',#4640,#3698,#3699);
#3195=AXIS2_PLACEMENT_3D('',#4642,#3700,#3701);
#3196=AXIS2_PLACEMENT_3D('',#4644,#3702,#3703);
#3197=AXIS2_PLACEMENT_3D('',#4645,#3704,#3705);
#3198=AXIS2_PLACEMENT_3D('',#4647,#3706,#3707);
#3199=AXIS2_PLACEMENT_3D('',#4649,#3708,#3709);
#3200=AXIS2_PLACEMENT_3D('',#4650,#3710,#3711);
#3201=AXIS2_PLACEMENT_3D('',#4651,#3712,#3713);
#3202=AXIS2_PLACEMENT_3D('',#4655,#3715,#3716);
#3203=AXIS2_PLACEMENT_3D('',#4657,#3718,#3719);
#3204=AXIS2_PLACEMENT_3D('',#4658,#3720,#3721);
#3205=AXIS2_PLACEMENT_3D('',#4664,#3725,#3726);
#3206=AXIS2_PLACEMENT_3D('',#4665,#3727,#3728);
#3207=AXIS2_PLACEMENT_3D('',#4666,#3729,#3730);
#3208=AXIS2_PLACEMENT_3D('',#4668,#3731,#3732);
#3209=AXIS2_PLACEMENT_3D('',#4671,#3734,#3735);
#3210=AXIS2_PLACEMENT_3D('',#4672,#3736,#3737);
#3211=AXIS2_PLACEMENT_3D('',#4676,#3740,#3741);
#3212=AXIS2_PLACEMENT_3D('',#4684,#3746,#3747);
#3213=AXIS2_PLACEMENT_3D('',#4693,#3752,#3753);
#3214=AXIS2_PLACEMENT_3D('',#4694,#3754,#3755);
#3215=AXIS2_PLACEMENT_3D('',#4700,#3759,#3760);
#3216=AXIS2_PLACEMENT_3D('',#4703,#3762,#3763);
#3217=AXIS2_PLACEMENT_3D('',#4711,#3767,#3768);
#3218=AXIS2_PLACEMENT_3D('',#4715,#3770,#3771);
#3219=AXIS2_PLACEMENT_3D('',#4731,#3779,#3780);
#3220=AXIS2_PLACEMENT_3D('',#4735,#3782,#3783);
#3221=AXIS2_PLACEMENT_3D('',#4742,#3787,#3788);
#3222=AXIS2_PLACEMENT_3D('',#4743,#3789,#3790);
#3223=AXIS2_PLACEMENT_3D('',#4748,#3793,#3794);
#3224=AXIS2_PLACEMENT_3D('',#4749,#3795,#3796);
#3225=AXIS2_PLACEMENT_3D('',#4759,#3802,#3803);
#3226=AXIS2_PLACEMENT_3D('',#4763,#3806,#3807);
#3227=AXIS2_PLACEMENT_3D('',#4769,#3811,#3812);
#3228=AXIS2_PLACEMENT_3D('',#4775,#3816,#3817);
#3229=AXIS2_PLACEMENT_3D('',#4777,#3819,#3820);
#3230=AXIS2_PLACEMENT_3D('',#4779,#3822,#3823);
#3231=AXIS2_PLACEMENT_3D('',#4788,#3828,#3829);
#3232=AXIS2_PLACEMENT_3D('',#4798,#3836,#3837);
#3233=AXIS2_PLACEMENT_3D('',#4804,#3841,#3842);
#3234=AXIS2_PLACEMENT_3D('',#4808,#3845,#3846);
#3235=AXIS2_PLACEMENT_3D('',#4817,#3851,#3852);
#3236=AXIS2_PLACEMENT_3D('',#4823,#3856,#3857);
#3237=AXIS2_PLACEMENT_3D('',#4829,#3861,#3862);
#3238=AXIS2_PLACEMENT_3D('',#4833,#3865,#3866);
#3239=AXIS2_PLACEMENT_3D('',#4841,#3872,#3873);
#3240=AXIS2_PLACEMENT_3D('',#4843,#3875,#3876);
#3241=AXIS2_PLACEMENT_3D('',#4844,#3877,#3878);
#3242=AXIS2_PLACEMENT_3D('',#4845,#3879,#3880);
#3243=AXIS2_PLACEMENT_3D('',#4846,#3881,#3882);
#3244=AXIS2_PLACEMENT_3D('',#4847,#3883,#3884);
#3245=AXIS2_PLACEMENT_3D('',#4848,#3885,#3886);
#3246=AXIS2_PLACEMENT_3D('',#4850,#3888,#3889);
#3247=AXIS2_PLACEMENT_3D('',#4851,#3890,#3891);
#3248=AXIS2_PLACEMENT_3D('',#4857,#3894,#3895);
#3249=AXIS2_PLACEMENT_3D('',#4866,#3900,#3901);
#3250=AXIS2_PLACEMENT_3D('',#4873,#3906,#3907);
#3251=AXIS2_PLACEMENT_3D('',#4875,#3909,#3910);
#3252=AXIS2_PLACEMENT_3D('',#4878,#3912,#3913);
#3253=AXIS2_PLACEMENT_3D('',#4880,#3915,#3916);
#3254=AXIS2_PLACEMENT_3D('',#4881,#3917,#3918);
#3255=AXIS2_PLACEMENT_3D('',#4882,#3919,#3920);
#3256=AXIS2_PLACEMENT_3D('',#4883,#3921,#3922);
#3257=AXIS2_PLACEMENT_3D('',#4884,#3923,#3924);
#3258=AXIS2_PLACEMENT_3D('',#4888,#3926,#3927);
#3259=AXIS2_PLACEMENT_3D('',#4890,#3929,#3930);
#3260=AXIS2_PLACEMENT_3D('',#4893,#3932,#3933);
#3261=AXIS2_PLACEMENT_3D('',#4894,#3934,#3935);
#3262=AXIS2_PLACEMENT_3D('',#4895,#3936,#3937);
#3263=AXIS2_PLACEMENT_3D('',#4896,#3938,#3939);
#3264=AXIS2_PLACEMENT_3D('',#4900,#3942,#3943);
#3265=AXIS2_PLACEMENT_3D('',#4905,#3946,#3947);
#3266=AXIS2_PLACEMENT_3D('',#4907,#3949,#3950);
#3267=AXIS2_PLACEMENT_3D('',#4912,#3953,#3954);
#3268=AXIS2_PLACEMENT_3D('',#4914,#3956,#3957);
#3269=AXIS2_PLACEMENT_3D('',#4918,#3960,#3961);
#3270=AXIS2_PLACEMENT_3D('',#4922,#3964,#3965);
#3271=AXIS2_PLACEMENT_3D('',#4924,#3966,#3967);
#3272=AXIS2_PLACEMENT_3D('',#4926,#3968,#3969);
#3273=AXIS2_PLACEMENT_3D('',#4928,#3970,#3971);
#3274=AXIS2_PLACEMENT_3D('',#4930,#3972,#3973);
#3275=AXIS2_PLACEMENT_3D('',#4932,#3974,#3975);
#3276=AXIS2_PLACEMENT_3D('',#4934,#3976,#3977);
#3277=AXIS2_PLACEMENT_3D('',#4936,#3978,#3979);
#3278=AXIS2_PLACEMENT_3D('',#4938,#3980,#3981);
#3279=AXIS2_PLACEMENT_3D('',#4940,#3982,#3983);
#3280=AXIS2_PLACEMENT_3D('',#4941,#3984,#3985);
#3281=AXIS2_PLACEMENT_3D('',#4943,#3987,#3988);
#3282=AXIS2_PLACEMENT_3D('',#4949,#3992,#3993);
#3283=AXIS2_PLACEMENT_3D('',#4960,#4000,#4001);
#3284=AXIS2_PLACEMENT_3D('',#4962,#4003,#4004);
#3285=AXIS2_PLACEMENT_3D('',#4964,#4005,#4006);
#3286=AXIS2_PLACEMENT_3D('',#4966,#4008,#4009);
#3287=AXIS2_PLACEMENT_3D('',#4972,#4013,#4014);
#3288=AXIS2_PLACEMENT_3D('',#4974,#4016,#4017);
#3289=AXIS2_PLACEMENT_3D('',#4975,#4018,#4019);
#3290=AXIS2_PLACEMENT_3D('',#4983,#4024,#4025);
#3291=AXIS2_PLACEMENT_3D('',#4989,#4029,#4030);
#3292=AXIS2_PLACEMENT_3D('',#4991,#4032,#4033);
#3293=AXIS2_PLACEMENT_3D('',#4993,#4035,#4036);
#3294=AXIS2_PLACEMENT_3D('',#4999,#4040,#4041);
#3295=AXIS2_PLACEMENT_3D('',#5001,#4042,#4043);
#3296=AXIS2_PLACEMENT_3D('',#5003,#4045,#4046);
#3297=AXIS2_PLACEMENT_3D('',#5004,#4047,#4048);
#3298=AXIS2_PLACEMENT_3D('',#5005,#4049,#4050);
#3299=AXIS2_PLACEMENT_3D('',#5009,#4053,#4054);
#3300=AXIS2_PLACEMENT_3D('',#5012,#4056,#4057);
#3301=AXIS2_PLACEMENT_3D('',#5013,#4058,#4059);
#3302=AXIS2_PLACEMENT_3D('',#5016,#4061,#4062);
#3303=AXIS2_PLACEMENT_3D('',#5017,#4063,#4064);
#3304=AXIS2_PLACEMENT_3D('',#5018,#4065,#4066);
#3305=AXIS2_PLACEMENT_3D('',#5019,#4067,#4068);
#3306=AXIS2_PLACEMENT_3D('',#5025,#4072,#4073);
#3307=AXIS2_PLACEMENT_3D('',#5026,#4074,#4075);
#3308=AXIS2_PLACEMENT_3D('',#5027,#4076,#4077);
#3309=AXIS2_PLACEMENT_3D('',#5033,#4080,#4081);
#3310=AXIS2_PLACEMENT_3D('',#5035,#4083,#4084);
#3311=AXIS2_PLACEMENT_3D('',#5036,#4085,#4086);
#3312=AXIS2_PLACEMENT_3D('',#5041,#4088,#4089);
#3313=AXIS2_PLACEMENT_3D('',#5045,#4091,#4092);
#3314=AXIS2_PLACEMENT_3D('',#5049,#4095,#4096);
#3315=AXIS2_PLACEMENT_3D('',#5052,#4098,#4099);
#3316=AXIS2_PLACEMENT_3D('',#5054,#4100,#4101);
#3317=AXIS2_PLACEMENT_3D('',#5056,#4102,#4103);
#3318=AXIS2_PLACEMENT_3D('',#5058,#4104,#4105);
#3319=AXIS2_PLACEMENT_3D('',#5059,#4106,#4107);
#3320=AXIS2_PLACEMENT_3D('',#5062,#4110,#4111);
#3321=AXIS2_PLACEMENT_3D('',#5064,#4113,#4114);
#3322=AXIS2_PLACEMENT_3D('',#5065,#4115,#4116);
#3323=AXIS2_PLACEMENT_3D('',#5066,#4117,#4118);
#3324=AXIS2_PLACEMENT_3D('',#5067,#4119,#4120);
#3325=AXIS2_PLACEMENT_3D('',#5068,#4121,#4122);
#3326=AXIS2_PLACEMENT_3D('',#5070,#4124,#4125);
#3327=AXIS2_PLACEMENT_3D('',#5072,#4127,#4128);
#3328=AXIS2_PLACEMENT_3D('',#5073,#4129,#4130);
#3329=AXIS2_PLACEMENT_3D('',#5075,#4132,#4133);
#3330=AXIS2_PLACEMENT_3D('',#5078,#4136,#4137);
#3331=AXIS2_PLACEMENT_3D('',#5083,#4141,#4142);
#3332=AXIS2_PLACEMENT_3D('',#5084,#4143,#4144);
#3333=AXIS2_PLACEMENT_3D('',#5085,#4145,#4146);
#3334=AXIS2_PLACEMENT_3D('',#5087,#4147,#4148);
#3335=AXIS2_PLACEMENT_3D('',#5089,#4150,#4151);
#3336=AXIS2_PLACEMENT_3D('',#5091,#4152,#4153);
#3337=AXIS2_PLACEMENT_3D('',#5094,#4155,#4156);
#3338=AXIS2_PLACEMENT_3D('',#5095,#4157,#4158);
#3339=AXIS2_PLACEMENT_3D('',#5097,#4159,#4160);
#3340=AXIS2_PLACEMENT_3D('',#5100,#4162,#4163);
#3341=AXIS2_PLACEMENT_3D('',#5101,#4164,#4165);
#3342=AXIS2_PLACEMENT_3D('',#5103,#4166,#4167);
#3343=AXIS2_PLACEMENT_3D('',#5106,#4169,#4170);
#3344=AXIS2_PLACEMENT_3D('',#5107,#4171,#4172);
#3345=AXIS2_PLACEMENT_3D('',#5109,#4173,#4174);
#3346=AXIS2_PLACEMENT_3D('',#5112,#4176,#4177);
#3347=AXIS2_PLACEMENT_3D('',#5113,#4178,#4179);
#3348=AXIS2_PLACEMENT_3D('',#5115,#4180,#4181);
#3349=AXIS2_PLACEMENT_3D('',#5117,#4183,#4184);
#3350=AXIS2_PLACEMENT_3D('',#5119,#4185,#4186);
#3351=AXIS2_PLACEMENT_3D('',#5121,#4188,#4189);
#3352=AXIS2_PLACEMENT_3D('',#5123,#4190,#4191);
#3353=AXIS2_PLACEMENT_3D('',#5124,#4192,#4193);
#3354=AXIS2_PLACEMENT_3D('',#5126,#4195,#4196);
#3355=AXIS2_PLACEMENT_3D('',#5128,#4197,#4198);
#3356=AXIS2_PLACEMENT_3D('',#5129,#4199,#4200);
#3357=AXIS2_PLACEMENT_3D('',#5131,#4202,#4203);
#3358=AXIS2_PLACEMENT_3D('',#5133,#4204,#4205);
#3359=AXIS2_PLACEMENT_3D('',#5134,#4206,#4207);
#3360=AXIS2_PLACEMENT_3D('',#5136,#4209,#4210);
#3361=AXIS2_PLACEMENT_3D('',#5138,#4211,#4212);
#3362=AXIS2_PLACEMENT_3D('',#5139,#4213,#4214);
#3363=AXIS2_PLACEMENT_3D('',#5141,#4216,#4217);
#3364=AXIS2_PLACEMENT_3D('',#5143,#4219,#4220);
#3365=AXIS2_PLACEMENT_3D('',#5144,#4221,#4222);
#3366=AXIS2_PLACEMENT_3D('',#5146,#4224,#4225);
#3367=AXIS2_PLACEMENT_3D('',#5147,#4226,#4227);
#3368=AXIS2_PLACEMENT_3D('',#5148,#4228,#4229);
#3369=AXIS2_PLACEMENT_3D('',#5149,#4230,#4231);
#3370=AXIS2_PLACEMENT_3D('',#5150,#4232,#4233);
#3371=AXIS2_PLACEMENT_3D('',#5152,#4234,#4235);
#3372=AXIS2_PLACEMENT_3D('',#5153,#4236,#4237);
#3373=AXIS2_PLACEMENT_3D('',#5159,#4241,#4242);
#3374=AXIS2_PLACEMENT_3D('',#5161,#4244,#4245);
#3375=AXIS2_PLACEMENT_3D('',#5163,#4247,#4248);
#3376=AXIS2_PLACEMENT_3D('',#5165,#4249,#4250);
#3377=AXIS2_PLACEMENT_3D('',#5168,#4253,#4254);
#3378=AXIS2_PLACEMENT_3D('',#5172,#4257,#4258);
#3379=AXIS2_PLACEMENT_3D('',#5174,#4259,#4260);
#3380=AXIS2_PLACEMENT_3D('',#5176,#4262,#4263);
#3381=AXIS2_PLACEMENT_3D('',#5178,#4265,#4266);
#3382=AXIS2_PLACEMENT_3D('',#5179,#4267,#4268);
#3383=AXIS2_PLACEMENT_3D('',#5180,#4269,#4270);
#3384=AXIS2_PLACEMENT_3D('',#5181,#4271,#4272);
#3385=AXIS2_PLACEMENT_3D('',#5183,#4274,#4275);
#3386=AXIS2_PLACEMENT_3D('',#5185,#4277,#4278);
#3387=AXIS2_PLACEMENT_3D('',#5186,#4279,#4280);
#3388=AXIS2_PLACEMENT_3D('',#5188,#4282,#4283);
#3389=AXIS2_PLACEMENT_3D('',#5189,#4284,#4285);
#3390=AXIS2_PLACEMENT_3D('',#5190,#4286,#4287);
#3391=AXIS2_PLACEMENT_3D('',#5191,#4288,#4289);
#3392=AXIS2_PLACEMENT_3D('',#5192,#4290,#4291);
#3393=AXIS2_PLACEMENT_3D('',#5193,#4292,#4293);
#3394=AXIS2_PLACEMENT_3D('',#5194,#4294,#4295);
#3395=AXIS2_PLACEMENT_3D('',#5195,#4296,#4297);
#3396=AXIS2_PLACEMENT_3D('',#5196,#4298,#4299);
#3397=AXIS2_PLACEMENT_3D('',#5197,#4300,#4301);
#3398=AXIS2_PLACEMENT_3D('',#5198,#4302,#4303);
#3399=AXIS2_PLACEMENT_3D('',#5200,#4305,#4306);
#3400=DIRECTION('axis',(0.,0.,1.));
#3401=DIRECTION('refdir',(1.,0.,0.));
#3402=DIRECTION('center_axis',(0.,-1.,0.));
#3403=DIRECTION('ref_axis',(1.,0.,0.));
#3404=DIRECTION('',(1.,0.,0.));
#3405=DIRECTION('',(0.,0.,1.));
#3406=DIRECTION('',(1.,0.,0.));
#3407=DIRECTION('',(0.,0.,1.));
#3408=DIRECTION('center_axis',(1.,0.,0.));
#3409=DIRECTION('ref_axis',(0.,1.,0.));
#3410=DIRECTION('',(0.,0.,-1.));
#3411=DIRECTION('',(0.,1.,0.));
#3412=DIRECTION('',(0.,1.,0.));
#3413=DIRECTION('center_axis',(0.,0.,1.));
#3414=DIRECTION('ref_axis',(1.,0.,0.));
#3415=DIRECTION('center_axis',(0.,0.,1.));
#3416=DIRECTION('ref_axis',(1.,0.,0.));
#3417=DIRECTION('',(0.,-1.,0.));
#3418=DIRECTION('center_axis',(-1.,0.,0.));
#3419=DIRECTION('ref_axis',(0.,-1.,0.));
#3420=DIRECTION('',(0.,0.,1.));
#3421=DIRECTION('',(0.,-1.,0.));
#3422=DIRECTION('center_axis',(0.,0.,1.));
#3423=DIRECTION('ref_axis',(1.,0.,0.));
#3424=DIRECTION('center_axis',(0.,0.,-1.));
#3425=DIRECTION('ref_axis',(1.,0.,0.));
#3426=DIRECTION('center_axis',(0.,0.,1.));
#3427=DIRECTION('ref_axis',(1.,0.,0.));
#3428=DIRECTION('center_axis',(0.,0.,1.));
#3429=DIRECTION('ref_axis',(1.,0.,0.));
#3430=DIRECTION('center_axis',(0.,0.,1.));
#3431=DIRECTION('ref_axis',(1.,0.,0.));
#3432=DIRECTION('',(0.,0.,1.));
#3433=DIRECTION('center_axis',(0.,0.,-1.));
#3434=DIRECTION('ref_axis',(1.,0.,0.));
#3435=DIRECTION('',(0.,0.,-1.));
#3436=DIRECTION('center_axis',(0.,0.,1.));
#3437=DIRECTION('ref_axis',(1.,0.,0.));
#3438=DIRECTION('',(0.,-1.,0.));
#3439=DIRECTION('',(1.,0.,0.));
#3440=DIRECTION('',(0.,1.,0.));
#3441=DIRECTION('center_axis',(-1.,0.,0.));
#3442=DIRECTION('ref_axis',(0.,-1.,0.));
#3443=DIRECTION('',(0.,-1.,0.));
#3444=DIRECTION('',(0.,0.,1.));
#3445=DIRECTION('center_axis',(0.,0.,1.));
#3446=DIRECTION('ref_axis',(1.,0.,0.));
#3447=DIRECTION('',(0.,1.,0.));
#3448=DIRECTION('',(1.,0.,0.));
#3449=DIRECTION('center_axis',(0.,-1.,0.));
#3450=DIRECTION('ref_axis',(1.,0.,0.));
#3451=DIRECTION('',(0.,0.,1.));
#3452=DIRECTION('center_axis',(1.,0.,0.));
#3453=DIRECTION('ref_axis',(0.,1.,0.));
#3454=DIRECTION('center_axis',(0.,-1.,0.));
#3455=DIRECTION('ref_axis',(1.,0.,0.));
#3456=DIRECTION('',(-1.,0.,0.));
#3457=DIRECTION('',(0.,0.,1.));
#3458=DIRECTION('',(1.,0.,0.));
#3459=DIRECTION('',(0.,0.,-1.));
#3460=DIRECTION('',(1.,0.,0.));
#3461=DIRECTION('',(0.,0.,1.));
#3462=DIRECTION('',(1.,0.,0.));
#3463=DIRECTION('',(0.,0.,1.));
#3464=DIRECTION('center_axis',(0.,0.,1.));
#3465=DIRECTION('ref_axis',(1.,0.,0.));
#3466=DIRECTION('center_axis',(0.,0.,-1.));
#3467=DIRECTION('ref_axis',(1.,0.,0.));
#3468=DIRECTION('',(0.,0.,1.));
#3469=DIRECTION('center_axis',(0.,0.,-1.));
#3470=DIRECTION('ref_axis',(1.,0.,0.));
#3471=DIRECTION('center_axis',(-1.,0.,0.));
#3472=DIRECTION('ref_axis',(0.,-1.,0.));
#3473=DIRECTION('',(0.,1.,0.));
#3474=DIRECTION('',(0.,-1.,0.));
#3475=DIRECTION('',(0.,0.,1.));
#3476=DIRECTION('center_axis',(0.,1.,0.));
#3477=DIRECTION('ref_axis',(-1.,0.,0.));
#3478=DIRECTION('',(1.,0.,0.));
#3479=DIRECTION('',(-1.,0.,0.));
#3480=DIRECTION('',(0.,0.,-1.));
#3481=DIRECTION('center_axis',(0.,0.,1.));
#3482=DIRECTION('ref_axis',(1.,0.,0.));
#3483=DIRECTION('',(0.,-1.,0.));
#3484=DIRECTION('center_axis',(0.,1.,0.));
#3485=DIRECTION('ref_axis',(-1.,0.,0.));
#3486=DIRECTION('',(1.,0.,0.));
#3487=DIRECTION('',(0.,0.,1.));
#3488=DIRECTION('',(-1.,0.,0.));
#3489=DIRECTION('',(0.,0.,1.));
#3490=DIRECTION('center_axis',(1.,0.,0.));
#3491=DIRECTION('ref_axis',(0.,1.,0.));
#3492=DIRECTION('',(0.,-1.,0.));
#3493=DIRECTION('',(0.,1.,0.));
#3494=DIRECTION('center_axis',(0.,0.,1.));
#3495=DIRECTION('ref_axis',(1.,0.,0.));
#3496=DIRECTION('',(0.,1.,0.));
#3497=DIRECTION('center_axis',(-1.,0.,0.));
#3498=DIRECTION('ref_axis',(0.,-1.,0.));
#3499=DIRECTION('',(0.,-1.,0.));
#3500=DIRECTION('',(0.,0.,-1.));
#3501=DIRECTION('',(0.,-1.,0.));
#3502=DIRECTION('',(0.,0.,1.));
#3503=DIRECTION('',(0.,1.,0.));
#3504=DIRECTION('center_axis',(0.,-1.,0.));
#3505=DIRECTION('ref_axis',(1.,0.,0.));
#3506=DIRECTION('',(0.,0.,-1.));
#3507=DIRECTION('',(1.,0.,0.));
#3508=DIRECTION('',(0.,0.,1.));
#3509=DIRECTION('',(1.,0.,0.));
#3510=DIRECTION('',(0.,0.,-1.));
#3511=DIRECTION('',(1.,0.,0.));
#3512=DIRECTION('',(0.,0.,1.));
#3513=DIRECTION('',(1.,0.,0.));
#3514=DIRECTION('center_axis',(0.,0.,1.));
#3515=DIRECTION('ref_axis',(1.,0.,0.));
#3516=DIRECTION('',(0.,1.,0.));
#3517=DIRECTION('center_axis',(0.,0.,1.));
#3518=DIRECTION('ref_axis',(1.,0.,0.));
#3519=DIRECTION('center_axis',(0.,0.,1.));
#3520=DIRECTION('ref_axis',(1.,0.,0.));
#3521=DIRECTION('center_axis',(0.,0.,1.));
#3522=DIRECTION('ref_axis',(1.,0.,0.));
#3523=DIRECTION('center_axis',(0.,0.,1.));
#3524=DIRECTION('ref_axis',(1.,0.,0.));
#3525=DIRECTION('center_axis',(0.,0.,1.));
#3526=DIRECTION('ref_axis',(1.,0.,0.));
#3527=DIRECTION('',(0.,-1.,0.));
#3528=DIRECTION('',(1.,0.,0.));
#3529=DIRECTION('center_axis',(0.,0.,1.));
#3530=DIRECTION('ref_axis',(1.,0.,0.));
#3531=DIRECTION('',(1.,0.,0.));
#3532=DIRECTION('',(0.,1.,0.));
#3533=DIRECTION('center_axis',(0.,0.,1.));
#3534=DIRECTION('ref_axis',(1.,0.,0.));
#3535=DIRECTION('center_axis',(0.,0.,1.));
#3536=DIRECTION('ref_axis',(1.,0.,0.));
#3537=DIRECTION('center_axis',(0.,0.,1.));
#3538=DIRECTION('ref_axis',(1.,0.,0.));
#3539=DIRECTION('center_axis',(0.,0.,-1.));
#3540=DIRECTION('ref_axis',(1.,0.,0.));
#3541=DIRECTION('center_axis',(0.,0.,-1.));
#3542=DIRECTION('ref_axis',(1.,0.,0.));
#3543=DIRECTION('',(1.,0.,0.));
#3544=DIRECTION('center_axis',(0.,0.,-1.));
#3545=DIRECTION('ref_axis',(1.,0.,0.));
#3546=DIRECTION('center_axis',(0.,0.,-1.));
#3547=DIRECTION('ref_axis',(1.,0.,0.));
#3548=DIRECTION('',(1.,0.,0.));
#3549=DIRECTION('',(0.,1.,0.));
#3550=DIRECTION('center_axis',(0.,0.,-1.));
#3551=DIRECTION('ref_axis',(1.,0.,0.));
#3552=DIRECTION('',(0.,1.,0.));
#3553=DIRECTION('center_axis',(0.,0.,-1.));
#3554=DIRECTION('ref_axis',(1.,0.,0.));
#3555=DIRECTION('',(0.,1.,0.));
#3556=DIRECTION('',(-1.,0.,0.));
#3557=DIRECTION('',(0.,-1.,0.));
#3558=DIRECTION('center_axis',(0.,0.,-1.));
#3559=DIRECTION('ref_axis',(1.,0.,0.));
#3560=DIRECTION('',(0.,-1.,0.));
#3561=DIRECTION('center_axis',(0.,0.,-1.));
#3562=DIRECTION('ref_axis',(1.,0.,0.));
#3563=DIRECTION('',(0.,-1.,0.));
#3564=DIRECTION('',(1.,0.,0.));
#3565=DIRECTION('',(1.,0.,0.));
#3566=DIRECTION('',(0.,-1.,0.));
#3567=DIRECTION('center_axis',(0.,0.,-1.));
#3568=DIRECTION('ref_axis',(1.,0.,0.));
#3569=DIRECTION('center_axis',(0.,0.,-1.));
#3570=DIRECTION('ref_axis',(1.,0.,0.));
#3571=DIRECTION('center_axis',(0.,0.,-1.));
#3572=DIRECTION('ref_axis',(1.,0.,0.));
#3573=DIRECTION('center_axis',(0.,0.,-1.));
#3574=DIRECTION('ref_axis',(1.,0.,0.));
#3575=DIRECTION('center_axis',(0.,0.,-1.));
#3576=DIRECTION('ref_axis',(1.,0.,0.));
#3577=DIRECTION('center_axis',(0.,0.,-1.));
#3578=DIRECTION('ref_axis',(1.,0.,0.));
#3579=DIRECTION('center_axis',(0.,0.,1.));
#3580=DIRECTION('ref_axis',(1.,0.,0.));
#3581=DIRECTION('center_axis',(0.,0.,-1.));
#3582=DIRECTION('ref_axis',(1.,0.,0.));
#3583=DIRECTION('',(0.,0.,1.));
#3584=DIRECTION('center_axis',(0.,0.,1.));
#3585=DIRECTION('ref_axis',(1.,0.,0.));
#3586=DIRECTION('center_axis',(0.,0.,1.));
#3587=DIRECTION('ref_axis',(1.,0.,0.));
#3588=DIRECTION('center_axis',(0.,0.,1.));
#3589=DIRECTION('ref_axis',(1.,0.,0.));
#3590=DIRECTION('',(0.,0.,1.));
#3591=DIRECTION('center_axis',(0.,0.,1.));
#3592=DIRECTION('ref_axis',(1.,0.,0.));
#3593=DIRECTION('',(0.,0.,-1.));
#3594=DIRECTION('center_axis',(0.,0.,1.));
#3595=DIRECTION('ref_axis',(1.,0.,0.));
#3596=DIRECTION('',(0.,0.,1.));
#3597=DIRECTION('center_axis',(0.,0.,1.));
#3598=DIRECTION('ref_axis',(1.,0.,0.));
#3599=DIRECTION('',(0.,0.,1.));
#3600=DIRECTION('center_axis',(0.,0.,-1.));
#3601=DIRECTION('ref_axis',(1.,0.,0.));
#3602=DIRECTION('',(0.,0.,1.));
#3603=DIRECTION('center_axis',(0.,0.,-1.));
#3604=DIRECTION('ref_axis',(1.,0.,0.));
#3605=DIRECTION('',(0.,0.,-1.));
#3606=DIRECTION('center_axis',(0.,0.,1.));
#3607=DIRECTION('ref_axis',(1.,0.,0.));
#3608=DIRECTION('',(0.,0.,1.));
#3609=DIRECTION('center_axis',(0.,0.,-1.));
#3610=DIRECTION('ref_axis',(1.,0.,0.));
#3611=DIRECTION('center_axis',(0.,0.,1.));
#3612=DIRECTION('ref_axis',(1.,0.,0.));
#3613=DIRECTION('center_axis',(0.,0.,1.));
#3614=DIRECTION('ref_axis',(1.,0.,0.));
#3615=DIRECTION('',(0.,0.,1.));
#3616=DIRECTION('center_axis',(0.,0.,1.));
#3617=DIRECTION('ref_axis',(1.,0.,0.));
#3618=DIRECTION('',(0.,0.,-1.));
#3619=DIRECTION('center_axis',(0.,0.,-1.));
#3620=DIRECTION('ref_axis',(1.,0.,0.));
#3621=DIRECTION('',(0.,0.,-1.));
#3622=DIRECTION('center_axis',(0.,0.,1.));
#3623=DIRECTION('ref_axis',(1.,0.,0.));
#3624=DIRECTION('',(0.,0.,1.));
#3625=DIRECTION('center_axis',(0.,0.,1.));
#3626=DIRECTION('ref_axis',(1.,0.,0.));
#3627=DIRECTION('center_axis',(0.,0.,1.));
#3628=DIRECTION('ref_axis',(1.,0.,0.));
#3629=DIRECTION('center_axis',(0.,0.,-1.));
#3630=DIRECTION('ref_axis',(1.,0.,0.));
#3631=DIRECTION('center_axis',(0.,0.,1.));
#3632=DIRECTION('ref_axis',(1.,0.,0.));
#3633=DIRECTION('',(0.,0.,1.));
#3634=DIRECTION('center_axis',(0.,0.,1.));
#3635=DIRECTION('ref_axis',(1.,0.,0.));
#3636=DIRECTION('',(0.,0.,-1.));
#3637=DIRECTION('center_axis',(0.,0.,1.));
#3638=DIRECTION('ref_axis',(1.,0.,0.));
#3639=DIRECTION('',(0.,0.,1.));
#3640=DIRECTION('center_axis',(0.,0.,-1.));
#3641=DIRECTION('ref_axis',(1.,0.,0.));
#3642=DIRECTION('',(0.,0.,-1.));
#3643=DIRECTION('center_axis',(0.,0.,-1.));
#3644=DIRECTION('ref_axis',(1.,0.,0.));
#3645=DIRECTION('',(0.,0.,-1.));
#3646=DIRECTION('center_axis',(0.,0.,1.));
#3647=DIRECTION('ref_axis',(1.,0.,0.));
#3648=DIRECTION('',(0.,0.,1.));
#3649=DIRECTION('center_axis',(0.,0.,1.));
#3650=DIRECTION('ref_axis',(1.,0.,0.));
#3651=DIRECTION('',(0.,0.,1.));
#3652=DIRECTION('center_axis',(0.,0.,-1.));
#3653=DIRECTION('ref_axis',(1.,0.,0.));
#3654=DIRECTION('center_axis',(0.,0.,1.));
#3655=DIRECTION('ref_axis',(1.,0.,0.));
#3656=DIRECTION('',(0.,0.,1.));
#3657=DIRECTION('center_axis',(0.,0.,-1.));
#3658=DIRECTION('ref_axis',(1.,0.,0.));
#3659=DIRECTION('',(0.,0.,-1.));
#3660=DIRECTION('center_axis',(0.,0.,1.));
#3661=DIRECTION('ref_axis',(1.,0.,0.));
#3662=DIRECTION('center_axis',(0.,0.,1.));
#3663=DIRECTION('ref_axis',(1.,0.,0.));
#3664=DIRECTION('center_axis',(0.,0.,1.));
#3665=DIRECTION('ref_axis',(1.,0.,0.));
#3666=DIRECTION('',(0.,0.,1.));
#3667=DIRECTION('center_axis',(0.,0.,-1.));
#3668=DIRECTION('ref_axis',(1.,0.,0.));
#3669=DIRECTION('',(0.,0.,1.));
#3670=DIRECTION('center_axis',(0.,0.,1.));
#3671=DIRECTION('ref_axis',(1.,0.,0.));
#3672=DIRECTION('',(0.,0.,1.));
#3673=DIRECTION('center_axis',(0.,0.,1.));
#3674=DIRECTION('ref_axis',(1.,0.,0.));
#3675=DIRECTION('center_axis',(0.,0.,1.));
#3676=DIRECTION('ref_axis',(1.,0.,0.));
#3677=DIRECTION('',(0.,0.,-1.));
#3678=DIRECTION('center_axis',(0.,0.,1.));
#3679=DIRECTION('ref_axis',(1.,0.,0.));
#3680=DIRECTION('center_axis',(0.,0.,-1.));
#3681=DIRECTION('ref_axis',(1.,0.,0.));
#3682=DIRECTION('center_axis',(-1.,0.,0.));
#3683=DIRECTION('ref_axis',(0.,-1.,0.));
#3684=DIRECTION('',(0.,-1.,0.));
#3685=DIRECTION('',(0.,0.,1.));
#3686=DIRECTION('',(0.,1.,0.));
#3687=DIRECTION('center_axis',(-1.,0.,0.));
#3688=DIRECTION('ref_axis',(0.,-1.,0.));
#3689=DIRECTION('',(0.,-1.,0.));
#3690=DIRECTION('',(0.,0.,-1.));
#3691=DIRECTION('',(0.,-1.,0.));
#3692=DIRECTION('center_axis',(0.,0.,1.));
#3693=DIRECTION('ref_axis',(1.,0.,0.));
#3694=DIRECTION('center_axis',(0.,0.,1.));
#3695=DIRECTION('ref_axis',(1.,0.,0.));
#3696=DIRECTION('center_axis',(0.,0.,1.));
#3697=DIRECTION('ref_axis',(1.,0.,0.));
#3698=DIRECTION('center_axis',(0.,0.,1.));
#3699=DIRECTION('ref_axis',(1.,0.,0.));
#3700=DIRECTION('center_axis',(0.,0.,1.));
#3701=DIRECTION('ref_axis',(1.,0.,0.));
#3702=DIRECTION('center_axis',(0.,0.,1.));
#3703=DIRECTION('ref_axis',(1.,0.,0.));
#3704=DIRECTION('center_axis',(0.,0.,1.));
#3705=DIRECTION('ref_axis',(1.,0.,0.));
#3706=DIRECTION('center_axis',(0.,0.,1.));
#3707=DIRECTION('ref_axis',(1.,0.,0.));
#3708=DIRECTION('center_axis',(0.,0.,1.));
#3709=DIRECTION('ref_axis',(1.,0.,0.));
#3710=DIRECTION('center_axis',(0.,0.,1.));
#3711=DIRECTION('ref_axis',(1.,0.,0.));
#3712=DIRECTION('center_axis',(0.,0.,1.));
#3713=DIRECTION('ref_axis',(6.12323399573677E-17,-1.,0.));
#3714=DIRECTION('',(0.,0.,-1.));
#3715=DIRECTION('center_axis',(0.,0.,1.));
#3716=DIRECTION('ref_axis',(1.,0.,0.));
#3717=DIRECTION('',(0.,0.,1.));
#3718=DIRECTION('center_axis',(0.,0.,1.));
#3719=DIRECTION('ref_axis',(1.,0.,0.));
#3720=DIRECTION('center_axis',(1.,0.,0.));
#3721=DIRECTION('ref_axis',(0.,1.,0.));
#3722=DIRECTION('',(0.,1.,0.));
#3723=DIRECTION('',(0.,0.,1.));
#3724=DIRECTION('',(0.,1.,0.));
#3725=DIRECTION('center_axis',(0.,0.,1.));
#3726=DIRECTION('ref_axis',(1.,0.,0.));
#3727=DIRECTION('center_axis',(0.,0.,-1.));
#3728=DIRECTION('ref_axis',(1.,0.,0.));
#3729=DIRECTION('center_axis',(0.,0.,1.));
#3730=DIRECTION('ref_axis',(1.,0.,0.));
#3731=DIRECTION('center_axis',(0.,0.,-1.));
#3732=DIRECTION('ref_axis',(1.,0.,0.));
#3733=DIRECTION('',(0.,0.,-1.));
#3734=DIRECTION('center_axis',(0.,0.,1.));
#3735=DIRECTION('ref_axis',(1.,0.,0.));
#3736=DIRECTION('center_axis',(0.,0.,1.));
#3737=DIRECTION('ref_axis',(1.,0.,0.));
#3738=DIRECTION('',(-1.,0.,0.));
#3739=DIRECTION('',(0.,-1.,0.));
#3740=DIRECTION('center_axis',(0.,-1.,0.));
#3741=DIRECTION('ref_axis',(1.,0.,0.));
#3742=DIRECTION('',(1.,0.,0.));
#3743=DIRECTION('',(0.,0.,-1.));
#3744=DIRECTION('',(1.,0.,0.));
#3745=DIRECTION('',(0.,0.,1.));
#3746=DIRECTION('center_axis',(0.,0.,1.));
#3747=DIRECTION('ref_axis',(1.,0.,0.));
#3748=DIRECTION('',(0.,1.,0.));
#3749=DIRECTION('',(-1.,0.,0.));
#3750=DIRECTION('',(0.,-1.,0.));
#3751=DIRECTION('',(-1.,0.,0.));
#3752=DIRECTION('center_axis',(0.,0.,1.));
#3753=DIRECTION('ref_axis',(1.,0.,0.));
#3754=DIRECTION('center_axis',(1.,0.,0.));
#3755=DIRECTION('ref_axis',(0.,1.,0.));
#3756=DIRECTION('',(0.,-1.,0.));
#3757=DIRECTION('',(0.,0.,-1.));
#3758=DIRECTION('',(0.,1.,0.));
#3759=DIRECTION('center_axis',(0.,0.,1.));
#3760=DIRECTION('ref_axis',(1.,0.,0.));
#3761=DIRECTION('',(1.,0.,0.));
#3762=DIRECTION('center_axis',(0.,0.,1.));
#3763=DIRECTION('ref_axis',(1.,0.,0.));
#3764=DIRECTION('',(0.,1.,0.));
#3765=DIRECTION('',(-1.,0.,0.));
#3766=DIRECTION('',(0.,-1.,0.));
#3767=DIRECTION('center_axis',(0.,0.,1.));
#3768=DIRECTION('ref_axis',(1.,0.,0.));
#3769=DIRECTION('',(0.,-1.,0.));
#3770=DIRECTION('center_axis',(0.,0.,1.));
#3771=DIRECTION('ref_axis',(1.,0.,0.));
#3772=DIRECTION('',(0.,-1.,0.));
#3773=DIRECTION('',(-1.,0.,0.));
#3774=DIRECTION('',(0.,-1.,0.));
#3775=DIRECTION('',(1.,0.,0.));
#3776=DIRECTION('',(0.,1.,0.));
#3777=DIRECTION('',(-1.,0.,0.));
#3778=DIRECTION('',(0.,1.,0.));
#3779=DIRECTION('center_axis',(0.,0.,1.));
#3780=DIRECTION('ref_axis',(1.,0.,0.));
#3781=DIRECTION('',(0.,1.,0.));
#3782=DIRECTION('center_axis',(0.,0.,1.));
#3783=DIRECTION('ref_axis',(1.,0.,0.));
#3784=DIRECTION('',(0.,1.,0.));
#3785=DIRECTION('',(-1.,0.,0.));
#3786=DIRECTION('',(0.,-1.,0.));
#3787=DIRECTION('center_axis',(0.,0.,1.));
#3788=DIRECTION('ref_axis',(1.,0.,0.));
#3789=DIRECTION('center_axis',(0.,0.,1.));
#3790=DIRECTION('ref_axis',(1.,0.,0.));
#3791=DIRECTION('',(0.,-1.,0.));
#3792=DIRECTION('',(1.,0.,0.));
#3793=DIRECTION('center_axis',(0.,0.,-1.));
#3794=DIRECTION('ref_axis',(1.,0.,0.));
#3795=DIRECTION('center_axis',(0.,-1.,0.));
#3796=DIRECTION('ref_axis',(1.,0.,0.));
#3797=DIRECTION('',(-1.,0.,0.));
#3798=DIRECTION('',(0.,0.,-1.));
#3799=DIRECTION('',(-1.,0.,0.));
#3800=DIRECTION('',(0.,0.,1.));
#3801=DIRECTION('',(-1.,0.,0.));
#3802=DIRECTION('center_axis',(-1.,0.,0.));
#3803=DIRECTION('ref_axis',(0.,-1.,0.));
#3804=DIRECTION('',(0.,-1.,0.));
#3805=DIRECTION('',(0.,0.,1.));
#3806=DIRECTION('center_axis',(-1.,0.,0.));
#3807=DIRECTION('ref_axis',(0.,-1.,0.));
#3808=DIRECTION('',(0.,0.,-1.));
#3809=DIRECTION('',(0.,-1.,0.));
#3810=DIRECTION('',(0.,0.,1.));
#3811=DIRECTION('center_axis',(1.,0.,0.));
#3812=DIRECTION('ref_axis',(0.,1.,0.));
#3813=DIRECTION('',(0.,0.,1.));
#3814=DIRECTION('',(0.,0.,1.));
#3815=DIRECTION('',(0.,1.,0.));
#3816=DIRECTION('center_axis',(0.,-1.,0.));
#3817=DIRECTION('ref_axis',(1.,0.,0.));
#3818=DIRECTION('',(1.,0.,0.));
#3819=DIRECTION('center_axis',(0.,0.,1.));
#3820=DIRECTION('ref_axis',(1.,0.,0.));
#3821=DIRECTION('',(-1.,0.,0.));
#3822=DIRECTION('center_axis',(0.,1.,0.));
#3823=DIRECTION('ref_axis',(-1.,0.,0.));
#3824=DIRECTION('',(-1.,0.,0.));
#3825=DIRECTION('',(0.,0.,1.));
#3826=DIRECTION('',(-1.,0.,0.));
#3827=DIRECTION('',(0.,0.,1.));
#3828=DIRECTION('center_axis',(1.,0.,0.));
#3829=DIRECTION('ref_axis',(0.,1.,0.));
#3830=DIRECTION('',(0.,1.,0.));
#3831=DIRECTION('',(0.,0.,1.));
#3832=DIRECTION('',(0.,1.,0.));
#3833=DIRECTION('',(0.,0.,1.));
#3834=DIRECTION('',(0.,0.,-1.));
#3835=DIRECTION('',(0.,1.,0.));
#3836=DIRECTION('center_axis',(1.,0.,0.));
#3837=DIRECTION('ref_axis',(0.,1.,0.));
#3838=DIRECTION('',(0.,1.,0.));
#3839=DIRECTION('',(0.,0.,1.));
#3840=DIRECTION('',(0.,1.,0.));
#3841=DIRECTION('center_axis',(0.,-1.,0.));
#3842=DIRECTION('ref_axis',(1.,0.,0.));
#3843=DIRECTION('',(0.,0.,-1.));
#3844=DIRECTION('',(1.,0.,0.));
#3845=DIRECTION('center_axis',(0.,-1.,0.));
#3846=DIRECTION('ref_axis',(1.,0.,0.));
#3847=DIRECTION('',(0.,0.,1.));
#3848=DIRECTION('',(1.,0.,0.));
#3849=DIRECTION('',(0.,0.,1.));
#3850=DIRECTION('',(-1.,0.,0.));
#3851=DIRECTION('center_axis',(0.,-1.,0.));
#3852=DIRECTION('ref_axis',(1.,0.,0.));
#3853=DIRECTION('',(0.,0.,1.));
#3854=DIRECTION('',(0.,0.,1.));
#3855=DIRECTION('',(1.,0.,0.));
#3856=DIRECTION('center_axis',(0.,-1.,0.));
#3857=DIRECTION('ref_axis',(1.,0.,0.));
#3858=DIRECTION('',(0.,0.,-1.));
#3859=DIRECTION('',(1.,0.,0.));
#3860=DIRECTION('',(1.,0.,0.));
#3861=DIRECTION('center_axis',(0.,0.,1.));
#3862=DIRECTION('ref_axis',(1.,0.,0.));
#3863=DIRECTION('',(1.,0.,0.));
#3864=DIRECTION('',(0.,-1.,0.));
#3865=DIRECTION('center_axis',(-1.,0.,0.));
#3866=DIRECTION('ref_axis',(0.,-1.,0.));
#3867=DIRECTION('',(0.,-1.,0.));
#3868=DIRECTION('',(0.,0.,1.));
#3869=DIRECTION('',(0.,1.,0.));
#3870=DIRECTION('',(0.,-1.,0.));
#3871=DIRECTION('',(0.,0.,-1.));
#3872=DIRECTION('center_axis',(-1.,0.,0.));
#3873=DIRECTION('ref_axis',(0.,-1.,0.));
#3874=DIRECTION('',(0.,-1.,0.));
#3875=DIRECTION('center_axis',(0.,0.,1.));
#3876=DIRECTION('ref_axis',(1.,0.,0.));
#3877=DIRECTION('center_axis',(0.,0.,-1.));
#3878=DIRECTION('ref_axis',(1.,0.,0.));
#3879=DIRECTION('center_axis',(0.,0.,1.));
#3880=DIRECTION('ref_axis',(1.,0.,0.));
#3881=DIRECTION('center_axis',(0.,0.,1.));
#3882=DIRECTION('ref_axis',(1.,0.,0.));
#3883=DIRECTION('center_axis',(0.,0.,1.));
#3884=DIRECTION('ref_axis',(1.,0.,0.));
#3885=DIRECTION('center_axis',(0.,0.,1.));
#3886=DIRECTION('ref_axis',(1.,0.,0.));
#3887=DIRECTION('',(0.,-1.,0.));
#3888=DIRECTION('center_axis',(0.,0.,1.));
#3889=DIRECTION('ref_axis',(1.,0.,0.));
#3890=DIRECTION('center_axis',(0.,0.,1.));
#3891=DIRECTION('ref_axis',(1.,0.,0.));
#3892=DIRECTION('',(0.,1.,0.));
#3893=DIRECTION('',(1.,0.,0.));
#3894=DIRECTION('center_axis',(0.,0.,1.));
#3895=DIRECTION('ref_axis',(1.,0.,0.));
#3896=DIRECTION('',(0.,1.,0.));
#3897=DIRECTION('',(-1.,0.,0.));
#3898=DIRECTION('',(-1.,0.,0.));
#3899=DIRECTION('',(0.,-1.,0.));
#3900=DIRECTION('center_axis',(0.,0.,1.));
#3901=DIRECTION('ref_axis',(1.,0.,0.));
#3902=DIRECTION('',(1.,0.,0.));
#3903=DIRECTION('',(0.,-1.,0.));
#3904=DIRECTION('',(-1.,0.,0.));
#3905=DIRECTION('',(0.,1.,0.));
#3906=DIRECTION('center_axis',(0.,1.,0.));
#3907=DIRECTION('ref_axis',(-1.,0.,0.));
#3908=DIRECTION('',(0.,0.,-1.));
#3909=DIRECTION('center_axis',(0.,0.,1.));
#3910=DIRECTION('ref_axis',(1.,0.,0.));
#3911=DIRECTION('',(1.,0.,0.));
#3912=DIRECTION('center_axis',(0.,0.,1.));
#3913=DIRECTION('ref_axis',(1.,0.,0.));
#3914=DIRECTION('',(-1.,0.,0.));
#3915=DIRECTION('center_axis',(0.,0.,1.));
#3916=DIRECTION('ref_axis',(1.,0.,0.));
#3917=DIRECTION('center_axis',(0.,0.,1.));
#3918=DIRECTION('ref_axis',(1.,0.,0.));
#3919=DIRECTION('center_axis',(0.,0.,1.));
#3920=DIRECTION('ref_axis',(1.,0.,0.));
#3921=DIRECTION('center_axis',(0.,0.,1.));
#3922=DIRECTION('ref_axis',(1.,0.,0.));
#3923=DIRECTION('center_axis',(0.,0.,1.));
#3924=DIRECTION('ref_axis',(6.12323399573677E-17,-1.,0.));
#3925=DIRECTION('',(0.,0.,-1.));
#3926=DIRECTION('center_axis',(0.,0.,1.));
#3927=DIRECTION('ref_axis',(1.,0.,0.));
#3928=DIRECTION('',(0.,0.,1.));
#3929=DIRECTION('center_axis',(0.,0.,1.));
#3930=DIRECTION('ref_axis',(1.,0.,0.));
#3931=DIRECTION('',(0.,0.,1.));
#3932=DIRECTION('center_axis',(0.,0.,-1.));
#3933=DIRECTION('ref_axis',(1.,0.,0.));
#3934=DIRECTION('center_axis',(0.,0.,1.));
#3935=DIRECTION('ref_axis',(1.,0.,0.));
#3936=DIRECTION('center_axis',(0.,0.,-1.));
#3937=DIRECTION('ref_axis',(1.,0.,0.));
#3938=DIRECTION('center_axis',(1.,0.,0.));
#3939=DIRECTION('ref_axis',(0.,1.,0.));
#3940=DIRECTION('',(0.,1.,0.));
#3941=DIRECTION('',(0.,0.,1.));
#3942=DIRECTION('center_axis',(0.,0.,1.));
#3943=DIRECTION('ref_axis',(1.,0.,0.));
#3944=DIRECTION('',(0.,0.,1.));
#3945=DIRECTION('',(0.,0.,1.));
#3946=DIRECTION('center_axis',(0.,0.,-1.));
#3947=DIRECTION('ref_axis',(1.,0.,0.));
#3948=DIRECTION('',(0.,0.,-1.));
#3949=DIRECTION('center_axis',(0.,0.,1.));
#3950=DIRECTION('ref_axis',(1.,0.,0.));
#3951=DIRECTION('',(0.,0.,1.));
#3952=DIRECTION('',(0.,0.,1.));
#3953=DIRECTION('center_axis',(0.,0.,-1.));
#3954=DIRECTION('ref_axis',(1.,0.,0.));
#3955=DIRECTION('',(0.,0.,-1.));
#3956=DIRECTION('center_axis',(0.,-1.,0.));
#3957=DIRECTION('ref_axis',(1.,0.,0.));
#3958=DIRECTION('',(0.,0.,1.));
#3959=DIRECTION('',(1.,0.,0.));
#3960=DIRECTION('center_axis',(0.,-1.,0.));
#3961=DIRECTION('ref_axis',(1.,0.,0.));
#3962=DIRECTION('',(1.,0.,0.));
#3963=DIRECTION('',(0.,0.,1.));
#3964=DIRECTION('center_axis',(0.,0.,1.));
#3965=DIRECTION('ref_axis',(1.,0.,0.));
#3966=DIRECTION('center_axis',(0.,0.,1.));
#3967=DIRECTION('ref_axis',(1.,0.,0.));
#3968=DIRECTION('center_axis',(0.,0.,1.));
#3969=DIRECTION('ref_axis',(1.,0.,0.));
#3970=DIRECTION('center_axis',(0.,0.,1.));
#3971=DIRECTION('ref_axis',(1.,0.,0.));
#3972=DIRECTION('center_axis',(0.,0.,1.));
#3973=DIRECTION('ref_axis',(1.,0.,0.));
#3974=DIRECTION('center_axis',(0.,0.,1.));
#3975=DIRECTION('ref_axis',(1.,0.,0.));
#3976=DIRECTION('center_axis',(0.,0.,1.));
#3977=DIRECTION('ref_axis',(1.,0.,0.));
#3978=DIRECTION('center_axis',(0.,0.,1.));
#3979=DIRECTION('ref_axis',(1.,0.,0.));
#3980=DIRECTION('center_axis',(0.,0.,1.));
#3981=DIRECTION('ref_axis',(1.,0.,0.));
#3982=DIRECTION('center_axis',(0.,0.,1.));
#3983=DIRECTION('ref_axis',(1.,0.,0.));
#3984=DIRECTION('center_axis',(0.,0.,1.));
#3985=DIRECTION('ref_axis',(1.,0.,0.));
#3986=DIRECTION('',(0.,0.,-1.));
#3987=DIRECTION('center_axis',(-1.,0.,0.));
#3988=DIRECTION('ref_axis',(0.,-1.,0.));
#3989=DIRECTION('',(0.,0.,1.));
#3990=DIRECTION('',(0.,-1.,0.));
#3991=DIRECTION('',(0.,0.,1.));
#3992=DIRECTION('center_axis',(0.,-1.,0.));
#3993=DIRECTION('ref_axis',(1.,0.,0.));
#3994=DIRECTION('',(1.,0.,0.));
#3995=DIRECTION('',(-1.,0.,0.));
#3996=DIRECTION('',(1.,0.,0.));
#3997=DIRECTION('',(0.,0.,1.));
#3998=DIRECTION('',(1.,0.,0.));
#3999=DIRECTION('',(0.,0.,1.));
#4000=DIRECTION('center_axis',(0.,0.,1.));
#4001=DIRECTION('ref_axis',(1.,0.,0.));
#4002=DIRECTION('',(0.,-1.,0.));
#4003=DIRECTION('center_axis',(0.,0.,1.));
#4004=DIRECTION('ref_axis',(1.,0.,0.));
#4005=DIRECTION('center_axis',(0.,0.,-1.));
#4006=DIRECTION('ref_axis',(1.,0.,0.));
#4007=DIRECTION('',(0.,-1.,0.));
#4008=DIRECTION('center_axis',(1.,0.,0.));
#4009=DIRECTION('ref_axis',(0.,1.,0.));
#4010=DIRECTION('',(0.,0.,1.));
#4011=DIRECTION('',(0.,1.,0.));
#4012=DIRECTION('',(0.,0.,-1.));
#4013=DIRECTION('center_axis',(0.,0.,1.));
#4014=DIRECTION('ref_axis',(1.,0.,0.));
#4015=DIRECTION('',(0.,1.,0.));
#4016=DIRECTION('center_axis',(0.,0.,1.));
#4017=DIRECTION('ref_axis',(1.,0.,0.));
#4018=DIRECTION('center_axis',(1.,0.,0.));
#4019=DIRECTION('ref_axis',(0.,1.,0.));
#4020=DIRECTION('',(0.,0.,-1.));
#4021=DIRECTION('',(0.,-1.,0.));
#4022=DIRECTION('',(0.,0.,1.));
#4023=DIRECTION('',(0.,1.,0.));
#4024=DIRECTION('center_axis',(0.,1.,0.));
#4025=DIRECTION('ref_axis',(-1.,0.,0.));
#4026=DIRECTION('',(0.,0.,-1.));
#4027=DIRECTION('',(-1.,0.,0.));
#4028=DIRECTION('',(0.,0.,1.));
#4029=DIRECTION('center_axis',(0.,1.,0.));
#4030=DIRECTION('ref_axis',(-1.,0.,0.));
#4031=DIRECTION('',(0.,0.,1.));
#4032=DIRECTION('center_axis',(-1.,0.,0.));
#4033=DIRECTION('ref_axis',(0.,-1.,0.));
#4034=DIRECTION('',(0.,0.,-1.));
#4035=DIRECTION('center_axis',(-1.,0.,0.));
#4036=DIRECTION('ref_axis',(0.,-1.,0.));
#4037=DIRECTION('',(0.,0.,-1.));
#4038=DIRECTION('',(0.,1.,0.));
#4039=DIRECTION('',(0.,-1.,0.));
#4040=DIRECTION('center_axis',(0.,0.,1.));
#4041=DIRECTION('ref_axis',(1.,0.,0.));
#4042=DIRECTION('center_axis',(0.,0.,-1.));
#4043=DIRECTION('ref_axis',(1.,0.,0.));
#4044=DIRECTION('',(0.,1.,0.));
#4045=DIRECTION('center_axis',(0.,0.,1.));
#4046=DIRECTION('ref_axis',(1.,0.,0.));
#4047=DIRECTION('center_axis',(0.,0.,-1.));
#4048=DIRECTION('ref_axis',(1.,0.,0.));
#4049=DIRECTION('center_axis',(1.,0.,0.));
#4050=DIRECTION('ref_axis',(0.,1.,0.));
#4051=DIRECTION('',(0.,0.,1.));
#4052=DIRECTION('',(0.,1.,0.));
#4053=DIRECTION('center_axis',(0.,0.,1.));
#4054=DIRECTION('ref_axis',(1.,0.,0.));
#4055=DIRECTION('',(0.,0.,-1.));
#4056=DIRECTION('center_axis',(0.,0.,1.));
#4057=DIRECTION('ref_axis',(1.,0.,0.));
#4058=DIRECTION('center_axis',(0.,0.,1.));
#4059=DIRECTION('ref_axis',(-1.,1.22464679914735E-16,0.));
#4060=DIRECTION('',(0.,0.,1.));
#4061=DIRECTION('center_axis',(0.,0.,1.));
#4062=DIRECTION('ref_axis',(1.,0.,0.));
#4063=DIRECTION('center_axis',(0.,0.,1.));
#4064=DIRECTION('ref_axis',(1.,0.,0.));
#4065=DIRECTION('center_axis',(0.,0.,1.));
#4066=DIRECTION('ref_axis',(1.,0.,0.));
#4067=DIRECTION('center_axis',(1.,0.,0.));
#4068=DIRECTION('ref_axis',(0.,1.,0.));
#4069=DIRECTION('',(0.,0.,1.));
#4070=DIRECTION('',(0.,1.,0.));
#4071=DIRECTION('',(0.,-1.,0.));
#4072=DIRECTION('center_axis',(0.,0.,1.));
#4073=DIRECTION('ref_axis',(1.,0.,0.));
#4074=DIRECTION('center_axis',(0.,0.,-1.));
#4075=DIRECTION('ref_axis',(1.,0.,0.));
#4076=DIRECTION('center_axis',(0.,0.,1.));
#4077=DIRECTION('ref_axis',(1.,0.,0.));
#4078=DIRECTION('',(0.,1.,0.));
#4079=DIRECTION('',(-1.,0.,0.));
#4080=DIRECTION('center_axis',(0.,0.,1.));
#4081=DIRECTION('ref_axis',(1.,0.,0.));
#4082=DIRECTION('',(0.,-1.,0.));
#4083=DIRECTION('center_axis',(0.,0.,1.));
#4084=DIRECTION('ref_axis',(1.,0.,0.));
#4085=DIRECTION('center_axis',(0.,0.,1.));
#4086=DIRECTION('ref_axis',(1.,0.,0.));
#4087=DIRECTION('',(0.,-1.,0.));
#4088=DIRECTION('center_axis',(0.,0.,1.));
#4089=DIRECTION('ref_axis',(1.,0.,0.));
#4090=DIRECTION('',(0.,-1.,0.));
#4091=DIRECTION('center_axis',(0.,0.,1.));
#4092=DIRECTION('ref_axis',(1.,0.,0.));
#4093=DIRECTION('',(0.,-1.,0.));
#4094=DIRECTION('',(0.,1.,0.));
#4095=DIRECTION('center_axis',(0.,0.,1.));
#4096=DIRECTION('ref_axis',(1.,0.,0.));
#4097=DIRECTION('',(1.,0.,0.));
#4098=DIRECTION('center_axis',(0.,0.,-1.));
#4099=DIRECTION('ref_axis',(1.,0.,0.));
#4100=DIRECTION('center_axis',(0.,0.,-1.));
#4101=DIRECTION('ref_axis',(1.,0.,0.));
#4102=DIRECTION('center_axis',(0.,0.,-1.));
#4103=DIRECTION('ref_axis',(1.,0.,0.));
#4104=DIRECTION('center_axis',(0.,0.,-1.));
#4105=DIRECTION('ref_axis',(1.,0.,0.));
#4106=DIRECTION('center_axis',(-1.,0.,0.));
#4107=DIRECTION('ref_axis',(0.,-1.,0.));
#4108=DIRECTION('',(0.,0.,-1.));
#4109=DIRECTION('',(0.,0.,1.));
#4110=DIRECTION('center_axis',(-1.,0.,0.));
#4111=DIRECTION('ref_axis',(0.,-1.,0.));
#4112=DIRECTION('',(0.,0.,-1.));
#4113=DIRECTION('center_axis',(0.,0.,1.));
#4114=DIRECTION('ref_axis',(1.,0.,0.));
#4115=DIRECTION('center_axis',(0.,0.,1.));
#4116=DIRECTION('ref_axis',(1.,0.,0.));
#4117=DIRECTION('center_axis',(0.,0.,1.));
#4118=DIRECTION('ref_axis',(-1.,1.22464679914735E-16,0.));
#4119=DIRECTION('center_axis',(0.,0.,1.));
#4120=DIRECTION('ref_axis',(1.,0.,0.));
#4121=DIRECTION('center_axis',(1.,0.,0.));
#4122=DIRECTION('ref_axis',(0.,1.,0.));
#4123=DIRECTION('',(0.,0.,1.));
#4124=DIRECTION('center_axis',(1.,0.,0.));
#4125=DIRECTION('ref_axis',(0.,1.,0.));
#4126=DIRECTION('',(0.,0.,1.));
#4127=DIRECTION('center_axis',(0.,0.,1.));
#4128=DIRECTION('ref_axis',(1.,0.,0.));
#4129=DIRECTION('center_axis',(0.,0.,1.));
#4130=DIRECTION('ref_axis',(-1.,1.22464679914735E-16,0.));
#4131=DIRECTION('',(0.,0.,-1.));
#4132=DIRECTION('center_axis',(1.,0.,0.));
#4133=DIRECTION('ref_axis',(0.,1.,0.));
#4134=DIRECTION('',(0.,0.,-1.));
#4135=DIRECTION('',(0.,0.,1.));
#4136=DIRECTION('center_axis',(-1.,0.,0.));
#4137=DIRECTION('ref_axis',(0.,-1.,0.));
#4138=DIRECTION('',(0.,0.,1.));
#4139=DIRECTION('',(0.,0.,1.));
#4140=DIRECTION('',(0.,1.,0.));
#4141=DIRECTION('center_axis',(0.,0.,1.));
#4142=DIRECTION('ref_axis',(-1.,-1.22464679914735E-16,0.));
#4143=DIRECTION('center_axis',(0.,0.,1.));
#4144=DIRECTION('ref_axis',(1.,0.,0.));
#4145=DIRECTION('center_axis',(0.,0.,1.));
#4146=DIRECTION('ref_axis',(-1.,1.22464679914735E-16,0.));
#4147=DIRECTION('center_axis',(0.,0.,-1.));
#4148=DIRECTION('ref_axis',(1.,0.,0.));
#4149=DIRECTION('',(0.,0.,-1.));
#4150=DIRECTION('center_axis',(0.,0.,1.));
#4151=DIRECTION('ref_axis',(1.,0.,0.));
#4152=DIRECTION('center_axis',(0.,0.,1.));
#4153=DIRECTION('ref_axis',(1.,0.,0.));
#4154=DIRECTION('',(0.,0.,1.));
#4155=DIRECTION('center_axis',(0.,0.,1.));
#4156=DIRECTION('ref_axis',(1.,0.,0.));
#4157=DIRECTION('center_axis',(0.,0.,1.));
#4158=DIRECTION('ref_axis',(1.,0.,0.));
#4159=DIRECTION('center_axis',(0.,0.,1.));
#4160=DIRECTION('ref_axis',(1.,0.,0.));
#4161=DIRECTION('',(0.,0.,1.));
#4162=DIRECTION('center_axis',(0.,0.,1.));
#4163=DIRECTION('ref_axis',(1.,0.,0.));
#4164=DIRECTION('center_axis',(0.,0.,1.));
#4165=DIRECTION('ref_axis',(1.,0.,0.));
#4166=DIRECTION('center_axis',(0.,0.,1.));
#4167=DIRECTION('ref_axis',(1.,0.,0.));
#4168=DIRECTION('',(0.,0.,1.));
#4169=DIRECTION('center_axis',(0.,0.,1.));
#4170=DIRECTION('ref_axis',(1.,0.,0.));
#4171=DIRECTION('center_axis',(0.,0.,1.));
#4172=DIRECTION('ref_axis',(1.,0.,0.));
#4173=DIRECTION('center_axis',(0.,0.,1.));
#4174=DIRECTION('ref_axis',(1.,0.,0.));
#4175=DIRECTION('',(0.,0.,1.));
#4176=DIRECTION('center_axis',(0.,0.,1.));
#4177=DIRECTION('ref_axis',(1.,0.,0.));
#4178=DIRECTION('center_axis',(0.,0.,1.));
#4179=DIRECTION('ref_axis',(1.,0.,0.));
#4180=DIRECTION('center_axis',(0.,0.,1.));
#4181=DIRECTION('ref_axis',(1.,0.,0.));
#4182=DIRECTION('',(0.,0.,1.));
#4183=DIRECTION('center_axis',(0.,0.,1.));
#4184=DIRECTION('ref_axis',(1.,0.,0.));
#4185=DIRECTION('center_axis',(0.,0.,1.));
#4186=DIRECTION('ref_axis',(1.,0.,0.));
#4187=DIRECTION('',(0.,0.,1.));
#4188=DIRECTION('center_axis',(0.,0.,1.));
#4189=DIRECTION('ref_axis',(1.,0.,0.));
#4190=DIRECTION('center_axis',(0.,0.,1.));
#4191=DIRECTION('ref_axis',(1.,0.,0.));
#4192=DIRECTION('center_axis',(0.,0.,1.));
#4193=DIRECTION('ref_axis',(1.,0.,0.));
#4194=DIRECTION('',(0.,0.,1.));
#4195=DIRECTION('center_axis',(0.,0.,1.));
#4196=DIRECTION('ref_axis',(1.,0.,0.));
#4197=DIRECTION('center_axis',(0.,0.,1.));
#4198=DIRECTION('ref_axis',(1.,0.,0.));
#4199=DIRECTION('center_axis',(0.,0.,1.));
#4200=DIRECTION('ref_axis',(1.,0.,0.));
#4201=DIRECTION('',(0.,0.,1.));
#4202=DIRECTION('center_axis',(0.,0.,1.));
#4203=DIRECTION('ref_axis',(1.,0.,0.));
#4204=DIRECTION('center_axis',(0.,0.,1.));
#4205=DIRECTION('ref_axis',(1.,0.,0.));
#4206=DIRECTION('center_axis',(0.,0.,1.));
#4207=DIRECTION('ref_axis',(1.,0.,0.));
#4208=DIRECTION('',(0.,0.,1.));
#4209=DIRECTION('center_axis',(0.,0.,1.));
#4210=DIRECTION('ref_axis',(1.,0.,0.));
#4211=DIRECTION('center_axis',(0.,0.,1.));
#4212=DIRECTION('ref_axis',(1.,0.,0.));
#4213=DIRECTION('center_axis',(0.,0.,1.));
#4214=DIRECTION('ref_axis',(1.,0.,0.));
#4215=DIRECTION('',(0.,0.,1.));
#4216=DIRECTION('center_axis',(0.,0.,1.));
#4217=DIRECTION('ref_axis',(1.,0.,0.));
#4218=DIRECTION('',(0.,0.,1.));
#4219=DIRECTION('center_axis',(0.,-1.,0.));
#4220=DIRECTION('ref_axis',(1.,0.,0.));
#4221=DIRECTION('center_axis',(0.,0.,1.));
#4222=DIRECTION('ref_axis',(1.,0.,0.));
#4223=DIRECTION('',(1.,0.,0.));
#4224=DIRECTION('center_axis',(0.,-1.,0.));
#4225=DIRECTION('ref_axis',(1.,0.,0.));
#4226=DIRECTION('center_axis',(0.,0.,1.));
#4227=DIRECTION('ref_axis',(-1.83697019872103E-16,-1.,0.));
#4228=DIRECTION('center_axis',(0.,0.,1.));
#4229=DIRECTION('ref_axis',(1.,0.,0.));
#4230=DIRECTION('center_axis',(0.,0.,1.));
#4231=DIRECTION('ref_axis',(1.,0.,0.));
#4232=DIRECTION('center_axis',(0.,0.,1.));
#4233=DIRECTION('ref_axis',(1.,0.,0.));
#4234=DIRECTION('center_axis',(0.,0.,1.));
#4235=DIRECTION('ref_axis',(1.,0.,0.));
#4236=DIRECTION('center_axis',(0.,0.,1.));
#4237=DIRECTION('ref_axis',(1.,0.,0.));
#4238=DIRECTION('',(0.,1.,0.));
#4239=DIRECTION('',(1.,-1.53134210293125E-15,0.));
#4240=DIRECTION('',(0.,-1.,0.));
#4241=DIRECTION('center_axis',(1.,0.,0.));
#4242=DIRECTION('ref_axis',(0.,1.,0.));
#4243=DIRECTION('',(0.,0.,1.));
#4244=DIRECTION('center_axis',(-1.,0.,0.));
#4245=DIRECTION('ref_axis',(0.,-1.,0.));
#4246=DIRECTION('',(0.,0.,-1.));
#4247=DIRECTION('center_axis',(0.,0.,1.));
#4248=DIRECTION('ref_axis',(1.,0.,0.));
#4249=DIRECTION('center_axis',(0.,0.,1.));
#4250=DIRECTION('ref_axis',(1.,0.,0.));
#4251=DIRECTION('',(0.,0.,1.));
#4252=DIRECTION('',(0.,0.,1.));
#4253=DIRECTION('center_axis',(0.,-1.,0.));
#4254=DIRECTION('ref_axis',(1.,0.,0.));
#4255=DIRECTION('',(-1.,0.,0.));
#4256=DIRECTION('',(0.,0.,-1.));
#4257=DIRECTION('center_axis',(0.,0.,1.));
#4258=DIRECTION('ref_axis',(1.,0.,0.));
#4259=DIRECTION('center_axis',(0.,0.,1.));
#4260=DIRECTION('ref_axis',(1.,0.,0.));
#4261=DIRECTION('',(0.,0.,1.));
#4262=DIRECTION('center_axis',(0.,0.,1.));
#4263=DIRECTION('ref_axis',(1.,0.,0.));
#4264=DIRECTION('',(0.,0.,1.));
#4265=DIRECTION('center_axis',(-1.,0.,0.));
#4266=DIRECTION('ref_axis',(0.,-1.,0.));
#4267=DIRECTION('center_axis',(0.,1.,0.));
#4268=DIRECTION('ref_axis',(-1.,0.,0.));
#4269=DIRECTION('center_axis',(0.,-1.,0.));
#4270=DIRECTION('ref_axis',(1.,0.,0.));
#4271=DIRECTION('center_axis',(0.,1.,0.));
#4272=DIRECTION('ref_axis',(-1.,0.,0.));
#4273=DIRECTION('',(-1.,0.,0.));
#4274=DIRECTION('center_axis',(0.,-1.,0.));
#4275=DIRECTION('ref_axis',(1.,0.,0.));
#4276=DIRECTION('',(1.,0.,0.));
#4277=DIRECTION('center_axis',(0.,0.,1.));
#4278=DIRECTION('ref_axis',(1.,0.,0.));
#4279=DIRECTION('center_axis',(1.,0.,0.));
#4280=DIRECTION('ref_axis',(0.,1.,0.));
#4281=DIRECTION('',(0.,0.,1.));
#4282=DIRECTION('center_axis',(0.,1.,0.));
#4283=DIRECTION('ref_axis',(-1.,0.,0.));
#4284=DIRECTION('center_axis',(0.,0.,1.));
#4285=DIRECTION('ref_axis',(1.,0.,0.));
#4286=DIRECTION('center_axis',(0.,0.,1.));
#4287=DIRECTION('ref_axis',(1.,0.,0.));
#4288=DIRECTION('center_axis',(0.,0.,1.));
#4289=DIRECTION('ref_axis',(1.,0.,0.));
#4290=DIRECTION('center_axis',(0.,0.,1.));
#4291=DIRECTION('ref_axis',(1.,0.,0.));
#4292=DIRECTION('center_axis',(0.,0.,1.));
#4293=DIRECTION('ref_axis',(1.,0.,0.));
#4294=DIRECTION('center_axis',(0.,0.,1.));
#4295=DIRECTION('ref_axis',(1.,0.,0.));
#4296=DIRECTION('center_axis',(-1.,0.,0.));
#4297=DIRECTION('ref_axis',(0.,-1.,0.));
#4298=DIRECTION('center_axis',(0.,0.,1.));
#4299=DIRECTION('ref_axis',(1.,0.,0.));
#4300=DIRECTION('center_axis',(0.,0.,1.));
#4301=DIRECTION('ref_axis',(1.,0.,0.));
#4302=DIRECTION('center_axis',(1.,0.,0.));
#4303=DIRECTION('ref_axis',(0.,1.,0.));
#4304=DIRECTION('',(0.,1.,0.));
#4305=DIRECTION('center_axis',(0.,0.,1.));
#4306=DIRECTION('ref_axis',(1.,0.,0.));
#4307=CARTESIAN_POINT('',(0.,0.,0.));
#4308=CARTESIAN_POINT('Origin',(8.7,3.2,428.39));
#4309=CARTESIAN_POINT('',(8.7,3.2,428.4));
#4310=CARTESIAN_POINT('',(13.3,3.2,428.4));
#4311=CARTESIAN_POINT('',(4.35,3.2,428.4));
#4312=CARTESIAN_POINT('',(13.3,3.2,428.39));
#4313=CARTESIAN_POINT('',(13.3,3.2,428.39));
#4314=CARTESIAN_POINT('',(8.7,3.2,428.39));
#4315=CARTESIAN_POINT('',(8.7,3.2,428.39));
#4316=CARTESIAN_POINT('',(8.7,3.2,428.39));
#4317=CARTESIAN_POINT('Origin',(13.3,3.2,428.39));
#4318=CARTESIAN_POINT('',(13.3,4.74524902869135,428.4));
#4319=CARTESIAN_POINT('',(13.3,4.74524902869135,428.39));
#4320=CARTESIAN_POINT('',(13.3,4.74524902869135,416.4));
#4321=CARTESIAN_POINT('',(13.3,3.2,428.39));
#4322=CARTESIAN_POINT('',(13.3,11.3875,428.4));
#4323=CARTESIAN_POINT('Origin',(0.,19.575,428.4));
#4324=CARTESIAN_POINT('',(8.7,4.74524902869135,428.4));
#4325=CARTESIAN_POINT('Origin',(11.,6.,428.4));
#4326=CARTESIAN_POINT('',(8.7,14.1875,428.4));
#4327=CARTESIAN_POINT('Origin',(8.7,8.8,428.39));
#4328=CARTESIAN_POINT('',(8.7,4.74524902869135,428.39));
#4329=CARTESIAN_POINT('',(8.7,4.74524902869135,416.4));
#4330=CARTESIAN_POINT('',(8.7,8.8,428.39));
#4331=CARTESIAN_POINT('Origin',(11.,6.,428.39));
#4332=CARTESIAN_POINT('Origin',(11.,6.,428.39));
#4333=CARTESIAN_POINT('Origin',(11.,6.,416.4));
#4334=CARTESIAN_POINT('Origin',(-11.,6.,416.4));
#4335=CARTESIAN_POINT('',(-13.3,4.74524902869135,428.4));
#4336=CARTESIAN_POINT('',(-8.7,4.74524902869135,428.4));
#4337=CARTESIAN_POINT('Origin',(-11.,6.,428.4));
#4338=CARTESIAN_POINT('',(-13.3,4.74524902869135,428.39));
#4339=CARTESIAN_POINT('',(-13.3,4.74524902869135,416.4));
#4340=CARTESIAN_POINT('',(-8.7,4.74524902869135,428.39));
#4341=CARTESIAN_POINT('Origin',(-11.,6.,428.39));
#4342=CARTESIAN_POINT('',(-8.7,4.74524902869135,416.4));
#4343=CARTESIAN_POINT('Origin',(-11.,6.,428.39));
#4344=CARTESIAN_POINT('',(-13.3,3.2,428.39));
#4345=CARTESIAN_POINT('',(-13.3,8.8,428.39));
#4346=CARTESIAN_POINT('',(-8.7,3.2,428.39));
#4347=CARTESIAN_POINT('',(-13.3,3.2,428.39));
#4348=CARTESIAN_POINT('',(-8.7,3.2,428.39));
#4349=CARTESIAN_POINT('Origin',(-13.3,8.8,428.39));
#4350=CARTESIAN_POINT('',(-13.3,3.2,428.4));
#4351=CARTESIAN_POINT('',(-13.3,14.1875,428.4));
#4352=CARTESIAN_POINT('',(-13.3,3.2,428.39));
#4353=CARTESIAN_POINT('Origin',(0.,19.575,428.4));
#4354=CARTESIAN_POINT('',(-8.7,3.2,428.4));
#4355=CARTESIAN_POINT('',(-8.7,11.3875,428.4));
#4356=CARTESIAN_POINT('',(-6.65,3.2,428.4));
#4357=CARTESIAN_POINT('Origin',(-13.3,3.2,428.39));
#4358=CARTESIAN_POINT('',(-8.7,3.2,428.39));
#4359=CARTESIAN_POINT('Origin',(-8.7,3.2,428.39));
#4360=CARTESIAN_POINT('Origin',(-11.7,11.8,428.3));
#4361=CARTESIAN_POINT('',(11.7,11.8,432.4));
#4362=CARTESIAN_POINT('',(-11.7,11.8,432.4));
#4363=CARTESIAN_POINT('',(-5.85,11.8,432.4));
#4364=CARTESIAN_POINT('',(11.7,11.8,428.3));
#4365=CARTESIAN_POINT('',(11.7,11.8,428.3));
#4366=CARTESIAN_POINT('',(11.5,11.8,428.3));
#4367=CARTESIAN_POINT('',(-11.7,11.8,428.3));
#4368=CARTESIAN_POINT('',(11.5,11.8,428.35));
#4369=CARTESIAN_POINT('',(11.5,11.8,426.6));
#4370=CARTESIAN_POINT('',(-11.5,11.8,428.35));
#4371=CARTESIAN_POINT('',(-5.85,11.8,428.35));
#4372=CARTESIAN_POINT('',(-11.5,11.8,428.3));
#4373=CARTESIAN_POINT('',(-11.5,11.8,426.6));
#4374=CARTESIAN_POINT('',(-11.7,11.8,428.3));
#4375=CARTESIAN_POINT('',(-11.7,11.8,428.3));
#4376=CARTESIAN_POINT('',(-11.7,11.8,428.3));
#4377=CARTESIAN_POINT('Origin',(11.,9.,429.8));
#4378=CARTESIAN_POINT('',(9.6,9.,430.05));
#4379=CARTESIAN_POINT('Origin',(11.,9.,430.05));
#4380=CARTESIAN_POINT('',(9.6,9.,432.4));
#4381=CARTESIAN_POINT('',(9.6,9.,429.8));
#4382=CARTESIAN_POINT('Origin',(11.,9.,432.4));
#4383=CARTESIAN_POINT('Origin',(-11.7,12.2,428.3));
#4384=CARTESIAN_POINT('',(-11.7,12.2,432.4));
#4385=CARTESIAN_POINT('',(-11.7,11.775,432.4));
#4386=CARTESIAN_POINT('',(-11.7,12.2,428.3));
#4387=CARTESIAN_POINT('',(-11.7,12.2,428.3));
#4388=CARTESIAN_POINT('',(-11.7,12.2,428.3));
#4389=CARTESIAN_POINT('Origin',(11.7,12.2,428.3));
#4390=CARTESIAN_POINT('',(-11.5,12.2,432.4));
#4391=CARTESIAN_POINT('',(5.85,12.2,432.4));
#4392=CARTESIAN_POINT('',(-11.5,12.2,428.3));
#4393=CARTESIAN_POINT('',(11.7,12.2,428.3));
#4394=CARTESIAN_POINT('',(-11.5,12.2,426.6));
#4395=CARTESIAN_POINT('Origin',(0.,12.,428.3));
#4396=CARTESIAN_POINT('',(-11.5,13.75,428.3));
#4397=CARTESIAN_POINT('Origin',(11.7,12.2,428.3));
#4398=CARTESIAN_POINT('',(11.5,12.2,432.4));
#4399=CARTESIAN_POINT('',(11.7,12.2,432.4));
#4400=CARTESIAN_POINT('',(5.85,12.2,432.4));
#4401=CARTESIAN_POINT('',(11.5,12.2,428.3));
#4402=CARTESIAN_POINT('',(11.5,12.2,426.6));
#4403=CARTESIAN_POINT('',(11.7,12.2,428.3));
#4404=CARTESIAN_POINT('',(11.7,12.2,428.3));
#4405=CARTESIAN_POINT('',(11.7,12.2,428.3));
#4406=CARTESIAN_POINT('Origin',(11.7,11.8,428.3));
#4407=CARTESIAN_POINT('',(11.7,11.575,432.4));
#4408=CARTESIAN_POINT('',(11.7,11.8,428.3));
#4409=CARTESIAN_POINT('Origin',(0.,12.,428.3));
#4410=CARTESIAN_POINT('',(11.5,9.75,428.3));
#4411=CARTESIAN_POINT('Origin',(-11.5,15.5,424.9));
#4412=CARTESIAN_POINT('',(-11.5,11.6532998322843,428.35));
#4413=CARTESIAN_POINT('',(-11.5,13.3,428.35));
#4414=CARTESIAN_POINT('',(-11.5,11.6532998322843,424.9));
#4415=CARTESIAN_POINT('',(-11.5,11.6532998322843,416.4));
#4416=CARTESIAN_POINT('',(-11.5,18.5,424.9));
#4417=CARTESIAN_POINT('',(-11.5,15.5,424.9));
#4418=CARTESIAN_POINT('',(-11.5,18.5,432.4));
#4419=CARTESIAN_POINT('',(-11.5,18.5,424.9));
#4420=CARTESIAN_POINT('',(-11.5,14.925,432.4));
#4421=CARTESIAN_POINT('Origin',(-11.6,10.35,428.35));
#4422=CARTESIAN_POINT('',(-8.66173140978202,10.35,428.4));
#4423=CARTESIAN_POINT('',(-8.66173140978202,10.35,428.35));
#4424=CARTESIAN_POINT('',(-8.66173140978202,10.35,416.4));
#4425=CARTESIAN_POINT('',(8.66173140978202,10.35,428.35));
#4426=CARTESIAN_POINT('',(-11.6,10.35,428.35));
#4427=CARTESIAN_POINT('',(8.66173140978202,10.35,428.4));
#4428=CARTESIAN_POINT('',(8.66173140978202,10.35,416.4));
#4429=CARTESIAN_POINT('',(8.,10.35,428.4));
#4430=CARTESIAN_POINT('',(-5.8,10.35,428.4));
#4431=CARTESIAN_POINT('',(8.,10.35,428.45));
#4432=CARTESIAN_POINT('',(8.,10.35,424.675));
#4433=CARTESIAN_POINT('',(-8.,10.35,428.45));
#4434=CARTESIAN_POINT('',(-5.8,10.35,428.45));
#4435=CARTESIAN_POINT('',(-8.,10.35,428.4));
#4436=CARTESIAN_POINT('',(-8.,10.35,424.675));
#4437=CARTESIAN_POINT('',(-5.8,10.35,428.4));
#4438=CARTESIAN_POINT('Origin',(0.,11.1,428.35));
#4439=CARTESIAN_POINT('',(11.5,11.6532998322843,428.35));
#4440=CARTESIAN_POINT('',(11.5,9.3,428.35));
#4441=CARTESIAN_POINT('Origin',(11.,9.,428.35));
#4442=CARTESIAN_POINT('Origin',(-11.,9.,428.35));
#4443=CARTESIAN_POINT('Origin',(11.,9.,430.05));
#4444=CARTESIAN_POINT('',(8.3,9.,430.05));
#4445=CARTESIAN_POINT('Origin',(11.,9.,430.05));
#4446=CARTESIAN_POINT('Origin',(0.,19.575,428.4));
#4447=CARTESIAN_POINT('',(-8.,10.,428.4));
#4448=CARTESIAN_POINT('',(-8.,20.0375,428.4));
#4449=CARTESIAN_POINT('',(-1.25,10.,428.4));
#4450=CARTESIAN_POINT('',(-4.,10.,428.4));
#4451=CARTESIAN_POINT('',(-3.21130814466628,7.5,428.4));
#4452=CARTESIAN_POINT('Origin',(0.,7.,428.4));
#4453=CARTESIAN_POINT('',(-8.7,7.5,428.4));
#4454=CARTESIAN_POINT('',(-5.75,7.5,428.4));
#4455=CARTESIAN_POINT('',(-8.7,7.25475097130865,428.4));
#4456=CARTESIAN_POINT('',(-8.7,11.3875,428.4));
#4457=CARTESIAN_POINT('',(-8.8040563617838,7.42906666666667,428.4));
#4458=CARTESIAN_POINT('Origin',(-11.,6.,428.4));
#4459=CARTESIAN_POINT('Origin',(-11.,9.,428.4));
#4460=CARTESIAN_POINT('Origin',(0.,11.35,432.4));
#4461=CARTESIAN_POINT('',(12.3774977313956,34.25,432.4));
#4462=CARTESIAN_POINT('',(9.6,34.,432.4));
#4463=CARTESIAN_POINT('Origin',(11.,34.,432.4));
#4464=CARTESIAN_POINT('',(9.62250226860441,34.25,432.4));
#4465=CARTESIAN_POINT('Origin',(11.,34.,432.4));
#4466=CARTESIAN_POINT('',(-9.62250226860441,34.25,432.4));
#4467=CARTESIAN_POINT('',(-6.325,34.25,432.4));
#4468=CARTESIAN_POINT('',(-12.4,34.,432.4));
#4469=CARTESIAN_POINT('Origin',(-11.,34.,432.4));
#4470=CARTESIAN_POINT('',(-12.3774977313956,34.25,432.4));
#4471=CARTESIAN_POINT('Origin',(-11.,34.,432.4));
#4472=CARTESIAN_POINT('',(-12.65,34.25,432.4));
#4473=CARTESIAN_POINT('',(-6.325,34.25,432.4));
#4474=CARTESIAN_POINT('',(-12.65,29.0851267207105,432.4));
#4475=CARTESIAN_POINT('',(-12.65,-1.55,432.4));
#4476=CARTESIAN_POINT('',(-12.65,26.9148732792895,432.4));
#4477=CARTESIAN_POINT('Origin',(-16.5,28.,432.4));
#4478=CARTESIAN_POINT('',(-12.65,-4.91487327928946,432.4));
#4479=CARTESIAN_POINT('',(-12.65,-1.55,432.4));
#4480=CARTESIAN_POINT('',(-12.65,-7.08512672071054,432.4));
#4481=CARTESIAN_POINT('Origin',(-16.5,-6.,432.4));
#4482=CARTESIAN_POINT('',(-12.65,-11.55,432.4));
#4483=CARTESIAN_POINT('',(-12.65,-1.55,432.4));
#4484=CARTESIAN_POINT('',(12.65,-11.55,432.4));
#4485=CARTESIAN_POINT('',(6.325,-11.55,432.4));
#4486=CARTESIAN_POINT('',(12.65,-7.08512672071054,432.4));
#4487=CARTESIAN_POINT('',(12.65,24.25,432.4));
#4488=CARTESIAN_POINT('',(12.65,-4.91487327928946,432.4));
#4489=CARTESIAN_POINT('Origin',(16.5,-6.,432.4));
#4490=CARTESIAN_POINT('',(12.65,26.9148732792895,432.4));
#4491=CARTESIAN_POINT('',(12.65,24.25,432.4));
#4492=CARTESIAN_POINT('',(12.65,29.0851267207105,432.4));
#4493=CARTESIAN_POINT('Origin',(16.5,28.,432.4));
#4494=CARTESIAN_POINT('',(12.65,34.25,432.4));
#4495=CARTESIAN_POINT('',(12.65,24.25,432.4));
#4496=CARTESIAN_POINT('',(-6.325,34.25,432.4));
#4497=CARTESIAN_POINT('',(11.5,18.5,432.4));
#4498=CARTESIAN_POINT('',(5.75,18.5,432.4));
#4499=CARTESIAN_POINT('',(11.5,10.925,432.4));
#4500=CARTESIAN_POINT('',(-10.25,-3.9801020972289E-16,432.4));
#4501=CARTESIAN_POINT('Origin',(-7.,0.,432.4));
#4502=CARTESIAN_POINT('',(-3.25,7.,432.4));
#4503=CARTESIAN_POINT('Origin',(0.,7.,432.4));
#4504=CARTESIAN_POINT('',(-3.25,-3.9801020972289E-16,432.4));
#4505=CARTESIAN_POINT('Origin',(0.,0.,432.4));
#4506=CARTESIAN_POINT('',(3.75,-3.9801020972289E-16,432.4));
#4507=CARTESIAN_POINT('Origin',(7.,0.,432.4));
#4508=CARTESIAN_POINT('',(-3.25,-7.,432.4));
#4509=CARTESIAN_POINT('Origin',(0.,-7.,432.4));
#4510=CARTESIAN_POINT('',(-12.4,9.,432.4));
#4511=CARTESIAN_POINT('Origin',(-11.,9.,432.4));
#4512=CARTESIAN_POINT('Origin',(-11.,9.,429.8));
#4513=CARTESIAN_POINT('',(-12.4,9.,430.05));
#4514=CARTESIAN_POINT('Origin',(-11.,9.,430.05));
#4515=CARTESIAN_POINT('',(-12.4,9.,429.8));
#4516=CARTESIAN_POINT('Origin',(-11.,9.,430.05));
#4517=CARTESIAN_POINT('',(-13.7,9.,430.05));
#4518=CARTESIAN_POINT('Origin',(-11.,9.,430.05));
#4519=CARTESIAN_POINT('Origin',(-11.,9.,416.4));
#4520=CARTESIAN_POINT('',(-8.8040563617838,7.42906666666667,416.4));
#4521=CARTESIAN_POINT('',(-8.8040563617838,7.42906666666667,416.5));
#4522=CARTESIAN_POINT('',(-8.8040563617838,7.42906666666667,416.4));
#4523=CARTESIAN_POINT('',(-13.1959436382162,7.42906666666667,416.4));
#4524=CARTESIAN_POINT('Origin',(-11.,9.,416.4));
#4525=CARTESIAN_POINT('',(-13.1959436382162,7.42906666666667,416.5));
#4526=CARTESIAN_POINT('',(-13.1959436382162,7.42906666666667,416.4));
#4527=CARTESIAN_POINT('',(-13.7,9.,416.5));
#4528=CARTESIAN_POINT('Origin',(-11.,9.,416.5));
#4529=CARTESIAN_POINT('',(-13.7,9.,416.4));
#4530=CARTESIAN_POINT('Origin',(-11.,9.,416.5));
#4531=CARTESIAN_POINT('',(-8.8040563617838,7.42906666666667,428.39));
#4532=CARTESIAN_POINT('',(-8.8040563617838,7.42906666666667,416.4));
#4533=CARTESIAN_POINT('',(-8.75500556793564,7.5,428.39));
#4534=CARTESIAN_POINT('Origin',(-11.,9.,428.39));
#4535=CARTESIAN_POINT('',(-8.75500556793564,7.5,424.9));
#4536=CARTESIAN_POINT('',(-8.75500556793564,7.5,416.4));
#4537=CARTESIAN_POINT('Origin',(-11.,9.,424.9));
#4538=CARTESIAN_POINT('',(-13.1959436382162,7.42906666666667,428.4));
#4539=CARTESIAN_POINT('',(-13.1959436382162,7.42906666666667,428.39));
#4540=CARTESIAN_POINT('',(-13.1959436382162,7.42906666666667,416.4));
#4541=CARTESIAN_POINT('',(-13.3,7.5857864376269,428.4));
#4542=CARTESIAN_POINT('Origin',(-11.,9.,428.4));
#4543=CARTESIAN_POINT('',(-13.3,7.5857864376269,428.39));
#4544=CARTESIAN_POINT('',(-13.3,7.5857864376269,416.4));
#4545=CARTESIAN_POINT('Origin',(-11.,9.,428.39));
#4546=CARTESIAN_POINT('Origin',(11.,34.,416.4));
#4547=CARTESIAN_POINT('',(8.31159898824599,34.25,428.4));
#4548=CARTESIAN_POINT('',(8.3,34.,428.4));
#4549=CARTESIAN_POINT('Origin',(11.,34.,428.4));
#4550=CARTESIAN_POINT('',(8.31159898824599,34.25,421.));
#4551=CARTESIAN_POINT('',(8.31159898824599,34.25,416.4));
#4552=CARTESIAN_POINT('',(12.65,31.8628289726838,421.));
#4553=CARTESIAN_POINT('Origin',(11.,34.,421.));
#4554=CARTESIAN_POINT('',(12.65,31.8628289726838,428.39));
#4555=CARTESIAN_POINT('',(12.65,31.8628289726838,416.4));
#4556=CARTESIAN_POINT('',(13.3,32.5857864376269,428.39));
#4557=CARTESIAN_POINT('Origin',(11.,34.,428.39));
#4558=CARTESIAN_POINT('',(13.3,32.5857864376269,428.4));
#4559=CARTESIAN_POINT('',(13.3,32.5857864376269,416.4));
#4560=CARTESIAN_POINT('Origin',(11.,34.,428.4));
#4561=CARTESIAN_POINT('',(8.3,34.,430.05));
#4562=CARTESIAN_POINT('',(8.3,34.,416.4));
#4563=CARTESIAN_POINT('Origin',(11.,34.,430.05));
#4564=CARTESIAN_POINT('Origin',(11.,34.,430.05));
#4565=CARTESIAN_POINT('',(9.6,34.,430.05));
#4566=CARTESIAN_POINT('Origin',(11.,34.,430.05));
#4567=CARTESIAN_POINT('Origin',(11.,9.,416.4));
#4568=CARTESIAN_POINT('',(13.1959436382162,7.42906666666667,416.4));
#4569=CARTESIAN_POINT('',(13.1959436382162,7.42906666666667,416.5));
#4570=CARTESIAN_POINT('',(13.1959436382162,7.42906666666667,416.4));
#4571=CARTESIAN_POINT('',(8.8040563617838,7.42906666666667,416.4));
#4572=CARTESIAN_POINT('Origin',(11.,9.,416.4));
#4573=CARTESIAN_POINT('',(8.8040563617838,7.42906666666667,416.5));
#4574=CARTESIAN_POINT('',(8.8040563617838,7.42906666666667,416.4));
#4575=CARTESIAN_POINT('',(8.3,9.,416.5));
#4576=CARTESIAN_POINT('Origin',(11.,9.,416.5));
#4577=CARTESIAN_POINT('',(8.3,9.,424.9));
#4578=CARTESIAN_POINT('',(8.3,9.,416.4));
#4579=CARTESIAN_POINT('',(8.75500556793564,7.5,424.9));
#4580=CARTESIAN_POINT('Origin',(11.,9.,424.9));
#4581=CARTESIAN_POINT('',(8.75500556793564,7.5,428.39));
#4582=CARTESIAN_POINT('',(8.75500556793564,7.5,416.4));
#4583=CARTESIAN_POINT('',(8.8040563617838,7.42906666666667,428.39));
#4584=CARTESIAN_POINT('Origin',(11.,9.,428.39));
#4585=CARTESIAN_POINT('',(8.8040563617838,7.42906666666667,428.4));
#4586=CARTESIAN_POINT('',(8.8040563617838,7.42906666666667,416.4));
#4587=CARTESIAN_POINT('',(8.3,9.,428.4));
#4588=CARTESIAN_POINT('Origin',(11.,9.,428.4));
#4589=CARTESIAN_POINT('',(8.3,9.,416.4));
#4590=CARTESIAN_POINT('Origin',(11.,9.,428.4));
#4591=CARTESIAN_POINT('',(11.5,11.6532998322843,424.9));
#4592=CARTESIAN_POINT('',(11.5,11.6532998322843,416.4));
#4593=CARTESIAN_POINT('Origin',(11.,9.,424.9));
#4594=CARTESIAN_POINT('Origin',(11.,9.,416.5));
#4595=CARTESIAN_POINT('',(13.1959436382162,7.42906666666667,428.39));
#4596=CARTESIAN_POINT('',(13.1959436382162,7.42906666666667,428.4));
#4597=CARTESIAN_POINT('',(13.1959436382162,7.42906666666667,416.4));
#4598=CARTESIAN_POINT('',(13.3,7.5857864376269,428.39));
#4599=CARTESIAN_POINT('Origin',(11.,9.,428.39));
#4600=CARTESIAN_POINT('',(13.3,7.5857864376269,428.4));
#4601=CARTESIAN_POINT('',(13.3,7.5857864376269,416.4));
#4602=CARTESIAN_POINT('Origin',(11.,9.,428.4));
#4603=CARTESIAN_POINT('Origin',(-11.,34.,416.4));
#4604=CARTESIAN_POINT('',(-13.3,32.5857864376269,428.4));
#4605=CARTESIAN_POINT('',(-8.31159898824599,34.25,428.4));
#4606=CARTESIAN_POINT('Origin',(-11.,34.,428.4));
#4607=CARTESIAN_POINT('',(-13.3,32.5857864376269,428.39));
#4608=CARTESIAN_POINT('',(-13.3,32.5857864376269,416.4));
#4609=CARTESIAN_POINT('',(-12.65,31.8628289726838,428.39));
#4610=CARTESIAN_POINT('Origin',(-11.,34.,428.39));
#4611=CARTESIAN_POINT('',(-12.65,31.8628289726838,421.));
#4612=CARTESIAN_POINT('',(-12.65,31.8628289726838,416.4));
#4613=CARTESIAN_POINT('',(-13.7,34.,421.));
#4614=CARTESIAN_POINT('Origin',(-11.,34.,421.));
#4615=CARTESIAN_POINT('',(-13.7,34.,430.05));
#4616=CARTESIAN_POINT('',(-13.7,34.,416.4));
#4617=CARTESIAN_POINT('Origin',(-11.,34.,430.05));
#4618=CARTESIAN_POINT('',(-8.31159898824599,34.25,421.));
#4619=CARTESIAN_POINT('Origin',(-11.,34.,421.));
#4620=CARTESIAN_POINT('',(-8.31159898824599,34.25,416.4));
#4621=CARTESIAN_POINT('Origin',(-11.,34.,430.05));
#4622=CARTESIAN_POINT('',(-12.4,34.,430.05));
#4623=CARTESIAN_POINT('Origin',(-11.,34.,430.05));
#4624=CARTESIAN_POINT('Origin',(12.65,37.15,421.));
#4625=CARTESIAN_POINT('',(12.65,29.0851267207105,421.));
#4626=CARTESIAN_POINT('',(12.65,37.15,421.));
#4627=CARTESIAN_POINT('',(12.65,29.0851267207105,428.39));
#4628=CARTESIAN_POINT('',(12.65,29.0851267207105,421.));
#4629=CARTESIAN_POINT('',(12.65,35.575,428.39));
#4630=CARTESIAN_POINT('Origin',(-13.3,8.8,428.39));
#4631=CARTESIAN_POINT('',(-13.3,7.25475097130865,428.4));
#4632=CARTESIAN_POINT('',(-13.3,14.1875,428.4));
#4633=CARTESIAN_POINT('',(-13.3,7.25475097130865,428.39));
#4634=CARTESIAN_POINT('',(-13.3,7.25475097130865,416.4));
#4635=CARTESIAN_POINT('',(-13.3,8.8,428.39));
#4636=CARTESIAN_POINT('Origin',(0.,19.575,428.4));
#4637=CARTESIAN_POINT('Origin',(-11.,6.,428.4));
#4638=CARTESIAN_POINT('Origin',(0.,0.,416.5));
#4639=CARTESIAN_POINT('',(-20.,-2.44929359829471E-15,416.5));
#4640=CARTESIAN_POINT('Origin',(0.,0.,416.5));
#4641=CARTESIAN_POINT('',(-9.71266733316547,3.71807655586331,416.5));
#4642=CARTESIAN_POINT('Origin',(-11.,6.,416.5));
#4643=CARTESIAN_POINT('',(9.71266733316547,3.71807655586331,416.5));
#4644=CARTESIAN_POINT('Origin',(0.,0.,416.5));
#4645=CARTESIAN_POINT('Origin',(11.,6.,416.5));
#4646=CARTESIAN_POINT('',(8.38447661587912,6.15309287088828,416.5));
#4647=CARTESIAN_POINT('Origin',(11.,6.,416.5));
#4648=CARTESIAN_POINT('',(-8.38447661587912,6.15309287088828,416.5));
#4649=CARTESIAN_POINT('Origin',(0.,0.,416.5));
#4650=CARTESIAN_POINT('Origin',(-11.,6.,416.5));
#4651=CARTESIAN_POINT('Origin',(11.,6.,416.4));
#4652=CARTESIAN_POINT('',(9.71266733316547,3.71807655586331,419.));
#4653=CARTESIAN_POINT('',(9.71266733316547,3.7180765558633,416.4));
#4654=CARTESIAN_POINT('',(8.38447661587912,6.15309287088828,419.));
#4655=CARTESIAN_POINT('Origin',(11.,6.,419.));
#4656=CARTESIAN_POINT('',(8.38447661587911,6.15309287088829,416.4));
#4657=CARTESIAN_POINT('Origin',(11.,6.,416.4));
#4658=CARTESIAN_POINT('Origin',(13.3,3.2,428.39));
#4659=CARTESIAN_POINT('',(13.3,7.25475097130865,428.39));
#4660=CARTESIAN_POINT('',(13.3,3.2,428.39));
#4661=CARTESIAN_POINT('',(13.3,7.25475097130865,428.4));
#4662=CARTESIAN_POINT('',(13.3,7.25475097130865,416.4));
#4663=CARTESIAN_POINT('',(13.3,11.3875,428.4));
#4664=CARTESIAN_POINT('Origin',(11.,6.,428.39));
#4665=CARTESIAN_POINT('Origin',(11.,6.,428.39));
#4666=CARTESIAN_POINT('Origin',(11.,6.,416.4));
#4667=CARTESIAN_POINT('',(8.7,7.25475097130865,428.39));
#4668=CARTESIAN_POINT('Origin',(11.,6.,428.39));
#4669=CARTESIAN_POINT('',(8.7,7.25475097130865,428.4));
#4670=CARTESIAN_POINT('',(8.7,7.25475097130865,416.4));
#4671=CARTESIAN_POINT('Origin',(11.,6.,428.4));
#4672=CARTESIAN_POINT('Origin',(11.,6.,428.39));
#4673=CARTESIAN_POINT('',(8.7,7.5,428.39));
#4674=CARTESIAN_POINT('',(-0.249999999999999,7.5,428.39));
#4675=CARTESIAN_POINT('',(8.7,8.8,428.39));
#4676=CARTESIAN_POINT('Origin',(-11.5,7.5,424.9));
#4677=CARTESIAN_POINT('',(3.21130814466628,7.5,424.9));
#4678=CARTESIAN_POINT('',(-11.5,7.5,424.9));
#4679=CARTESIAN_POINT('',(3.21130814466628,7.5,428.4));
#4680=CARTESIAN_POINT('',(3.21130814466628,7.5,421.));
#4681=CARTESIAN_POINT('',(8.7,7.5,428.4));
#4682=CARTESIAN_POINT('',(-5.75,7.5,428.4));
#4683=CARTESIAN_POINT('',(8.7,7.5,426.645));
#4684=CARTESIAN_POINT('Origin',(0.,11.5,424.9));
#4685=CARTESIAN_POINT('',(11.5,18.5,424.9));
#4686=CARTESIAN_POINT('',(11.5,7.5,424.9));
#4687=CARTESIAN_POINT('',(8.,18.5,424.9));
#4688=CARTESIAN_POINT('',(11.5,18.5,424.9));
#4689=CARTESIAN_POINT('',(8.,10.,424.9));
#4690=CARTESIAN_POINT('',(8.,10.75,424.9));
#4691=CARTESIAN_POINT('',(1.25,10.,424.9));
#4692=CARTESIAN_POINT('',(-4.,10.,424.9));
#4693=CARTESIAN_POINT('Origin',(0.,7.,424.9));
#4694=CARTESIAN_POINT('Origin',(-12.65,-14.45,421.));
#4695=CARTESIAN_POINT('',(-12.65,29.0851267207105,428.39));
#4696=CARTESIAN_POINT('',(-12.65,9.775,428.39));
#4697=CARTESIAN_POINT('',(-12.65,29.0851267207105,421.));
#4698=CARTESIAN_POINT('',(-12.65,29.0851267207105,421.));
#4699=CARTESIAN_POINT('',(-12.65,-14.45,421.));
#4700=CARTESIAN_POINT('Origin',(14.1,11.35,421.));
#4701=CARTESIAN_POINT('',(-12.65,34.25,421.));
#4702=CARTESIAN_POINT('',(-12.65,26.9148732792895,421.));
#4703=CARTESIAN_POINT('Origin',(-16.5,28.,421.));
#4704=CARTESIAN_POINT('',(-12.65,20.,421.));
#4705=CARTESIAN_POINT('',(-12.65,-14.45,421.));
#4706=CARTESIAN_POINT('',(-8.,20.,421.));
#4707=CARTESIAN_POINT('',(12.65,20.,421.));
#4708=CARTESIAN_POINT('',(-8.,18.3303027798234,421.));
#4709=CARTESIAN_POINT('',(-8.,15.925,421.));
#4710=CARTESIAN_POINT('',(-15.55,12.5776587646509,421.));
#4711=CARTESIAN_POINT('Origin',(0.,0.,421.));
#4712=CARTESIAN_POINT('',(-15.55,24.1144498459034,421.));
#4713=CARTESIAN_POINT('',(-15.55,37.15,421.));
#4714=CARTESIAN_POINT('',(-15.55,31.8855501540966,421.));
#4715=CARTESIAN_POINT('Origin',(-16.5,28.,421.));
#4716=CARTESIAN_POINT('',(-15.55,40.3,421.));
#4717=CARTESIAN_POINT('',(-15.55,37.15,421.));
#4718=CARTESIAN_POINT('',(-8.,40.3,421.));
#4719=CARTESIAN_POINT('',(15.55,40.3,421.));
#4720=CARTESIAN_POINT('',(-8.,37.2,421.));
#4721=CARTESIAN_POINT('',(-8.,25.875,421.));
#4722=CARTESIAN_POINT('',(8.,37.2,421.));
#4723=CARTESIAN_POINT('',(3.05,37.2,421.));
#4724=CARTESIAN_POINT('',(8.,40.3,421.));
#4725=CARTESIAN_POINT('',(8.,24.275,421.));
#4726=CARTESIAN_POINT('',(15.55,40.3,421.));
#4727=CARTESIAN_POINT('',(15.55,40.3,421.));
#4728=CARTESIAN_POINT('',(15.55,31.8855501540966,421.));
#4729=CARTESIAN_POINT('',(15.55,-14.45,421.));
#4730=CARTESIAN_POINT('',(15.55,24.1144498459034,421.));
#4731=CARTESIAN_POINT('Origin',(16.5,28.,421.));
#4732=CARTESIAN_POINT('',(15.55,12.5776587646509,421.));
#4733=CARTESIAN_POINT('',(15.55,-14.45,421.));
#4734=CARTESIAN_POINT('',(8.,18.3303027798234,421.));
#4735=CARTESIAN_POINT('Origin',(0.,0.,421.));
#4736=CARTESIAN_POINT('',(8.,20.,421.));
#4737=CARTESIAN_POINT('',(8.,10.675,421.));
#4738=CARTESIAN_POINT('',(12.65,20.,421.));
#4739=CARTESIAN_POINT('',(12.65,20.,421.));
#4740=CARTESIAN_POINT('',(12.65,26.9148732792895,421.));
#4741=CARTESIAN_POINT('',(12.65,37.15,421.));
#4742=CARTESIAN_POINT('Origin',(16.5,28.,421.));
#4743=CARTESIAN_POINT('Origin',(-11.,31.,428.39));
#4744=CARTESIAN_POINT('',(-13.3,28.2,428.39));
#4745=CARTESIAN_POINT('',(-13.3,33.8,428.39));
#4746=CARTESIAN_POINT('',(-12.5050031289124,28.2,428.39));
#4747=CARTESIAN_POINT('',(-13.3,28.2,428.39));
#4748=CARTESIAN_POINT('Origin',(-16.5,28.,428.39));
#4749=CARTESIAN_POINT('Origin',(-12.65,34.25,421.));
#4750=CARTESIAN_POINT('',(8.,34.25,428.4));
#4751=CARTESIAN_POINT('',(-6.325,34.25,428.4));
#4752=CARTESIAN_POINT('',(8.,34.25,422.));
#4753=CARTESIAN_POINT('',(8.,34.25,421.5));
#4754=CARTESIAN_POINT('',(-8.,34.25,422.));
#4755=CARTESIAN_POINT('',(-6.325,34.25,422.));
#4756=CARTESIAN_POINT('',(-8.,34.25,428.4));
#4757=CARTESIAN_POINT('',(-8.,34.25,421.5));
#4758=CARTESIAN_POINT('',(-6.325,34.25,428.4));
#4759=CARTESIAN_POINT('Origin',(-13.3,33.8,428.39));
#4760=CARTESIAN_POINT('',(-13.3,28.2,428.4));
#4761=CARTESIAN_POINT('',(-13.3,26.6875,428.4));
#4762=CARTESIAN_POINT('',(-13.3,28.2,428.39));
#4763=CARTESIAN_POINT('Origin',(-8.,40.4,421.));
#4764=CARTESIAN_POINT('',(-8.,40.3,428.4));
#4765=CARTESIAN_POINT('',(-8.,40.3,421.));
#4766=CARTESIAN_POINT('',(-8.,37.2,428.4));
#4767=CARTESIAN_POINT('',(-8.,40.4,428.4));
#4768=CARTESIAN_POINT('',(-8.,37.2,421.));
#4769=CARTESIAN_POINT('Origin',(8.,37.2,421.));
#4770=CARTESIAN_POINT('',(8.,40.3,428.4));
#4771=CARTESIAN_POINT('',(8.,40.3,421.));
#4772=CARTESIAN_POINT('',(8.,37.2,428.4));
#4773=CARTESIAN_POINT('',(8.,37.2,421.));
#4774=CARTESIAN_POINT('',(8.,37.2,428.4));
#4775=CARTESIAN_POINT('Origin',(-8.,37.2,421.));
#4776=CARTESIAN_POINT('',(-8.,37.2,428.4));
#4777=CARTESIAN_POINT('Origin',(0.,38.8,428.4));
#4778=CARTESIAN_POINT('',(7.775,40.3,428.4));
#4779=CARTESIAN_POINT('Origin',(8.,20.5,421.));
#4780=CARTESIAN_POINT('',(8.,20.5,428.4));
#4781=CARTESIAN_POINT('',(-8.,20.5,428.4));
#4782=CARTESIAN_POINT('',(4.,20.5,428.4));
#4783=CARTESIAN_POINT('',(8.,20.5,428.45));
#4784=CARTESIAN_POINT('',(8.,20.5,421.));
#4785=CARTESIAN_POINT('',(-8.,20.5,428.45));
#4786=CARTESIAN_POINT('',(8.,20.5,428.45));
#4787=CARTESIAN_POINT('',(-8.,20.5,421.));
#4788=CARTESIAN_POINT('Origin',(8.,10.,421.));
#4789=CARTESIAN_POINT('',(8.,20.,428.4));
#4790=CARTESIAN_POINT('',(8.,10.675,428.4));
#4791=CARTESIAN_POINT('',(8.,20.,421.));
#4792=CARTESIAN_POINT('',(8.,10.,421.));
#4793=CARTESIAN_POINT('',(8.,10.,421.));
#4794=CARTESIAN_POINT('',(8.,10.,421.));
#4795=CARTESIAN_POINT('',(8.,18.5,428.45));
#4796=CARTESIAN_POINT('',(8.,18.5,422.95));
#4797=CARTESIAN_POINT('',(8.,10.,428.45));
#4798=CARTESIAN_POINT('Origin',(8.,10.,421.));
#4799=CARTESIAN_POINT('',(8.,10.,428.4));
#4800=CARTESIAN_POINT('',(8.,14.7875,428.4));
#4801=CARTESIAN_POINT('',(8.,10.,428.45));
#4802=CARTESIAN_POINT('',(8.,10.,421.));
#4803=CARTESIAN_POINT('',(8.,10.,428.45));
#4804=CARTESIAN_POINT('Origin',(-8.,10.,421.));
#4805=CARTESIAN_POINT('',(1.25,10.,421.));
#4806=CARTESIAN_POINT('',(1.25,10.,421.));
#4807=CARTESIAN_POINT('',(-8.,10.,421.));
#4808=CARTESIAN_POINT('Origin',(-8.,10.,421.));
#4809=CARTESIAN_POINT('',(-1.25,10.,421.));
#4810=CARTESIAN_POINT('',(-1.25,10.,424.9));
#4811=CARTESIAN_POINT('',(-1.25,10.,421.));
#4812=CARTESIAN_POINT('',(-8.,10.,421.));
#4813=CARTESIAN_POINT('',(-8.,10.,421.));
#4814=CARTESIAN_POINT('',(-8.,10.,424.9));
#4815=CARTESIAN_POINT('',(-8.,10.,421.));
#4816=CARTESIAN_POINT('',(-4.,10.,424.9));
#4817=CARTESIAN_POINT('Origin',(-8.,10.,421.));
#4818=CARTESIAN_POINT('',(-1.25,10.,428.45));
#4819=CARTESIAN_POINT('',(-1.25,10.,421.));
#4820=CARTESIAN_POINT('',(-8.,10.,428.45));
#4821=CARTESIAN_POINT('',(-8.,10.,421.));
#4822=CARTESIAN_POINT('',(-8.,10.,428.45));
#4823=CARTESIAN_POINT('Origin',(-8.,10.,421.));
#4824=CARTESIAN_POINT('',(1.25,10.,428.45));
#4825=CARTESIAN_POINT('',(1.25,10.,428.4));
#4826=CARTESIAN_POINT('',(1.25,10.,421.));
#4827=CARTESIAN_POINT('',(-8.,10.,428.45));
#4828=CARTESIAN_POINT('',(-4.,10.,428.4));
#4829=CARTESIAN_POINT('Origin',(0.,15.25,428.45));
#4830=CARTESIAN_POINT('',(-8.,18.5,428.45));
#4831=CARTESIAN_POINT('',(5.75,18.5,428.45));
#4832=CARTESIAN_POINT('',(-8.,20.5,428.45));
#4833=CARTESIAN_POINT('Origin',(-8.,20.5,421.));
#4834=CARTESIAN_POINT('',(-8.,20.,428.4));
#4835=CARTESIAN_POINT('',(-8.,15.925,428.4));
#4836=CARTESIAN_POINT('',(-8.,18.5,424.9));
#4837=CARTESIAN_POINT('',(-8.,18.5,422.95));
#4838=CARTESIAN_POINT('',(-8.,16.,424.9));
#4839=CARTESIAN_POINT('',(-8.,20.5,421.));
#4840=CARTESIAN_POINT('',(-8.,20.,421.));
#4841=CARTESIAN_POINT('Origin',(-8.,20.5,421.));
#4842=CARTESIAN_POINT('',(-8.,20.5,428.45));
#4843=CARTESIAN_POINT('Origin',(0.,15.25,428.45));
#4844=CARTESIAN_POINT('Origin',(0.,7.,428.45));
#4845=CARTESIAN_POINT('Origin',(0.,15.25,421.));
#4846=CARTESIAN_POINT('Origin',(0.,0.,421.));
#4847=CARTESIAN_POINT('Origin',(0.,7.,421.));
#4848=CARTESIAN_POINT('Origin',(0.,19.575,428.4));
#4849=CARTESIAN_POINT('',(8.7,14.1875,428.4));
#4850=CARTESIAN_POINT('Origin',(0.,7.,428.4));
#4851=CARTESIAN_POINT('Origin',(0.,11.35,428.4));
#4852=CARTESIAN_POINT('',(13.3,28.2,428.4));
#4853=CARTESIAN_POINT('',(13.3,23.8875,428.4));
#4854=CARTESIAN_POINT('',(12.5050031289124,28.2,428.4));
#4855=CARTESIAN_POINT('',(4.35,28.2,428.4));
#4856=CARTESIAN_POINT('',(12.65,26.9148732792895,428.4));
#4857=CARTESIAN_POINT('Origin',(16.5,28.,428.4));
#4858=CARTESIAN_POINT('',(12.65,20.,428.4));
#4859=CARTESIAN_POINT('',(12.65,24.25,428.4));
#4860=CARTESIAN_POINT('',(12.65,20.,428.4));
#4861=CARTESIAN_POINT('',(-12.65,20.,428.4));
#4862=CARTESIAN_POINT('',(12.65,20.,428.4));
#4863=CARTESIAN_POINT('',(-12.65,26.9148732792895,428.4));
#4864=CARTESIAN_POINT('',(-12.65,-1.55,428.4));
#4865=CARTESIAN_POINT('',(-12.5050031289124,28.2,428.4));
#4866=CARTESIAN_POINT('Origin',(-16.5,28.,428.4));
#4867=CARTESIAN_POINT('',(-6.65,28.2,428.4));
#4868=CARTESIAN_POINT('',(-8.,37.15,428.4));
#4869=CARTESIAN_POINT('',(-8.,28.3875,428.4));
#4870=CARTESIAN_POINT('',(8.,37.15,428.4));
#4871=CARTESIAN_POINT('',(15.55,37.15,428.4));
#4872=CARTESIAN_POINT('',(8.,26.8875,428.4));
#4873=CARTESIAN_POINT('Origin',(12.65,20.,421.));
#4874=CARTESIAN_POINT('',(-12.65,20.,421.));
#4875=CARTESIAN_POINT('Origin',(0.,11.5,424.9));
#4876=CARTESIAN_POINT('',(-3.21130814466628,7.5,424.9));
#4877=CARTESIAN_POINT('',(-11.5,7.5,424.9));
#4878=CARTESIAN_POINT('Origin',(0.,7.,424.9));
#4879=CARTESIAN_POINT('',(11.5,18.5,424.9));
#4880=CARTESIAN_POINT('Origin',(11.,6.,416.4));
#4881=CARTESIAN_POINT('Origin',(11.,6.,428.4));
#4882=CARTESIAN_POINT('Origin',(-11.,6.,416.4));
#4883=CARTESIAN_POINT('Origin',(-11.,6.,416.4));
#4884=CARTESIAN_POINT('Origin',(-11.,6.,416.4));
#4885=CARTESIAN_POINT('',(-8.38447661587912,6.15309287088828,419.));
#4886=CARTESIAN_POINT('',(-8.38447661587911,6.15309287088829,416.4));
#4887=CARTESIAN_POINT('',(-9.71266733316547,3.71807655586331,419.));
#4888=CARTESIAN_POINT('Origin',(-11.,6.,419.));
#4889=CARTESIAN_POINT('',(-9.71266733316547,3.7180765558633,416.4));
#4890=CARTESIAN_POINT('Origin',(-11.,6.,416.4));
#4891=CARTESIAN_POINT('',(-8.7,7.25475097130865,428.39));
#4892=CARTESIAN_POINT('',(-8.7,7.25475097130865,416.4));
#4893=CARTESIAN_POINT('Origin',(-11.,6.,428.39));
#4894=CARTESIAN_POINT('Origin',(-11.,6.,416.4));
#4895=CARTESIAN_POINT('Origin',(-11.,6.,428.39));
#4896=CARTESIAN_POINT('Origin',(13.3,28.2,428.39));
#4897=CARTESIAN_POINT('',(13.3,28.2,428.39));
#4898=CARTESIAN_POINT('',(13.3,28.2,428.39));
#4899=CARTESIAN_POINT('',(13.3,28.2,428.39));
#4900=CARTESIAN_POINT('Origin',(11.,34.,429.8));
#4901=CARTESIAN_POINT('',(9.6,34.,429.8));
#4902=CARTESIAN_POINT('',(12.3774977313956,34.25,432.39));
#4903=CARTESIAN_POINT('',(12.3774977313956,34.25,429.8));
#4904=CARTESIAN_POINT('',(9.62250226860441,34.25,432.39));
#4905=CARTESIAN_POINT('Origin',(11.,34.,432.39));
#4906=CARTESIAN_POINT('',(9.62250226860441,34.25,429.8));
#4907=CARTESIAN_POINT('Origin',(-11.,34.,429.8));
#4908=CARTESIAN_POINT('',(-12.4,34.,429.8));
#4909=CARTESIAN_POINT('',(-9.62250226860441,34.25,432.39));
#4910=CARTESIAN_POINT('',(-9.62250226860441,34.25,429.8));
#4911=CARTESIAN_POINT('',(-12.3774977313956,34.25,432.39));
#4912=CARTESIAN_POINT('Origin',(-11.,34.,432.39));
#4913=CARTESIAN_POINT('',(-12.3774977313956,34.25,429.8));
#4914=CARTESIAN_POINT('Origin',(-12.65,34.25,432.39));
#4915=CARTESIAN_POINT('',(12.65,34.25,432.39));
#4916=CARTESIAN_POINT('',(12.65,34.25,432.39));
#4917=CARTESIAN_POINT('',(-12.65,34.25,432.39));
#4918=CARTESIAN_POINT('Origin',(-12.65,34.25,432.39));
#4919=CARTESIAN_POINT('',(-12.65,34.25,432.39));
#4920=CARTESIAN_POINT('',(-12.65,34.25,432.39));
#4921=CARTESIAN_POINT('',(-12.65,34.25,432.39));
#4922=CARTESIAN_POINT('Origin',(0.,0.,416.5));
#4923=CARTESIAN_POINT('',(-20.,-2.44929359829471E-15,421.));
#4924=CARTESIAN_POINT('Origin',(0.,0.,421.));
#4925=CARTESIAN_POINT('',(19.6785067269602,-3.57160650085935,421.));
#4926=CARTESIAN_POINT('Origin',(0.,0.,421.));
#4927=CARTESIAN_POINT('',(17.3762377985872,-9.90284605388518,421.));
#4928=CARTESIAN_POINT('Origin',(0.,0.,421.));
#4929=CARTESIAN_POINT('',(15.55,-12.5776587646509,421.));
#4930=CARTESIAN_POINT('Origin',(0.,0.,421.));
#4931=CARTESIAN_POINT('',(13.8274184141509,-14.45,421.));
#4932=CARTESIAN_POINT('Origin',(0.,0.,421.));
#4933=CARTESIAN_POINT('',(-13.8274184141509,-14.45,421.));
#4934=CARTESIAN_POINT('Origin',(0.,0.,421.));
#4935=CARTESIAN_POINT('',(-15.55,-12.5776587646509,421.));
#4936=CARTESIAN_POINT('Origin',(0.,0.,421.));
#4937=CARTESIAN_POINT('',(-17.3762377985872,-9.90284605388518,421.));
#4938=CARTESIAN_POINT('Origin',(0.,0.,421.));
#4939=CARTESIAN_POINT('',(-19.6785067269602,-3.57160650085935,421.));
#4940=CARTESIAN_POINT('Origin',(0.,0.,421.));
#4941=CARTESIAN_POINT('Origin',(0.,0.,421.));
#4942=CARTESIAN_POINT('',(-20.,-2.44929359829471E-15,416.5));
#4943=CARTESIAN_POINT('Origin',(-15.55,37.15,421.));
#4944=CARTESIAN_POINT('',(-15.55,31.8855501540966,467.9));
#4945=CARTESIAN_POINT('',(-15.55,31.8855501540966,421.));
#4946=CARTESIAN_POINT('',(-15.55,40.3,467.9));
#4947=CARTESIAN_POINT('',(-15.55,40.3,467.9));
#4948=CARTESIAN_POINT('',(-15.55,40.3,421.));
#4949=CARTESIAN_POINT('Origin',(-15.55,-14.45,421.));
#4950=CARTESIAN_POINT('',(-15.55,-14.45,421.));
#4951=CARTESIAN_POINT('',(-15.55,-14.45,421.));
#4952=CARTESIAN_POINT('',(6.325,-14.45,421.));
#4953=CARTESIAN_POINT('',(15.55,-14.45,421.));
#4954=CARTESIAN_POINT('',(12.65,-14.45,421.));
#4955=CARTESIAN_POINT('',(15.55,-14.45,467.9));
#4956=CARTESIAN_POINT('',(15.55,-14.45,421.));
#4957=CARTESIAN_POINT('',(-15.55,-14.45,467.9));
#4958=CARTESIAN_POINT('',(-15.55,-14.45,467.9));
#4959=CARTESIAN_POINT('',(-15.55,-14.45,421.));
#4960=CARTESIAN_POINT('Origin',(-14.1,11.35,421.));
#4961=CARTESIAN_POINT('',(-15.55,37.15,421.));
#4962=CARTESIAN_POINT('Origin',(0.,0.,421.));
#4963=CARTESIAN_POINT('',(15.55,-2.11444984590341,421.));
#4964=CARTESIAN_POINT('Origin',(16.5,-6.,421.));
#4965=CARTESIAN_POINT('',(15.55,-7.225,421.));
#4966=CARTESIAN_POINT('Origin',(15.55,-14.45,421.));
#4967=CARTESIAN_POINT('',(15.55,24.1144498459034,467.9));
#4968=CARTESIAN_POINT('',(15.55,24.1144498459034,421.));
#4969=CARTESIAN_POINT('',(15.55,-2.11444984590341,467.9));
#4970=CARTESIAN_POINT('',(15.55,-14.45,467.9));
#4971=CARTESIAN_POINT('',(15.55,-2.11444984590341,421.));
#4972=CARTESIAN_POINT('Origin',(14.1,11.35,421.));
#4973=CARTESIAN_POINT('',(15.55,-14.45,421.));
#4974=CARTESIAN_POINT('Origin',(0.,0.,421.));
#4975=CARTESIAN_POINT('Origin',(-12.65,-14.45,421.));
#4976=CARTESIAN_POINT('',(-12.65,29.0851267207105,467.9));
#4977=CARTESIAN_POINT('',(-12.65,29.0851267207105,421.));
#4978=CARTESIAN_POINT('',(-12.65,37.3,432.39));
#4979=CARTESIAN_POINT('',(-12.65,37.3,432.39));
#4980=CARTESIAN_POINT('',(-12.65,37.3,467.9));
#4981=CARTESIAN_POINT('',(-12.65,37.3,432.39));
#4982=CARTESIAN_POINT('',(-12.65,24.325,467.9));
#4983=CARTESIAN_POINT('Origin',(12.65,-11.55,421.));
#4984=CARTESIAN_POINT('',(-12.65,-11.55,467.9));
#4985=CARTESIAN_POINT('',(-12.65,-11.55,421.));
#4986=CARTESIAN_POINT('',(12.65,-11.55,467.9));
#4987=CARTESIAN_POINT('',(12.65,-11.55,467.9));
#4988=CARTESIAN_POINT('',(12.65,-11.55,421.));
#4989=CARTESIAN_POINT('Origin',(12.65,20.,421.));
#4990=CARTESIAN_POINT('',(12.65,20.,421.));
#4991=CARTESIAN_POINT('Origin',(12.65,37.15,421.));
#4992=CARTESIAN_POINT('',(12.65,26.9148732792895,421.));
#4993=CARTESIAN_POINT('Origin',(-15.55,37.15,421.));
#4994=CARTESIAN_POINT('',(-15.55,-9.88555015409658,467.9));
#4995=CARTESIAN_POINT('',(-15.55,-9.88555015409658,421.));
#4996=CARTESIAN_POINT('',(-15.55,-9.88555015409658,421.));
#4997=CARTESIAN_POINT('',(-15.55,18.575,421.));
#4998=CARTESIAN_POINT('',(-15.55,37.15,467.9));
#4999=CARTESIAN_POINT('Origin',(0.,0.,421.));
#5000=CARTESIAN_POINT('',(-15.55,-2.11444984590341,421.));
#5001=CARTESIAN_POINT('Origin',(-16.5,-6.,421.));
#5002=CARTESIAN_POINT('',(-15.55,18.575,421.));
#5003=CARTESIAN_POINT('Origin',(0.,0.,421.));
#5004=CARTESIAN_POINT('Origin',(-16.5,-6.,421.));
#5005=CARTESIAN_POINT('Origin',(-12.65,-14.45,421.));
#5006=CARTESIAN_POINT('',(-12.65,-7.08512672071054,467.9));
#5007=CARTESIAN_POINT('',(-12.65,-7.08512672071054,421.));
#5008=CARTESIAN_POINT('',(-12.65,-14.45,467.9));
#5009=CARTESIAN_POINT('Origin',(-16.5,-6.,421.));
#5010=CARTESIAN_POINT('',(-12.65,-4.91487327928946,467.9));
#5011=CARTESIAN_POINT('',(-12.65,-4.91487327928946,421.));
#5012=CARTESIAN_POINT('Origin',(-16.5,-6.,467.9));
#5013=CARTESIAN_POINT('Origin',(-16.5,-6.,421.));
#5014=CARTESIAN_POINT('',(-15.55,-2.11444984590341,467.9));
#5015=CARTESIAN_POINT('',(-15.55,-2.11444984590341,421.));
#5016=CARTESIAN_POINT('Origin',(-16.5,-6.,421.));
#5017=CARTESIAN_POINT('Origin',(-16.5,-6.,467.9));
#5018=CARTESIAN_POINT('Origin',(-16.5,-6.,421.));
#5019=CARTESIAN_POINT('Origin',(15.55,-14.45,421.));
#5020=CARTESIAN_POINT('',(15.55,-9.88555015409658,421.));
#5021=CARTESIAN_POINT('',(15.55,-9.88555015409658,467.9));
#5022=CARTESIAN_POINT('',(15.55,-9.88555015409658,421.));
#5023=CARTESIAN_POINT('',(15.55,-14.45,467.9));
#5024=CARTESIAN_POINT('',(15.55,-7.225,421.));
#5025=CARTESIAN_POINT('Origin',(0.,0.,421.));
#5026=CARTESIAN_POINT('Origin',(16.5,-6.,421.));
#5027=CARTESIAN_POINT('Origin',(-14.1,11.35,467.9));
#5028=CARTESIAN_POINT('',(15.55,31.8855501540966,467.9));
#5029=CARTESIAN_POINT('',(15.55,40.3,467.9));
#5030=CARTESIAN_POINT('',(15.55,-14.45,467.9));
#5031=CARTESIAN_POINT('',(15.55,40.3,467.9));
#5032=CARTESIAN_POINT('',(-15.55,24.1144498459034,467.9));
#5033=CARTESIAN_POINT('Origin',(-16.5,28.,467.9));
#5034=CARTESIAN_POINT('',(-15.55,37.15,467.9));
#5035=CARTESIAN_POINT('Origin',(16.5,-6.,467.9));
#5036=CARTESIAN_POINT('Origin',(16.5,28.,467.9));
#5037=CARTESIAN_POINT('',(12.65,37.3,467.9));
#5038=CARTESIAN_POINT('',(12.65,29.0851267207105,467.9));
#5039=CARTESIAN_POINT('',(12.65,37.15,467.9));
#5040=CARTESIAN_POINT('',(12.65,26.9148732792895,467.9));
#5041=CARTESIAN_POINT('Origin',(16.5,28.,467.9));
#5042=CARTESIAN_POINT('',(12.65,-4.91487327928946,467.9));
#5043=CARTESIAN_POINT('',(12.65,37.15,467.9));
#5044=CARTESIAN_POINT('',(12.65,-7.08512672071054,467.9));
#5045=CARTESIAN_POINT('Origin',(16.5,-6.,467.9));
#5046=CARTESIAN_POINT('',(12.65,37.15,467.9));
#5047=CARTESIAN_POINT('',(-12.65,26.9148732792895,467.9));
#5048=CARTESIAN_POINT('',(-12.65,-14.45,467.9));
#5049=CARTESIAN_POINT('Origin',(-16.5,28.,467.9));
#5050=CARTESIAN_POINT('',(-0.725,37.3,467.9));
#5051=CARTESIAN_POINT('',(15.25,28.,467.9));
#5052=CARTESIAN_POINT('Origin',(16.5,28.,467.9));
#5053=CARTESIAN_POINT('',(-17.75,-6.,467.9));
#5054=CARTESIAN_POINT('Origin',(-16.5,-6.,467.9));
#5055=CARTESIAN_POINT('',(15.25,-6.,467.9));
#5056=CARTESIAN_POINT('Origin',(16.5,-6.,467.9));
#5057=CARTESIAN_POINT('',(-17.75,28.,467.9));
#5058=CARTESIAN_POINT('Origin',(-16.5,28.,467.9));
#5059=CARTESIAN_POINT('Origin',(12.65,37.15,421.));
#5060=CARTESIAN_POINT('',(12.65,26.9148732792895,421.));
#5061=CARTESIAN_POINT('',(12.65,-4.91487327928946,421.));
#5062=CARTESIAN_POINT('Origin',(12.65,37.15,421.));
#5063=CARTESIAN_POINT('',(12.65,-7.08512672071054,421.));
#5064=CARTESIAN_POINT('Origin',(16.5,-6.,421.));
#5065=CARTESIAN_POINT('Origin',(16.5,-6.,421.));
#5066=CARTESIAN_POINT('Origin',(16.5,-6.,421.));
#5067=CARTESIAN_POINT('Origin',(16.5,-6.,421.));
#5068=CARTESIAN_POINT('Origin',(-12.65,-14.45,421.));
#5069=CARTESIAN_POINT('',(-12.65,26.9148732792895,421.));
#5070=CARTESIAN_POINT('Origin',(-12.65,-14.45,421.));
#5071=CARTESIAN_POINT('',(-12.65,26.9148732792895,421.));
#5072=CARTESIAN_POINT('Origin',(-16.5,28.,421.));
#5073=CARTESIAN_POINT('Origin',(-16.5,28.,421.));
#5074=CARTESIAN_POINT('',(-15.55,24.1144498459034,421.));
#5075=CARTESIAN_POINT('Origin',(15.55,-14.45,421.));
#5076=CARTESIAN_POINT('',(15.55,31.8855501540966,421.));
#5077=CARTESIAN_POINT('',(15.55,40.3,421.));
#5078=CARTESIAN_POINT('Origin',(12.65,37.15,421.));
#5079=CARTESIAN_POINT('',(12.65,29.0851267207105,421.));
#5080=CARTESIAN_POINT('',(12.65,37.3,432.39));
#5081=CARTESIAN_POINT('',(12.65,37.3,432.39));
#5082=CARTESIAN_POINT('',(12.65,34.25,432.39));
#5083=CARTESIAN_POINT('Origin',(16.5,28.,421.));
#5084=CARTESIAN_POINT('Origin',(16.5,28.,421.));
#5085=CARTESIAN_POINT('Origin',(16.5,28.,421.));
#5086=CARTESIAN_POINT('',(12.5050031289124,28.2,428.39));
#5087=CARTESIAN_POINT('Origin',(16.5,28.,428.39));
#5088=CARTESIAN_POINT('',(12.5050031289124,28.2,421.));
#5089=CARTESIAN_POINT('Origin',(-7.,0.,418.9));
#5090=CARTESIAN_POINT('',(-8.7,-2.0818995585505E-16,419.));
#5091=CARTESIAN_POINT('Origin',(-7.,0.,419.));
#5092=CARTESIAN_POINT('',(-8.7,-2.0818995585505E-16,420.9));
#5093=CARTESIAN_POINT('',(-8.7,-2.0818995585505E-16,418.9));
#5094=CARTESIAN_POINT('Origin',(-7.,0.,420.9));
#5095=CARTESIAN_POINT('Origin',(0.,7.,418.9));
#5096=CARTESIAN_POINT('',(-1.7,7.,419.));
#5097=CARTESIAN_POINT('Origin',(0.,7.,419.));
#5098=CARTESIAN_POINT('',(-1.7,7.,420.9));
#5099=CARTESIAN_POINT('',(-1.7,7.,418.9));
#5100=CARTESIAN_POINT('Origin',(0.,7.,420.9));
#5101=CARTESIAN_POINT('Origin',(0.,-7.,418.9));
#5102=CARTESIAN_POINT('',(-1.7,-7.,419.));
#5103=CARTESIAN_POINT('Origin',(0.,-7.,419.));
#5104=CARTESIAN_POINT('',(-1.7,-7.,420.9));
#5105=CARTESIAN_POINT('',(-1.7,-7.,418.9));
#5106=CARTESIAN_POINT('Origin',(0.,-7.,420.9));
#5107=CARTESIAN_POINT('Origin',(7.,0.,418.9));
#5108=CARTESIAN_POINT('',(5.3,-2.0818995585505E-16,419.));
#5109=CARTESIAN_POINT('Origin',(7.,0.,419.));
#5110=CARTESIAN_POINT('',(5.3,-2.0818995585505E-16,420.9));
#5111=CARTESIAN_POINT('',(5.3,-2.0818995585505E-16,418.9));
#5112=CARTESIAN_POINT('Origin',(7.,0.,420.9));
#5113=CARTESIAN_POINT('Origin',(0.,-7.,421.));
#5114=CARTESIAN_POINT('',(-3.25,-7.,420.9));
#5115=CARTESIAN_POINT('Origin',(0.,-7.,420.9));
#5116=CARTESIAN_POINT('',(-3.25,-7.,421.));
#5117=CARTESIAN_POINT('Origin',(7.,0.,421.));
#5118=CARTESIAN_POINT('',(3.75,-3.9801020972289E-16,420.9));
#5119=CARTESIAN_POINT('Origin',(7.,0.,420.9));
#5120=CARTESIAN_POINT('',(3.75,-3.9801020972289E-16,421.));
#5121=CARTESIAN_POINT('Origin',(16.5,28.,459.9));
#5122=CARTESIAN_POINT('',(15.25,28.,459.9));
#5123=CARTESIAN_POINT('Origin',(16.5,28.,459.9));
#5124=CARTESIAN_POINT('Origin',(16.5,28.,459.9));
#5125=CARTESIAN_POINT('',(15.25,28.,459.9));
#5126=CARTESIAN_POINT('Origin',(-16.5,-6.,459.9));
#5127=CARTESIAN_POINT('',(-17.75,-6.,459.9));
#5128=CARTESIAN_POINT('Origin',(-16.5,-6.,459.9));
#5129=CARTESIAN_POINT('Origin',(-16.5,-6.,459.9));
#5130=CARTESIAN_POINT('',(-17.75,-6.,459.9));
#5131=CARTESIAN_POINT('Origin',(16.5,-6.,459.9));
#5132=CARTESIAN_POINT('',(15.25,-6.,459.9));
#5133=CARTESIAN_POINT('Origin',(16.5,-6.,459.9));
#5134=CARTESIAN_POINT('Origin',(16.5,-6.,459.9));
#5135=CARTESIAN_POINT('',(15.25,-6.,459.9));
#5136=CARTESIAN_POINT('Origin',(-16.5,28.,459.9));
#5137=CARTESIAN_POINT('',(-17.75,28.,459.9));
#5138=CARTESIAN_POINT('Origin',(-16.5,28.,459.9));
#5139=CARTESIAN_POINT('Origin',(-16.5,28.,459.9));
#5140=CARTESIAN_POINT('',(-17.75,28.,459.9));
#5141=CARTESIAN_POINT('Origin',(-16.5,28.,421.));
#5142=CARTESIAN_POINT('',(-12.5050031289124,28.2,421.));
#5143=CARTESIAN_POINT('Origin',(-13.3,28.2,428.39));
#5144=CARTESIAN_POINT('Origin',(11.,31.,428.39));
#5145=CARTESIAN_POINT('',(8.7,28.2,428.39));
#5146=CARTESIAN_POINT('Origin',(8.7,28.2,428.39));
#5147=CARTESIAN_POINT('Origin',(0.,0.,416.49));
#5148=CARTESIAN_POINT('Origin',(0.,0.,419.));
#5149=CARTESIAN_POINT('Origin',(0.,0.,419.));
#5150=CARTESIAN_POINT('Origin',(0.,0.,419.));
#5151=CARTESIAN_POINT('',(-3.25,-3.9801020972289E-16,419.));
#5152=CARTESIAN_POINT('Origin',(0.,0.,419.));
#5153=CARTESIAN_POINT('Origin',(0.,35.7,422.));
#5154=CARTESIAN_POINT('',(8.,37.15,422.));
#5155=CARTESIAN_POINT('',(8.,34.2,422.));
#5156=CARTESIAN_POINT('',(-8.,37.15,422.));
#5157=CARTESIAN_POINT('',(7.775,37.15,422.));
#5158=CARTESIAN_POINT('',(-8.,37.2,422.));
#5159=CARTESIAN_POINT('Origin',(8.,34.2,422.));
#5160=CARTESIAN_POINT('',(8.,37.15,421.5));
#5161=CARTESIAN_POINT('Origin',(-8.,37.2,422.));
#5162=CARTESIAN_POINT('',(-8.,37.15,421.5));
#5163=CARTESIAN_POINT('Origin',(0.,7.,421.));
#5164=CARTESIAN_POINT('',(-3.25,7.,420.9));
#5165=CARTESIAN_POINT('Origin',(0.,7.,420.9));
#5166=CARTESIAN_POINT('',(-3.25,7.,421.));
#5167=CARTESIAN_POINT('',(-3.21130814466628,7.5,421.));
#5168=CARTESIAN_POINT('Origin',(-11.5,7.5,424.9));
#5169=CARTESIAN_POINT('',(-8.7,7.5,428.39));
#5170=CARTESIAN_POINT('',(-11.25,7.5,428.39));
#5171=CARTESIAN_POINT('',(-8.7,7.5,426.645));
#5172=CARTESIAN_POINT('Origin',(-7.,0.,421.));
#5173=CARTESIAN_POINT('',(-10.25,-3.9801020972289E-16,420.9));
#5174=CARTESIAN_POINT('Origin',(-7.,0.,420.9));
#5175=CARTESIAN_POINT('',(-10.25,-3.9801020972289E-16,421.));
#5176=CARTESIAN_POINT('Origin',(0.,0.,418.9));
#5177=CARTESIAN_POINT('',(-3.25,-3.9801020972289E-16,418.9));
#5178=CARTESIAN_POINT('Origin',(-15.55,37.15,421.));
#5179=CARTESIAN_POINT('Origin',(15.55,40.3,421.));
#5180=CARTESIAN_POINT('Origin',(-15.55,37.15,421.));
#5181=CARTESIAN_POINT('Origin',(12.65,37.3,432.39));
#5182=CARTESIAN_POINT('',(12.65,37.3,432.39));
#5183=CARTESIAN_POINT('Origin',(-12.65,34.25,432.39));
#5184=CARTESIAN_POINT('',(-12.65,34.25,432.39));
#5185=CARTESIAN_POINT('Origin',(0.,35.775,432.39));
#5186=CARTESIAN_POINT('Origin',(11.5,7.5,424.9));
#5187=CARTESIAN_POINT('',(11.5,18.5,424.9));
#5188=CARTESIAN_POINT('Origin',(11.5,18.5,424.9));
#5189=CARTESIAN_POINT('Origin',(-7.,0.,420.9));
#5190=CARTESIAN_POINT('Origin',(0.,7.,420.9));
#5191=CARTESIAN_POINT('Origin',(0.,-7.,420.9));
#5192=CARTESIAN_POINT('Origin',(7.,0.,420.9));
#5193=CARTESIAN_POINT('Origin',(0.,0.,416.49));
#5194=CARTESIAN_POINT('Origin',(0.,19.575,428.4));
#5195=CARTESIAN_POINT('Origin',(8.7,8.8,428.39));
#5196=CARTESIAN_POINT('Origin',(11.,6.,416.4));
#5197=CARTESIAN_POINT('Origin',(-11.,6.,428.39));
#5198=CARTESIAN_POINT('Origin',(-8.7,3.2,428.39));
#5199=CARTESIAN_POINT('',(-8.7,3.2,428.39));
#5200=CARTESIAN_POINT('Origin',(-11.,6.,428.39));
#5201=UNCERTAINTY_MEASURE_WITH_UNIT(LENGTH_MEASURE(0.01),#5205,
'DISTANCE_ACCURACY_VALUE',
'Maximum model space distance between geometric entities at asserted c
onnectivities');
#5202=UNCERTAINTY_MEASURE_WITH_UNIT(LENGTH_MEASURE(0.01),#5205,
'DISTANCE_ACCURACY_VALUE',
'Maximum model space distance between geometric entities at asserted c
onnectivities');
#5203=(
GEOMETRIC_REPRESENTATION_CONTEXT(3)
GLOBAL_UNCERTAINTY_ASSIGNED_CONTEXT((#5201))
GLOBAL_UNIT_ASSIGNED_CONTEXT((#5205,#5207,#5208))
REPRESENTATION_CONTEXT('','3D')
);
#5204=(
GEOMETRIC_REPRESENTATION_CONTEXT(3)
GLOBAL_UNCERTAINTY_ASSIGNED_CONTEXT((#5202))
GLOBAL_UNIT_ASSIGNED_CONTEXT((#5205,#5207,#5208))
REPRESENTATION_CONTEXT('','3D')
);
#5205=(
LENGTH_UNIT()
NAMED_UNIT(*)
SI_UNIT(.MILLI.,.METRE.)
);
#5206=(
LENGTH_UNIT()
NAMED_UNIT(*)
SI_UNIT($,.METRE.)
);
#5207=(
NAMED_UNIT(*)
PLANE_ANGLE_UNIT()
SI_UNIT($,.RADIAN.)
);
#5208=(
NAMED_UNIT(*)
SI_UNIT($,.STERADIAN.)
SOLID_ANGLE_UNIT()
);
#5209=SHAPE_DEFINITION_REPRESENTATION(#5210,#5211);
#5210=PRODUCT_DEFINITION_SHAPE('',$,#5213);
#5211=SHAPE_REPRESENTATION('',(#3097),#5203);
#5212=PRODUCT_DEFINITION_CONTEXT('part definition',#5217,'design');
#5213=PRODUCT_DEFINITION('2026-08-20-11-37-38-463','HandBase_J6',#5214,
#5212);
#5214=PRODUCT_DEFINITION_FORMATION('',$,#5219);
#5215=PRODUCT_RELATED_PRODUCT_CATEGORY('HandBase_J6','HandBase_J6',(#5219));
#5216=APPLICATION_PROTOCOL_DEFINITION('international standard',
'automotive_design',2009,#5217);
#5217=APPLICATION_CONTEXT(
'Core Data for Automotive Mechanical Design Process');
#5218=PRODUCT_CONTEXT('part definition',#5217,'mechanical');
#5219=PRODUCT('2026-08-20-11-37-38-463','HandBase_J6',$,(#5218));
#5220=PRESENTATION_STYLE_ASSIGNMENT((#5221));
#5221=SURFACE_STYLE_USAGE(.BOTH.,#5222);
#5222=SURFACE_SIDE_STYLE('',(#5223));
#5223=SURFACE_STYLE_FILL_AREA(#5224);
#5224=FILL_AREA_STYLE('\X2\92FC\X0\ - \X2\30B530C630F3\X0\',(#5225));
#5225=FILL_AREA_STYLE_COLOUR('\X2\92FC\X0\ - \X2\30B530C630F3\X0\',#5226);
#5226=COLOUR_RGB('\X2\92FC\X0\ - \X2\30B530C630F3\X0\',0.627450980392157,
0.627450980392157,0.627450980392157);
ENDSEC;
END-ISO-10303-21;
