ISO-10303-21;
HEADER;
/* Generated by software containing ST-Developer
 * from STEP Tools, Inc. (www.steptools.com) 
 */

FILE_DESCRIPTION(
/* description */ (''),
/* implementation_level */ '2;1');

FILE_NAME(
/* name */ 'Pinion_Hand.step',
/* time_stamp */ '2026-09-02T14:52:46+09:00',
/* author */ (''),
/* organization */ (''),
/* preprocessor_version */ 'ST-DEVELOPER v20.1',
/* originating_system */ 'Autodesk Translation Framework v15.8.0.0',
/* authorisation */ '');

FILE_SCHEMA (('AUTOMOTIVE_DESIGN { 1 0 10303 214 3 1 1 }'));
ENDSEC;

DATA;
#10=MECHANICAL_DESIGN_GEOMETRIC_PRESENTATION_REPRESENTATION('',(#13),#3066);
#11=SHAPE_REPRESENTATION_RELATIONSHIP('SRR','None',#3073,#12);
#12=ADVANCED_BREP_SHAPE_REPRESENTATION('',(#14),#3065);
#13=STYLED_ITEM('',(#3082),#14);
#14=MANIFOLD_SOLID_BREP('\X2\30DC30C730A3\X0\1',#1854);
#15=LINE('',#2548,#224);
#16=LINE('',#2556,#225);
#17=LINE('',#2561,#226);
#18=LINE('',#2565,#227);
#19=LINE('',#2569,#228);
#20=LINE('',#2573,#229);
#21=LINE('',#2577,#230);
#22=LINE('',#2581,#231);
#23=LINE('',#2585,#232);
#24=LINE('',#2589,#233);
#25=LINE('',#2593,#234);
#26=LINE('',#2597,#235);
#27=LINE('',#2601,#236);
#28=LINE('',#2605,#237);
#29=LINE('',#2609,#238);
#30=LINE('',#2614,#239);
#31=LINE('',#2616,#240);
#32=LINE('',#2618,#241);
#33=LINE('',#2620,#242);
#34=LINE('',#2622,#243);
#35=LINE('',#2624,#244);
#36=LINE('',#2626,#245);
#37=LINE('',#2628,#246);
#38=LINE('',#2630,#247);
#39=LINE('',#2632,#248);
#40=LINE('',#2634,#249);
#41=LINE('',#2636,#250);
#42=LINE('',#2638,#251);
#43=LINE('',#2640,#252);
#44=LINE('',#2642,#253);
#45=LINE('',#2644,#254);
#46=LINE('',#2646,#255);
#47=LINE('',#2648,#256);
#48=LINE('',#2650,#257);
#49=LINE('',#2652,#258);
#50=LINE('',#2654,#259);
#51=LINE('',#2656,#260);
#52=LINE('',#2658,#261);
#53=LINE('',#2660,#262);
#54=LINE('',#2662,#263);
#55=LINE('',#2664,#264);
#56=LINE('',#2666,#265);
#57=LINE('',#2668,#266);
#58=LINE('',#2670,#267);
#59=LINE('',#2672,#268);
#60=LINE('',#2674,#269);
#61=LINE('',#2676,#270);
#62=LINE('',#2678,#271);
#63=LINE('',#2680,#272);
#64=LINE('',#2682,#273);
#65=LINE('',#2684,#274);
#66=LINE('',#2686,#275);
#67=LINE('',#2688,#276);
#68=LINE('',#2690,#277);
#69=LINE('',#2692,#278);
#70=LINE('',#2694,#279);
#71=LINE('',#2696,#280);
#72=LINE('',#2698,#281);
#73=LINE('',#2700,#282);
#74=LINE('',#2702,#283);
#75=LINE('',#2704,#284);
#76=LINE('',#2706,#285);
#77=LINE('',#2707,#286);
#78=LINE('',#2721,#287);
#79=LINE('',#2725,#288);
#80=LINE('',#2727,#289);
#81=LINE('',#2729,#290);
#82=LINE('',#2734,#291);
#83=LINE('',#2738,#292);
#84=LINE('',#2739,#293);
#85=LINE('',#2743,#294);
#86=LINE('',#2745,#295);
#87=LINE('',#2747,#296);
#88=LINE('',#2752,#297);
#89=LINE('',#2756,#298);
#90=LINE('',#2757,#299);
#91=LINE('',#2761,#300);
#92=LINE('',#2763,#301);
#93=LINE('',#2765,#302);
#94=LINE('',#2770,#303);
#95=LINE('',#2774,#304);
#96=LINE('',#2775,#305);
#97=LINE('',#2779,#306);
#98=LINE('',#2781,#307);
#99=LINE('',#2783,#308);
#100=LINE('',#2788,#309);
#101=LINE('',#2792,#310);
#102=LINE('',#2793,#311);
#103=LINE('',#2797,#312);
#104=LINE('',#2799,#313);
#105=LINE('',#2801,#314);
#106=LINE('',#2806,#315);
#107=LINE('',#2810,#316);
#108=LINE('',#2811,#317);
#109=LINE('',#2815,#318);
#110=LINE('',#2817,#319);
#111=LINE('',#2819,#320);
#112=LINE('',#2824,#321);
#113=LINE('',#2828,#322);
#114=LINE('',#2829,#323);
#115=LINE('',#2832,#324);
#116=LINE('',#2834,#325);
#117=LINE('',#2837,#326);
#118=LINE('',#2839,#327);
#119=LINE('',#2842,#328);
#120=LINE('',#2844,#329);
#121=LINE('',#2847,#330);
#122=LINE('',#2849,#331);
#123=LINE('',#2852,#332);
#124=LINE('',#2854,#333);
#125=LINE('',#2857,#334);
#126=LINE('',#2859,#335);
#127=LINE('',#2862,#336);
#128=LINE('',#2864,#337);
#129=LINE('',#2867,#338);
#130=LINE('',#2869,#339);
#131=LINE('',#2872,#340);
#132=LINE('',#2874,#341);
#133=LINE('',#2877,#342);
#134=LINE('',#2879,#343);
#135=LINE('',#2882,#344);
#136=LINE('',#2884,#345);
#137=LINE('',#2887,#346);
#138=LINE('',#2889,#347);
#139=LINE('',#2892,#348);
#140=LINE('',#2895,#349);
#141=LINE('',#2897,#350);
#142=LINE('',#2898,#351);
#143=LINE('',#2900,#352);
#144=LINE('',#2903,#353);
#145=LINE('',#2904,#354);
#146=LINE('',#2906,#355);
#147=LINE('',#2908,#356);
#148=LINE('',#2909,#357);
#149=LINE('',#2911,#358);
#150=LINE('',#2914,#359);
#151=LINE('',#2915,#360);
#152=LINE('',#2917,#361);
#153=LINE('',#2919,#362);
#154=LINE('',#2920,#363);
#155=LINE('',#2922,#364);
#156=LINE('',#2925,#365);
#157=LINE('',#2926,#366);
#158=LINE('',#2928,#367);
#159=LINE('',#2930,#368);
#160=LINE('',#2931,#369);
#161=LINE('',#2933,#370);
#162=LINE('',#2936,#371);
#163=LINE('',#2937,#372);
#164=LINE('',#2939,#373);
#165=LINE('',#2941,#374);
#166=LINE('',#2942,#375);
#167=LINE('',#2944,#376);
#168=LINE('',#2947,#377);
#169=LINE('',#2948,#378);
#170=LINE('',#2950,#379);
#171=LINE('',#2952,#380);
#172=LINE('',#2953,#381);
#173=LINE('',#2955,#382);
#174=LINE('',#2957,#383);
#175=LINE('',#2960,#384);
#176=LINE('',#2962,#385);
#177=LINE('',#2963,#386);
#178=LINE('',#2965,#387);
#179=LINE('',#2968,#388);
#180=LINE('',#2970,#389);
#181=LINE('',#2971,#390);
#182=LINE('',#2973,#391);
#183=LINE('',#2976,#392);
#184=LINE('',#2978,#393);
#185=LINE('',#2979,#394);
#186=LINE('',#2981,#395);
#187=LINE('',#2984,#396);
#188=LINE('',#2986,#397);
#189=LINE('',#2987,#398);
#190=LINE('',#2989,#399);
#191=LINE('',#2992,#400);
#192=LINE('',#2994,#401);
#193=LINE('',#2995,#402);
#194=LINE('',#2998,#403);
#195=LINE('',#2999,#404);
#196=LINE('',#3002,#405);
#197=LINE('',#3004,#406);
#198=LINE('',#3005,#407);
#199=LINE('',#3007,#408);
#200=LINE('',#3015,#409);
#201=LINE('',#3017,#410);
#202=LINE('',#3019,#411);
#203=LINE('',#3021,#412);
#204=LINE('',#3023,#413);
#205=LINE('',#3025,#414);
#206=LINE('',#3027,#415);
#207=LINE('',#3029,#416);
#208=LINE('',#3031,#417);
#209=LINE('',#3033,#418);
#210=LINE('',#3035,#419);
#211=LINE('',#3037,#420);
#212=LINE('',#3039,#421);
#213=LINE('',#3041,#422);
#214=LINE('',#3043,#423);
#215=LINE('',#3045,#424);
#216=LINE('',#3047,#425);
#217=LINE('',#3049,#426);
#218=LINE('',#3051,#427);
#219=LINE('',#3053,#428);
#220=LINE('',#3055,#429);
#221=LINE('',#3057,#430);
#222=LINE('',#3059,#431);
#223=LINE('',#3061,#432);
#224=VECTOR('',#2043,6.2);
#225=VECTOR('',#2052,12.4);
#226=VECTOR('',#2059,1.7);
#227=VECTOR('',#2062,10.);
#228=VECTOR('',#2065,10.);
#229=VECTOR('',#2070,1.7);
#230=VECTOR('',#2073,10.);
#231=VECTOR('',#2076,10.);
#232=VECTOR('',#2081,1.7);
#233=VECTOR('',#2084,10.);
#234=VECTOR('',#2087,10.);
#235=VECTOR('',#2092,1.7);
#236=VECTOR('',#2095,10.);
#237=VECTOR('',#2098,10.);
#238=VECTOR('',#2103,3.15);
#239=VECTOR('',#2108,10.);
#240=VECTOR('',#2109,10.);
#241=VECTOR('',#2110,10.);
#242=VECTOR('',#2111,10.);
#243=VECTOR('',#2112,10.);
#244=VECTOR('',#2113,10.);
#245=VECTOR('',#2114,10.);
#246=VECTOR('',#2115,10.);
#247=VECTOR('',#2116,10.);
#248=VECTOR('',#2117,10.);
#249=VECTOR('',#2118,10.);
#250=VECTOR('',#2119,10.);
#251=VECTOR('',#2120,10.);
#252=VECTOR('',#2121,10.);
#253=VECTOR('',#2122,10.);
#254=VECTOR('',#2123,10.);
#255=VECTOR('',#2124,10.);
#256=VECTOR('',#2125,10.);
#257=VECTOR('',#2126,10.);
#258=VECTOR('',#2127,10.);
#259=VECTOR('',#2128,10.);
#260=VECTOR('',#2129,10.);
#261=VECTOR('',#2130,10.);
#262=VECTOR('',#2131,10.);
#263=VECTOR('',#2132,10.);
#264=VECTOR('',#2133,10.);
#265=VECTOR('',#2134,10.);
#266=VECTOR('',#2135,10.);
#267=VECTOR('',#2136,10.);
#268=VECTOR('',#2137,10.);
#269=VECTOR('',#2138,10.);
#270=VECTOR('',#2139,10.);
#271=VECTOR('',#2140,10.);
#272=VECTOR('',#2141,10.);
#273=VECTOR('',#2142,10.);
#274=VECTOR('',#2143,10.);
#275=VECTOR('',#2144,10.);
#276=VECTOR('',#2145,10.);
#277=VECTOR('',#2146,10.);
#278=VECTOR('',#2147,10.);
#279=VECTOR('',#2148,10.);
#280=VECTOR('',#2149,10.);
#281=VECTOR('',#2150,10.);
#282=VECTOR('',#2151,10.);
#283=VECTOR('',#2152,10.);
#284=VECTOR('',#2153,10.);
#285=VECTOR('',#2154,10.);
#286=VECTOR('',#2155,10.);
#287=VECTOR('',#2182,10.4);
#288=VECTOR('',#2185,10.);
#289=VECTOR('',#2186,10.);
#290=VECTOR('',#2187,10.);
#291=VECTOR('',#2192,10.);
#292=VECTOR('',#2195,10.);
#293=VECTOR('',#2196,10.);
#294=VECTOR('',#2199,10.);
#295=VECTOR('',#2200,10.);
#296=VECTOR('',#2201,10.);
#297=VECTOR('',#2206,10.);
#298=VECTOR('',#2209,10.);
#299=VECTOR('',#2210,10.);
#300=VECTOR('',#2213,10.);
#301=VECTOR('',#2214,10.);
#302=VECTOR('',#2215,10.);
#303=VECTOR('',#2220,10.);
#304=VECTOR('',#2223,10.);
#305=VECTOR('',#2224,10.);
#306=VECTOR('',#2227,10.);
#307=VECTOR('',#2228,10.);
#308=VECTOR('',#2229,10.);
#309=VECTOR('',#2234,10.);
#310=VECTOR('',#2237,10.);
#311=VECTOR('',#2238,10.);
#312=VECTOR('',#2241,10.);
#313=VECTOR('',#2242,10.);
#314=VECTOR('',#2243,10.);
#315=VECTOR('',#2248,10.);
#316=VECTOR('',#2251,10.);
#317=VECTOR('',#2252,10.);
#318=VECTOR('',#2255,10.);
#319=VECTOR('',#2256,10.);
#320=VECTOR('',#2257,10.);
#321=VECTOR('',#2262,10.);
#322=VECTOR('',#2265,10.);
#323=VECTOR('',#2266,10.);
#324=VECTOR('',#2269,10.);
#325=VECTOR('',#2270,10.);
#326=VECTOR('',#2273,10.);
#327=VECTOR('',#2274,10.);
#328=VECTOR('',#2277,10.);
#329=VECTOR('',#2278,10.);
#330=VECTOR('',#2281,10.);
#331=VECTOR('',#2282,10.);
#332=VECTOR('',#2285,10.);
#333=VECTOR('',#2286,10.);
#334=VECTOR('',#2289,10.);
#335=VECTOR('',#2290,10.);
#336=VECTOR('',#2293,10.);
#337=VECTOR('',#2294,10.);
#338=VECTOR('',#2297,10.);
#339=VECTOR('',#2298,10.);
#340=VECTOR('',#2301,10.);
#341=VECTOR('',#2302,10.);
#342=VECTOR('',#2305,10.);
#343=VECTOR('',#2306,10.);
#344=VECTOR('',#2309,10.);
#345=VECTOR('',#2310,10.);
#346=VECTOR('',#2313,10.);
#347=VECTOR('',#2314,10.);
#348=VECTOR('',#2317,10.5);
#349=VECTOR('',#2322,10.);
#350=VECTOR('',#2323,10.);
#351=VECTOR('',#2324,10.);
#352=VECTOR('',#2327,10.);
#353=VECTOR('',#2330,10.);
#354=VECTOR('',#2331,10.);
#355=VECTOR('',#2334,10.);
#356=VECTOR('',#2335,10.);
#357=VECTOR('',#2336,10.);
#358=VECTOR('',#2339,10.);
#359=VECTOR('',#2342,10.);
#360=VECTOR('',#2343,10.);
#361=VECTOR('',#2346,10.);
#362=VECTOR('',#2347,10.);
#363=VECTOR('',#2348,10.);
#364=VECTOR('',#2351,10.);
#365=VECTOR('',#2354,10.);
#366=VECTOR('',#2355,10.);
#367=VECTOR('',#2358,10.);
#368=VECTOR('',#2359,10.);
#369=VECTOR('',#2360,10.);
#370=VECTOR('',#2363,10.);
#371=VECTOR('',#2366,10.);
#372=VECTOR('',#2367,10.);
#373=VECTOR('',#2370,10.);
#374=VECTOR('',#2371,10.);
#375=VECTOR('',#2372,10.);
#376=VECTOR('',#2375,10.);
#377=VECTOR('',#2378,10.);
#378=VECTOR('',#2379,10.);
#379=VECTOR('',#2382,10.);
#380=VECTOR('',#2383,10.);
#381=VECTOR('',#2384,10.);
#382=VECTOR('',#2387,10.);
#383=VECTOR('',#2390,10.);
#384=VECTOR('',#2393,10.);
#385=VECTOR('',#2394,10.);
#386=VECTOR('',#2395,10.);
#387=VECTOR('',#2398,10.);
#388=VECTOR('',#2401,10.);
#389=VECTOR('',#2402,10.);
#390=VECTOR('',#2403,10.);
#391=VECTOR('',#2406,10.);
#392=VECTOR('',#2409,10.);
#393=VECTOR('',#2410,10.);
#394=VECTOR('',#2411,10.);
#395=VECTOR('',#2414,10.);
#396=VECTOR('',#2417,10.);
#397=VECTOR('',#2418,10.);
#398=VECTOR('',#2419,10.);
#399=VECTOR('',#2422,10.);
#400=VECTOR('',#2425,10.);
#401=VECTOR('',#2426,10.);
#402=VECTOR('',#2427,10.);
#403=VECTOR('',#2430,10.);
#404=VECTOR('',#2431,10.);
#405=VECTOR('',#2434,10.);
#406=VECTOR('',#2435,10.);
#407=VECTOR('',#2436,10.);
#408=VECTOR('',#2439,10.);
#409=VECTOR('',#2454,10.);
#410=VECTOR('',#2457,10.);
#411=VECTOR('',#2460,10.);
#412=VECTOR('',#2463,10.);
#413=VECTOR('',#2466,10.);
#414=VECTOR('',#2469,10.);
#415=VECTOR('',#2472,10.);
#416=VECTOR('',#2475,10.);
#417=VECTOR('',#2478,10.);
#418=VECTOR('',#2481,10.);
#419=VECTOR('',#2484,10.);
#420=VECTOR('',#2487,10.);
#421=VECTOR('',#2490,10.);
#422=VECTOR('',#2493,10.);
#423=VECTOR('',#2496,10.);
#424=VECTOR('',#2499,10.);
#425=VECTOR('',#2502,10.);
#426=VECTOR('',#2505,10.);
#427=VECTOR('',#2508,10.);
#428=VECTOR('',#2511,10.);
#429=VECTOR('',#2514,10.);
#430=VECTOR('',#2517,10.);
#431=VECTOR('',#2520,10.);
#432=VECTOR('',#2523,10.);
#433=CYLINDRICAL_SURFACE('',#1878,6.2);
#434=CYLINDRICAL_SURFACE('',#1883,12.4);
#435=CYLINDRICAL_SURFACE('',#1886,1.7);
#436=CYLINDRICAL_SURFACE('',#1890,1.7);
#437=CYLINDRICAL_SURFACE('',#1894,1.7);
#438=CYLINDRICAL_SURFACE('',#1898,1.7);
#439=CYLINDRICAL_SURFACE('',#1902,3.15);
#440=CYLINDRICAL_SURFACE('',#1909,8.5);
#441=CYLINDRICAL_SURFACE('',#1911,8.5);
#442=CYLINDRICAL_SURFACE('',#1913,8.5);
#443=CYLINDRICAL_SURFACE('',#1915,8.5);
#444=CYLINDRICAL_SURFACE('',#1917,10.4);
#445=CYLINDRICAL_SURFACE('',#1942,10.5);
#446=FACE_BOUND('',#548,.T.);
#447=FACE_BOUND('',#549,.T.);
#448=FACE_BOUND('',#550,.T.);
#449=FACE_BOUND('',#551,.T.);
#450=FACE_BOUND('',#552,.T.);
#451=FACE_BOUND('',#554,.T.);
#452=FACE_BOUND('',#557,.T.);
#453=FACE_BOUND('',#560,.T.);
#454=FACE_BOUND('',#567,.T.);
#455=FACE_BOUND('',#617,.T.);
#456=FACE_OUTER_BOUND('',#547,.T.);
#457=FACE_OUTER_BOUND('',#553,.T.);
#458=FACE_OUTER_BOUND('',#555,.T.);
#459=FACE_OUTER_BOUND('',#556,.T.);
#460=FACE_OUTER_BOUND('',#558,.T.);
#461=FACE_OUTER_BOUND('',#559,.T.);
#462=FACE_OUTER_BOUND('',#561,.T.);
#463=FACE_OUTER_BOUND('',#562,.T.);
#464=FACE_OUTER_BOUND('',#563,.T.);
#465=FACE_OUTER_BOUND('',#564,.T.);
#466=FACE_OUTER_BOUND('',#565,.T.);
#467=FACE_OUTER_BOUND('',#566,.T.);
#468=FACE_OUTER_BOUND('',#568,.T.);
#469=FACE_OUTER_BOUND('',#569,.T.);
#470=FACE_OUTER_BOUND('',#570,.T.);
#471=FACE_OUTER_BOUND('',#571,.T.);
#472=FACE_OUTER_BOUND('',#572,.T.);
#473=FACE_OUTER_BOUND('',#573,.T.);
#474=FACE_OUTER_BOUND('',#574,.T.);
#475=FACE_OUTER_BOUND('',#575,.T.);
#476=FACE_OUTER_BOUND('',#576,.T.);
#477=FACE_OUTER_BOUND('',#577,.T.);
#478=FACE_OUTER_BOUND('',#578,.T.);
#479=FACE_OUTER_BOUND('',#579,.T.);
#480=FACE_OUTER_BOUND('',#580,.T.);
#481=FACE_OUTER_BOUND('',#581,.T.);
#482=FACE_OUTER_BOUND('',#582,.T.);
#483=FACE_OUTER_BOUND('',#583,.T.);
#484=FACE_OUTER_BOUND('',#584,.T.);
#485=FACE_OUTER_BOUND('',#585,.T.);
#486=FACE_OUTER_BOUND('',#586,.T.);
#487=FACE_OUTER_BOUND('',#587,.T.);
#488=FACE_OUTER_BOUND('',#588,.T.);
#489=FACE_OUTER_BOUND('',#589,.T.);
#490=FACE_OUTER_BOUND('',#590,.T.);
#491=FACE_OUTER_BOUND('',#591,.T.);
#492=FACE_OUTER_BOUND('',#592,.T.);
#493=FACE_OUTER_BOUND('',#593,.T.);
#494=FACE_OUTER_BOUND('',#594,.T.);
#495=FACE_OUTER_BOUND('',#595,.T.);
#496=FACE_OUTER_BOUND('',#596,.T.);
#497=FACE_OUTER_BOUND('',#597,.T.);
#498=FACE_OUTER_BOUND('',#598,.T.);
#499=FACE_OUTER_BOUND('',#599,.T.);
#500=FACE_OUTER_BOUND('',#600,.T.);
#501=FACE_OUTER_BOUND('',#601,.T.);
#502=FACE_OUTER_BOUND('',#602,.T.);
#503=FACE_OUTER_BOUND('',#603,.T.);
#504=FACE_OUTER_BOUND('',#604,.T.);
#505=FACE_OUTER_BOUND('',#605,.T.);
#506=FACE_OUTER_BOUND('',#606,.T.);
#507=FACE_OUTER_BOUND('',#607,.T.);
#508=FACE_OUTER_BOUND('',#608,.T.);
#509=FACE_OUTER_BOUND('',#609,.T.);
#510=FACE_OUTER_BOUND('',#610,.T.);
#511=FACE_OUTER_BOUND('',#611,.T.);
#512=FACE_OUTER_BOUND('',#612,.T.);
#513=FACE_OUTER_BOUND('',#613,.T.);
#514=FACE_OUTER_BOUND('',#614,.T.);
#515=FACE_OUTER_BOUND('',#615,.T.);
#516=FACE_OUTER_BOUND('',#616,.T.);
#517=FACE_OUTER_BOUND('',#618,.T.);
#518=FACE_OUTER_BOUND('',#619,.T.);
#519=FACE_OUTER_BOUND('',#620,.T.);
#520=FACE_OUTER_BOUND('',#621,.T.);
#521=FACE_OUTER_BOUND('',#622,.T.);
#522=FACE_OUTER_BOUND('',#623,.T.);
#523=FACE_OUTER_BOUND('',#624,.T.);
#524=FACE_OUTER_BOUND('',#625,.T.);
#525=FACE_OUTER_BOUND('',#626,.T.);
#526=FACE_OUTER_BOUND('',#627,.T.);
#527=FACE_OUTER_BOUND('',#628,.T.);
#528=FACE_OUTER_BOUND('',#629,.T.);
#529=FACE_OUTER_BOUND('',#630,.T.);
#530=FACE_OUTER_BOUND('',#631,.T.);
#531=FACE_OUTER_BOUND('',#632,.T.);
#532=FACE_OUTER_BOUND('',#633,.T.);
#533=FACE_OUTER_BOUND('',#634,.T.);
#534=FACE_OUTER_BOUND('',#635,.T.);
#535=FACE_OUTER_BOUND('',#636,.T.);
#536=FACE_OUTER_BOUND('',#637,.T.);
#537=FACE_OUTER_BOUND('',#638,.T.);
#538=FACE_OUTER_BOUND('',#639,.T.);
#539=FACE_OUTER_BOUND('',#640,.T.);
#540=FACE_OUTER_BOUND('',#641,.T.);
#541=FACE_OUTER_BOUND('',#642,.T.);
#542=FACE_OUTER_BOUND('',#643,.T.);
#543=FACE_OUTER_BOUND('',#644,.T.);
#544=FACE_OUTER_BOUND('',#645,.T.);
#545=FACE_OUTER_BOUND('',#646,.T.);
#546=FACE_OUTER_BOUND('',#647,.T.);
#547=EDGE_LOOP('',(#1151));
#548=EDGE_LOOP('',(#1152));
#549=EDGE_LOOP('',(#1153));
#550=EDGE_LOOP('',(#1154));
#551=EDGE_LOOP('',(#1155));
#552=EDGE_LOOP('',(#1156));
#553=EDGE_LOOP('',(#1157));
#554=EDGE_LOOP('',(#1158));
#555=EDGE_LOOP('',(#1159,#1160,#1161,#1162));
#556=EDGE_LOOP('',(#1163));
#557=EDGE_LOOP('',(#1164));
#558=EDGE_LOOP('',(#1165,#1166,#1167,#1168));
#559=EDGE_LOOP('',(#1169));
#560=EDGE_LOOP('',(#1170));
#561=EDGE_LOOP('',(#1171,#1172,#1173,#1174,#1175,#1176,#1177,#1178));
#562=EDGE_LOOP('',(#1179,#1180,#1181,#1182,#1183,#1184,#1185,#1186));
#563=EDGE_LOOP('',(#1187,#1188,#1189,#1190,#1191,#1192,#1193,#1194));
#564=EDGE_LOOP('',(#1195,#1196,#1197,#1198,#1199,#1200,#1201,#1202));
#565=EDGE_LOOP('',(#1203,#1204,#1205,#1206));
#566=EDGE_LOOP('',(#1207,#1208,#1209,#1210,#1211,#1212,#1213,#1214,#1215,
#1216,#1217,#1218,#1219,#1220,#1221,#1222,#1223,#1224,#1225,#1226,#1227,
#1228,#1229,#1230,#1231,#1232,#1233,#1234,#1235,#1236,#1237,#1238,#1239,
#1240,#1241,#1242,#1243,#1244,#1245,#1246,#1247,#1248,#1249,#1250,#1251,
#1252,#1253,#1254));
#567=EDGE_LOOP('',(#1255,#1256,#1257,#1258,#1259,#1260,#1261,#1262,#1263));
#568=EDGE_LOOP('',(#1264,#1265,#1266,#1267));
#569=EDGE_LOOP('',(#1268,#1269,#1270,#1271));
#570=EDGE_LOOP('',(#1272,#1273,#1274,#1275));
#571=EDGE_LOOP('',(#1276,#1277,#1278,#1279));
#572=EDGE_LOOP('',(#1280,#1281,#1282,#1283));
#573=EDGE_LOOP('',(#1284,#1285,#1286,#1287));
#574=EDGE_LOOP('',(#1288,#1289,#1290,#1291));
#575=EDGE_LOOP('',(#1292,#1293,#1294,#1295));
#576=EDGE_LOOP('',(#1296,#1297,#1298,#1299));
#577=EDGE_LOOP('',(#1300,#1301,#1302,#1303));
#578=EDGE_LOOP('',(#1304,#1305,#1306,#1307));
#579=EDGE_LOOP('',(#1308,#1309,#1310,#1311));
#580=EDGE_LOOP('',(#1312,#1313,#1314,#1315));
#581=EDGE_LOOP('',(#1316,#1317,#1318,#1319));
#582=EDGE_LOOP('',(#1320,#1321,#1322,#1323));
#583=EDGE_LOOP('',(#1324,#1325,#1326,#1327));
#584=EDGE_LOOP('',(#1328,#1329,#1330,#1331));
#585=EDGE_LOOP('',(#1332,#1333,#1334,#1335,#1336,#1337,#1338,#1339,#1340,
#1341,#1342,#1343,#1344,#1345,#1346,#1347,#1348,#1349,#1350,#1351,#1352,
#1353,#1354,#1355,#1356,#1357,#1358,#1359,#1360,#1361,#1362,#1363,#1364,
#1365,#1366,#1367,#1368,#1369,#1370,#1371,#1372,#1373,#1374,#1375,#1376,
#1377,#1378,#1379,#1380,#1381,#1382,#1383));
#586=EDGE_LOOP('',(#1384,#1385,#1386,#1387,#1388,#1389));
#587=EDGE_LOOP('',(#1390,#1391,#1392,#1393));
#588=EDGE_LOOP('',(#1394,#1395,#1396,#1397,#1398,#1399));
#589=EDGE_LOOP('',(#1400,#1401,#1402,#1403,#1404,#1405));
#590=EDGE_LOOP('',(#1406,#1407,#1408,#1409));
#591=EDGE_LOOP('',(#1410,#1411,#1412,#1413,#1414,#1415));
#592=EDGE_LOOP('',(#1416,#1417,#1418,#1419,#1420,#1421));
#593=EDGE_LOOP('',(#1422,#1423,#1424,#1425));
#594=EDGE_LOOP('',(#1426,#1427,#1428,#1429,#1430,#1431));
#595=EDGE_LOOP('',(#1432,#1433,#1434,#1435,#1436,#1437));
#596=EDGE_LOOP('',(#1438,#1439,#1440,#1441));
#597=EDGE_LOOP('',(#1442,#1443,#1444,#1445,#1446,#1447));
#598=EDGE_LOOP('',(#1448,#1449,#1450,#1451,#1452,#1453));
#599=EDGE_LOOP('',(#1454,#1455,#1456,#1457));
#600=EDGE_LOOP('',(#1458,#1459,#1460,#1461,#1462,#1463));
#601=EDGE_LOOP('',(#1464,#1465,#1466,#1467,#1468,#1469));
#602=EDGE_LOOP('',(#1470,#1471,#1472,#1473));
#603=EDGE_LOOP('',(#1474,#1475,#1476,#1477));
#604=EDGE_LOOP('',(#1478,#1479,#1480,#1481));
#605=EDGE_LOOP('',(#1482,#1483,#1484,#1485));
#606=EDGE_LOOP('',(#1486,#1487,#1488,#1489));
#607=EDGE_LOOP('',(#1490,#1491,#1492,#1493));
#608=EDGE_LOOP('',(#1494,#1495,#1496,#1497));
#609=EDGE_LOOP('',(#1498,#1499,#1500,#1501));
#610=EDGE_LOOP('',(#1502,#1503,#1504,#1505));
#611=EDGE_LOOP('',(#1506,#1507,#1508,#1509));
#612=EDGE_LOOP('',(#1510,#1511,#1512,#1513));
#613=EDGE_LOOP('',(#1514,#1515,#1516,#1517,#1518));
#614=EDGE_LOOP('',(#1519,#1520,#1521,#1522));
#615=EDGE_LOOP('',(#1523,#1524,#1525,#1526,#1527,#1528));
#616=EDGE_LOOP('',(#1529,#1530,#1531,#1532,#1533,#1534,#1535,#1536,#1537,
#1538,#1539));
#617=EDGE_LOOP('',(#1540));
#618=EDGE_LOOP('',(#1541,#1542,#1543,#1544));
#619=EDGE_LOOP('',(#1545,#1546,#1547,#1548));
#620=EDGE_LOOP('',(#1549,#1550,#1551,#1552));
#621=EDGE_LOOP('',(#1553,#1554,#1555,#1556));
#622=EDGE_LOOP('',(#1557,#1558,#1559,#1560));
#623=EDGE_LOOP('',(#1561,#1562,#1563,#1564));
#624=EDGE_LOOP('',(#1565,#1566,#1567,#1568,#1569,#1570));
#625=EDGE_LOOP('',(#1571,#1572,#1573,#1574));
#626=EDGE_LOOP('',(#1575,#1576,#1577,#1578,#1579,#1580));
#627=EDGE_LOOP('',(#1581,#1582,#1583,#1584));
#628=EDGE_LOOP('',(#1585,#1586,#1587,#1588,#1589,#1590));
#629=EDGE_LOOP('',(#1591,#1592,#1593,#1594));
#630=EDGE_LOOP('',(#1595,#1596,#1597,#1598,#1599,#1600));
#631=EDGE_LOOP('',(#1601,#1602,#1603,#1604));
#632=EDGE_LOOP('',(#1605,#1606,#1607,#1608,#1609,#1610));
#633=EDGE_LOOP('',(#1611,#1612,#1613,#1614));
#634=EDGE_LOOP('',(#1615,#1616,#1617,#1618,#1619,#1620));
#635=EDGE_LOOP('',(#1621,#1622,#1623,#1624));
#636=EDGE_LOOP('',(#1625,#1626,#1627,#1628,#1629,#1630));
#637=EDGE_LOOP('',(#1631,#1632,#1633,#1634));
#638=EDGE_LOOP('',(#1635,#1636,#1637,#1638,#1639,#1640));
#639=EDGE_LOOP('',(#1641,#1642,#1643,#1644));
#640=EDGE_LOOP('',(#1645,#1646,#1647,#1648,#1649,#1650));
#641=EDGE_LOOP('',(#1651,#1652,#1653,#1654));
#642=EDGE_LOOP('',(#1655,#1656,#1657,#1658,#1659,#1660));
#643=EDGE_LOOP('',(#1661,#1662,#1663,#1664));
#644=EDGE_LOOP('',(#1665,#1666,#1667,#1668,#1669,#1670));
#645=EDGE_LOOP('',(#1671,#1672,#1673,#1674));
#646=EDGE_LOOP('',(#1675,#1676,#1677,#1678,#1679,#1680));
#647=EDGE_LOOP('',(#1681,#1682,#1683,#1684));
#648=CIRCLE('',#1869,10.4);
#649=CIRCLE('',#1870,3.15);
#650=CIRCLE('',#1871,1.7);
#651=CIRCLE('',#1872,1.7);
#652=CIRCLE('',#1873,1.7);
#653=CIRCLE('',#1874,1.7);
#654=CIRCLE('',#1876,10.4);
#655=CIRCLE('',#1877,6.2);
#656=CIRCLE('',#1879,6.2);
#657=CIRCLE('',#1881,12.4);
#658=CIRCLE('',#1882,10.5);
#659=CIRCLE('',#1884,12.4);
#660=CIRCLE('',#1887,1.7);
#661=CIRCLE('',#1888,1.7);
#662=CIRCLE('',#1889,1.7);
#663=CIRCLE('',#1891,1.7);
#664=CIRCLE('',#1892,1.7);
#665=CIRCLE('',#1893,1.7);
#666=CIRCLE('',#1895,1.7);
#667=CIRCLE('',#1896,1.7);
#668=CIRCLE('',#1897,1.7);
#669=CIRCLE('',#1899,1.7);
#670=CIRCLE('',#1900,1.7);
#671=CIRCLE('',#1901,1.7);
#672=CIRCLE('',#1903,3.15);
#673=CIRCLE('',#1905,8.5);
#674=CIRCLE('',#1906,8.5);
#675=CIRCLE('',#1907,8.5);
#676=CIRCLE('',#1908,8.5);
#677=CIRCLE('',#1910,8.5);
#678=CIRCLE('',#1912,8.5);
#679=CIRCLE('',#1914,8.5);
#680=CIRCLE('',#1916,8.5);
#681=CIRCLE('',#1919,10.5);
#682=CIRCLE('',#1921,10.5);
#683=CIRCLE('',#1923,10.5);
#684=CIRCLE('',#1925,10.5);
#685=CIRCLE('',#1927,10.5);
#686=CIRCLE('',#1929,10.5);
#687=CIRCLE('',#1931,10.5);
#688=CIRCLE('',#1933,10.5);
#689=CIRCLE('',#1935,10.5);
#690=CIRCLE('',#1937,10.5);
#691=CIRCLE('',#1939,10.5);
#692=CIRCLE('',#1941,10.5);
#693=CIRCLE('',#1943,10.5);
#694=CIRCLE('',#1944,10.5);
#695=CIRCLE('',#1945,10.5);
#696=CIRCLE('',#1946,10.5);
#697=CIRCLE('',#1947,10.5);
#698=CIRCLE('',#1948,10.5);
#699=CIRCLE('',#1949,10.5);
#700=CIRCLE('',#1950,10.5);
#701=CIRCLE('',#1951,10.5);
#702=CIRCLE('',#1952,10.5);
#703=CIRCLE('',#1953,10.5);
#704=CIRCLE('',#1954,10.5);
#705=CIRCLE('',#1955,10.5);
#706=VERTEX_POINT('',#2528);
#707=VERTEX_POINT('',#2530);
#708=VERTEX_POINT('',#2532);
#709=VERTEX_POINT('',#2534);
#710=VERTEX_POINT('',#2536);
#711=VERTEX_POINT('',#2538);
#712=VERTEX_POINT('',#2541);
#713=VERTEX_POINT('',#2543);
#714=VERTEX_POINT('',#2546);
#715=VERTEX_POINT('',#2550);
#716=VERTEX_POINT('',#2552);
#717=VERTEX_POINT('',#2555);
#718=VERTEX_POINT('',#2560);
#719=VERTEX_POINT('',#2562);
#720=VERTEX_POINT('',#2564);
#721=VERTEX_POINT('',#2566);
#722=VERTEX_POINT('',#2568);
#723=VERTEX_POINT('',#2572);
#724=VERTEX_POINT('',#2574);
#725=VERTEX_POINT('',#2576);
#726=VERTEX_POINT('',#2578);
#727=VERTEX_POINT('',#2580);
#728=VERTEX_POINT('',#2584);
#729=VERTEX_POINT('',#2586);
#730=VERTEX_POINT('',#2588);
#731=VERTEX_POINT('',#2590);
#732=VERTEX_POINT('',#2592);
#733=VERTEX_POINT('',#2596);
#734=VERTEX_POINT('',#2598);
#735=VERTEX_POINT('',#2600);
#736=VERTEX_POINT('',#2602);
#737=VERTEX_POINT('',#2604);
#738=VERTEX_POINT('',#2608);
#739=VERTEX_POINT('',#2612);
#740=VERTEX_POINT('',#2613);
#741=VERTEX_POINT('',#2615);
#742=VERTEX_POINT('',#2617);
#743=VERTEX_POINT('',#2619);
#744=VERTEX_POINT('',#2621);
#745=VERTEX_POINT('',#2623);
#746=VERTEX_POINT('',#2625);
#747=VERTEX_POINT('',#2627);
#748=VERTEX_POINT('',#2629);
#749=VERTEX_POINT('',#2631);
#750=VERTEX_POINT('',#2633);
#751=VERTEX_POINT('',#2635);
#752=VERTEX_POINT('',#2637);
#753=VERTEX_POINT('',#2639);
#754=VERTEX_POINT('',#2641);
#755=VERTEX_POINT('',#2643);
#756=VERTEX_POINT('',#2645);
#757=VERTEX_POINT('',#2647);
#758=VERTEX_POINT('',#2649);
#759=VERTEX_POINT('',#2651);
#760=VERTEX_POINT('',#2653);
#761=VERTEX_POINT('',#2655);
#762=VERTEX_POINT('',#2657);
#763=VERTEX_POINT('',#2659);
#764=VERTEX_POINT('',#2661);
#765=VERTEX_POINT('',#2663);
#766=VERTEX_POINT('',#2665);
#767=VERTEX_POINT('',#2667);
#768=VERTEX_POINT('',#2669);
#769=VERTEX_POINT('',#2671);
#770=VERTEX_POINT('',#2673);
#771=VERTEX_POINT('',#2675);
#772=VERTEX_POINT('',#2677);
#773=VERTEX_POINT('',#2679);
#774=VERTEX_POINT('',#2681);
#775=VERTEX_POINT('',#2683);
#776=VERTEX_POINT('',#2685);
#777=VERTEX_POINT('',#2687);
#778=VERTEX_POINT('',#2689);
#779=VERTEX_POINT('',#2691);
#780=VERTEX_POINT('',#2693);
#781=VERTEX_POINT('',#2695);
#782=VERTEX_POINT('',#2697);
#783=VERTEX_POINT('',#2699);
#784=VERTEX_POINT('',#2701);
#785=VERTEX_POINT('',#2703);
#786=VERTEX_POINT('',#2705);
#787=VERTEX_POINT('',#2723);
#788=VERTEX_POINT('',#2724);
#789=VERTEX_POINT('',#2726);
#790=VERTEX_POINT('',#2728);
#791=VERTEX_POINT('',#2732);
#792=VERTEX_POINT('',#2733);
#793=VERTEX_POINT('',#2735);
#794=VERTEX_POINT('',#2737);
#795=VERTEX_POINT('',#2741);
#796=VERTEX_POINT('',#2742);
#797=VERTEX_POINT('',#2744);
#798=VERTEX_POINT('',#2746);
#799=VERTEX_POINT('',#2750);
#800=VERTEX_POINT('',#2751);
#801=VERTEX_POINT('',#2753);
#802=VERTEX_POINT('',#2755);
#803=VERTEX_POINT('',#2759);
#804=VERTEX_POINT('',#2760);
#805=VERTEX_POINT('',#2762);
#806=VERTEX_POINT('',#2764);
#807=VERTEX_POINT('',#2768);
#808=VERTEX_POINT('',#2769);
#809=VERTEX_POINT('',#2771);
#810=VERTEX_POINT('',#2773);
#811=VERTEX_POINT('',#2777);
#812=VERTEX_POINT('',#2778);
#813=VERTEX_POINT('',#2780);
#814=VERTEX_POINT('',#2782);
#815=VERTEX_POINT('',#2786);
#816=VERTEX_POINT('',#2787);
#817=VERTEX_POINT('',#2789);
#818=VERTEX_POINT('',#2791);
#819=VERTEX_POINT('',#2795);
#820=VERTEX_POINT('',#2796);
#821=VERTEX_POINT('',#2798);
#822=VERTEX_POINT('',#2800);
#823=VERTEX_POINT('',#2804);
#824=VERTEX_POINT('',#2805);
#825=VERTEX_POINT('',#2807);
#826=VERTEX_POINT('',#2809);
#827=VERTEX_POINT('',#2813);
#828=VERTEX_POINT('',#2814);
#829=VERTEX_POINT('',#2816);
#830=VERTEX_POINT('',#2818);
#831=VERTEX_POINT('',#2822);
#832=VERTEX_POINT('',#2823);
#833=VERTEX_POINT('',#2825);
#834=VERTEX_POINT('',#2827);
#835=VERTEX_POINT('',#2831);
#836=VERTEX_POINT('',#2833);
#837=VERTEX_POINT('',#2835);
#838=VERTEX_POINT('',#2838);
#839=VERTEX_POINT('',#2840);
#840=VERTEX_POINT('',#2843);
#841=VERTEX_POINT('',#2845);
#842=VERTEX_POINT('',#2848);
#843=VERTEX_POINT('',#2850);
#844=VERTEX_POINT('',#2853);
#845=VERTEX_POINT('',#2855);
#846=VERTEX_POINT('',#2858);
#847=VERTEX_POINT('',#2860);
#848=VERTEX_POINT('',#2863);
#849=VERTEX_POINT('',#2865);
#850=VERTEX_POINT('',#2868);
#851=VERTEX_POINT('',#2870);
#852=VERTEX_POINT('',#2873);
#853=VERTEX_POINT('',#2875);
#854=VERTEX_POINT('',#2878);
#855=VERTEX_POINT('',#2880);
#856=VERTEX_POINT('',#2883);
#857=VERTEX_POINT('',#2885);
#858=VERTEX_POINT('',#2888);
#859=VERTEX_POINT('',#2890);
#860=VERTEX_POINT('',#2896);
#861=VERTEX_POINT('',#2902);
#862=VERTEX_POINT('',#2907);
#863=VERTEX_POINT('',#2913);
#864=VERTEX_POINT('',#2918);
#865=VERTEX_POINT('',#2924);
#866=VERTEX_POINT('',#2929);
#867=VERTEX_POINT('',#2935);
#868=VERTEX_POINT('',#2940);
#869=VERTEX_POINT('',#2946);
#870=VERTEX_POINT('',#2951);
#871=VERTEX_POINT('',#2959);
#872=VERTEX_POINT('',#2961);
#873=VERTEX_POINT('',#2967);
#874=VERTEX_POINT('',#2969);
#875=VERTEX_POINT('',#2975);
#876=VERTEX_POINT('',#2977);
#877=VERTEX_POINT('',#2983);
#878=VERTEX_POINT('',#2985);
#879=VERTEX_POINT('',#2991);
#880=VERTEX_POINT('',#2993);
#881=VERTEX_POINT('',#2997);
#882=VERTEX_POINT('',#3001);
#883=VERTEX_POINT('',#3003);
#884=EDGE_CURVE('',#706,#706,#648,.T.);
#885=EDGE_CURVE('',#707,#707,#649,.T.);
#886=EDGE_CURVE('',#708,#708,#650,.T.);
#887=EDGE_CURVE('',#709,#709,#651,.T.);
#888=EDGE_CURVE('',#710,#710,#652,.T.);
#889=EDGE_CURVE('',#711,#711,#653,.T.);
#890=EDGE_CURVE('',#712,#712,#654,.T.);
#891=EDGE_CURVE('',#713,#713,#655,.T.);
#892=EDGE_CURVE('',#714,#714,#656,.T.);
#893=EDGE_CURVE('',#714,#713,#15,.T.);
#894=EDGE_CURVE('',#715,#715,#657,.T.);
#895=EDGE_CURVE('',#716,#716,#658,.T.);
#896=EDGE_CURVE('',#715,#717,#16,.T.);
#897=EDGE_CURVE('',#717,#717,#659,.T.);
#898=EDGE_CURVE('',#711,#718,#17,.T.);
#899=EDGE_CURVE('',#719,#718,#660,.T.);
#900=EDGE_CURVE('',#720,#719,#18,.T.);
#901=EDGE_CURVE('',#721,#720,#661,.T.);
#902=EDGE_CURVE('',#722,#721,#19,.T.);
#903=EDGE_CURVE('',#718,#722,#662,.T.);
#904=EDGE_CURVE('',#710,#723,#20,.T.);
#905=EDGE_CURVE('',#724,#723,#663,.T.);
#906=EDGE_CURVE('',#725,#724,#21,.T.);
#907=EDGE_CURVE('',#726,#725,#664,.T.);
#908=EDGE_CURVE('',#727,#726,#22,.T.);
#909=EDGE_CURVE('',#723,#727,#665,.T.);
#910=EDGE_CURVE('',#709,#728,#23,.T.);
#911=EDGE_CURVE('',#729,#728,#666,.T.);
#912=EDGE_CURVE('',#730,#729,#24,.T.);
#913=EDGE_CURVE('',#731,#730,#667,.T.);
#914=EDGE_CURVE('',#732,#731,#25,.T.);
#915=EDGE_CURVE('',#728,#732,#668,.T.);
#916=EDGE_CURVE('',#708,#733,#26,.T.);
#917=EDGE_CURVE('',#734,#733,#669,.T.);
#918=EDGE_CURVE('',#735,#734,#27,.T.);
#919=EDGE_CURVE('',#736,#735,#670,.T.);
#920=EDGE_CURVE('',#737,#736,#28,.T.);
#921=EDGE_CURVE('',#733,#737,#671,.T.);
#922=EDGE_CURVE('',#707,#738,#29,.T.);
#923=EDGE_CURVE('',#738,#738,#672,.T.);
#924=EDGE_CURVE('',#739,#740,#30,.T.);
#925=EDGE_CURVE('',#740,#741,#31,.T.);
#926=EDGE_CURVE('',#741,#742,#32,.T.);
#927=EDGE_CURVE('',#742,#743,#33,.T.);
#928=EDGE_CURVE('',#743,#744,#34,.T.);
#929=EDGE_CURVE('',#744,#745,#35,.T.);
#930=EDGE_CURVE('',#745,#746,#36,.T.);
#931=EDGE_CURVE('',#746,#747,#37,.T.);
#932=EDGE_CURVE('',#747,#748,#38,.T.);
#933=EDGE_CURVE('',#748,#749,#39,.T.);
#934=EDGE_CURVE('',#749,#750,#40,.T.);
#935=EDGE_CURVE('',#750,#751,#41,.T.);
#936=EDGE_CURVE('',#751,#752,#42,.T.);
#937=EDGE_CURVE('',#752,#753,#43,.T.);
#938=EDGE_CURVE('',#753,#754,#44,.T.);
#939=EDGE_CURVE('',#754,#755,#45,.T.);
#940=EDGE_CURVE('',#755,#756,#46,.T.);
#941=EDGE_CURVE('',#756,#757,#47,.T.);
#942=EDGE_CURVE('',#757,#758,#48,.T.);
#943=EDGE_CURVE('',#758,#759,#49,.T.);
#944=EDGE_CURVE('',#759,#760,#50,.T.);
#945=EDGE_CURVE('',#760,#761,#51,.T.);
#946=EDGE_CURVE('',#761,#762,#52,.T.);
#947=EDGE_CURVE('',#762,#763,#53,.T.);
#948=EDGE_CURVE('',#763,#764,#54,.T.);
#949=EDGE_CURVE('',#764,#765,#55,.T.);
#950=EDGE_CURVE('',#765,#766,#56,.T.);
#951=EDGE_CURVE('',#766,#767,#57,.T.);
#952=EDGE_CURVE('',#767,#768,#58,.T.);
#953=EDGE_CURVE('',#768,#769,#59,.T.);
#954=EDGE_CURVE('',#769,#770,#60,.T.);
#955=EDGE_CURVE('',#770,#771,#61,.T.);
#956=EDGE_CURVE('',#771,#772,#62,.T.);
#957=EDGE_CURVE('',#772,#773,#63,.T.);
#958=EDGE_CURVE('',#773,#774,#64,.T.);
#959=EDGE_CURVE('',#774,#775,#65,.T.);
#960=EDGE_CURVE('',#775,#776,#66,.T.);
#961=EDGE_CURVE('',#776,#777,#67,.T.);
#962=EDGE_CURVE('',#777,#778,#68,.T.);
#963=EDGE_CURVE('',#778,#779,#69,.T.);
#964=EDGE_CURVE('',#779,#780,#70,.T.);
#965=EDGE_CURVE('',#780,#781,#71,.T.);
#966=EDGE_CURVE('',#781,#782,#72,.T.);
#967=EDGE_CURVE('',#782,#783,#73,.T.);
#968=EDGE_CURVE('',#783,#784,#74,.T.);
#969=EDGE_CURVE('',#784,#785,#75,.T.);
#970=EDGE_CURVE('',#785,#786,#76,.T.);
#971=EDGE_CURVE('',#786,#739,#77,.T.);
#972=EDGE_CURVE('',#720,#729,#673,.T.);
#973=EDGE_CURVE('',#732,#726,#674,.T.);
#974=EDGE_CURVE('',#725,#736,#675,.T.);
#975=EDGE_CURVE('',#735,#721,#676,.T.);
#976=EDGE_CURVE('',#737,#724,#677,.T.);
#977=EDGE_CURVE('',#727,#731,#678,.T.);
#978=EDGE_CURVE('',#730,#719,#679,.T.);
#979=EDGE_CURVE('',#722,#734,#680,.T.);
#980=EDGE_CURVE('',#712,#706,#78,.T.);
#981=EDGE_CURVE('',#787,#788,#79,.T.);
#982=EDGE_CURVE('',#789,#787,#80,.T.);
#983=EDGE_CURVE('',#790,#789,#81,.T.);
#984=EDGE_CURVE('',#790,#788,#681,.T.);
#985=EDGE_CURVE('',#791,#792,#82,.T.);
#986=EDGE_CURVE('',#791,#793,#682,.T.);
#987=EDGE_CURVE('',#794,#793,#83,.T.);
#988=EDGE_CURVE('',#792,#794,#84,.T.);
#989=EDGE_CURVE('',#795,#796,#85,.T.);
#990=EDGE_CURVE('',#797,#795,#86,.T.);
#991=EDGE_CURVE('',#798,#797,#87,.T.);
#992=EDGE_CURVE('',#798,#796,#683,.T.);
#993=EDGE_CURVE('',#799,#800,#88,.T.);
#994=EDGE_CURVE('',#799,#801,#684,.T.);
#995=EDGE_CURVE('',#802,#801,#89,.T.);
#996=EDGE_CURVE('',#800,#802,#90,.T.);
#997=EDGE_CURVE('',#803,#804,#91,.T.);
#998=EDGE_CURVE('',#805,#803,#92,.T.);
#999=EDGE_CURVE('',#806,#805,#93,.T.);
#1000=EDGE_CURVE('',#806,#804,#685,.T.);
#1001=EDGE_CURVE('',#807,#808,#94,.T.);
#1002=EDGE_CURVE('',#807,#809,#686,.T.);
#1003=EDGE_CURVE('',#810,#809,#95,.T.);
#1004=EDGE_CURVE('',#808,#810,#96,.T.);
#1005=EDGE_CURVE('',#811,#812,#97,.T.);
#1006=EDGE_CURVE('',#813,#811,#98,.T.);
#1007=EDGE_CURVE('',#814,#813,#99,.T.);
#1008=EDGE_CURVE('',#814,#812,#687,.T.);
#1009=EDGE_CURVE('',#815,#816,#100,.T.);
#1010=EDGE_CURVE('',#815,#817,#688,.T.);
#1011=EDGE_CURVE('',#818,#817,#101,.T.);
#1012=EDGE_CURVE('',#816,#818,#102,.T.);
#1013=EDGE_CURVE('',#819,#820,#103,.T.);
#1014=EDGE_CURVE('',#821,#819,#104,.T.);
#1015=EDGE_CURVE('',#822,#821,#105,.T.);
#1016=EDGE_CURVE('',#822,#820,#689,.T.);
#1017=EDGE_CURVE('',#823,#824,#106,.T.);
#1018=EDGE_CURVE('',#823,#825,#690,.T.);
#1019=EDGE_CURVE('',#826,#825,#107,.T.);
#1020=EDGE_CURVE('',#824,#826,#108,.T.);
#1021=EDGE_CURVE('',#827,#828,#109,.T.);
#1022=EDGE_CURVE('',#829,#827,#110,.T.);
#1023=EDGE_CURVE('',#830,#829,#111,.T.);
#1024=EDGE_CURVE('',#830,#828,#691,.T.);
#1025=EDGE_CURVE('',#831,#832,#112,.T.);
#1026=EDGE_CURVE('',#831,#833,#692,.T.);
#1027=EDGE_CURVE('',#834,#833,#113,.T.);
#1028=EDGE_CURVE('',#832,#834,#114,.T.);
#1029=EDGE_CURVE('',#828,#835,#115,.T.);
#1030=EDGE_CURVE('',#836,#830,#116,.T.);
#1031=EDGE_CURVE('',#837,#836,#693,.T.);
#1032=EDGE_CURVE('',#820,#837,#117,.T.);
#1033=EDGE_CURVE('',#838,#822,#118,.T.);
#1034=EDGE_CURVE('',#839,#838,#694,.T.);
#1035=EDGE_CURVE('',#812,#839,#119,.T.);
#1036=EDGE_CURVE('',#840,#814,#120,.T.);
#1037=EDGE_CURVE('',#841,#840,#695,.T.);
#1038=EDGE_CURVE('',#804,#841,#121,.T.);
#1039=EDGE_CURVE('',#842,#806,#122,.T.);
#1040=EDGE_CURVE('',#843,#842,#696,.T.);
#1041=EDGE_CURVE('',#796,#843,#123,.T.);
#1042=EDGE_CURVE('',#844,#798,#124,.T.);
#1043=EDGE_CURVE('',#845,#844,#697,.T.);
#1044=EDGE_CURVE('',#788,#845,#125,.T.);
#1045=EDGE_CURVE('',#846,#790,#126,.T.);
#1046=EDGE_CURVE('',#847,#846,#698,.T.);
#1047=EDGE_CURVE('',#793,#847,#127,.T.);
#1048=EDGE_CURVE('',#848,#791,#128,.T.);
#1049=EDGE_CURVE('',#849,#848,#699,.T.);
#1050=EDGE_CURVE('',#801,#849,#129,.T.);
#1051=EDGE_CURVE('',#850,#799,#130,.T.);
#1052=EDGE_CURVE('',#851,#850,#700,.T.);
#1053=EDGE_CURVE('',#809,#851,#131,.T.);
#1054=EDGE_CURVE('',#852,#807,#132,.T.);
#1055=EDGE_CURVE('',#853,#852,#701,.T.);
#1056=EDGE_CURVE('',#817,#853,#133,.T.);
#1057=EDGE_CURVE('',#854,#815,#134,.T.);
#1058=EDGE_CURVE('',#855,#854,#702,.T.);
#1059=EDGE_CURVE('',#825,#855,#135,.T.);
#1060=EDGE_CURVE('',#856,#823,#136,.T.);
#1061=EDGE_CURVE('',#857,#856,#703,.T.);
#1062=EDGE_CURVE('',#833,#857,#137,.T.);
#1063=EDGE_CURVE('',#858,#831,#138,.T.);
#1064=EDGE_CURVE('',#859,#858,#704,.T.);
#1065=EDGE_CURVE('',#859,#716,#139,.T.);
#1066=EDGE_CURVE('',#835,#859,#705,.T.);
#1067=EDGE_CURVE('',#832,#767,#140,.T.);
#1068=EDGE_CURVE('',#860,#766,#141,.T.);
#1069=EDGE_CURVE('',#860,#858,#142,.T.);
#1070=EDGE_CURVE('',#834,#768,#143,.T.);
#1071=EDGE_CURVE('',#857,#861,#144,.T.);
#1072=EDGE_CURVE('',#861,#769,#145,.T.);
#1073=EDGE_CURVE('',#824,#771,#146,.T.);
#1074=EDGE_CURVE('',#862,#770,#147,.T.);
#1075=EDGE_CURVE('',#862,#856,#148,.T.);
#1076=EDGE_CURVE('',#826,#772,#149,.T.);
#1077=EDGE_CURVE('',#855,#863,#150,.T.);
#1078=EDGE_CURVE('',#863,#773,#151,.T.);
#1079=EDGE_CURVE('',#816,#775,#152,.T.);
#1080=EDGE_CURVE('',#864,#774,#153,.T.);
#1081=EDGE_CURVE('',#864,#854,#154,.T.);
#1082=EDGE_CURVE('',#818,#776,#155,.T.);
#1083=EDGE_CURVE('',#853,#865,#156,.T.);
#1084=EDGE_CURVE('',#865,#777,#157,.T.);
#1085=EDGE_CURVE('',#808,#779,#158,.T.);
#1086=EDGE_CURVE('',#866,#778,#159,.T.);
#1087=EDGE_CURVE('',#866,#852,#160,.T.);
#1088=EDGE_CURVE('',#810,#780,#161,.T.);
#1089=EDGE_CURVE('',#851,#867,#162,.T.);
#1090=EDGE_CURVE('',#867,#781,#163,.T.);
#1091=EDGE_CURVE('',#800,#783,#164,.T.);
#1092=EDGE_CURVE('',#868,#782,#165,.T.);
#1093=EDGE_CURVE('',#868,#850,#166,.T.);
#1094=EDGE_CURVE('',#802,#784,#167,.T.);
#1095=EDGE_CURVE('',#849,#869,#168,.T.);
#1096=EDGE_CURVE('',#869,#785,#169,.T.);
#1097=EDGE_CURVE('',#792,#739,#170,.T.);
#1098=EDGE_CURVE('',#870,#786,#171,.T.);
#1099=EDGE_CURVE('',#870,#848,#172,.T.);
#1100=EDGE_CURVE('',#794,#740,#173,.T.);
#1101=EDGE_CURVE('',#869,#870,#174,.T.);
#1102=EDGE_CURVE('',#871,#846,#175,.T.);
#1103=EDGE_CURVE('',#872,#871,#176,.T.);
#1104=EDGE_CURVE('',#847,#872,#177,.T.);
#1105=EDGE_CURVE('',#867,#868,#178,.T.);
#1106=EDGE_CURVE('',#873,#844,#179,.T.);
#1107=EDGE_CURVE('',#874,#873,#180,.T.);
#1108=EDGE_CURVE('',#845,#874,#181,.T.);
#1109=EDGE_CURVE('',#865,#866,#182,.T.);
#1110=EDGE_CURVE('',#875,#842,#183,.T.);
#1111=EDGE_CURVE('',#876,#875,#184,.T.);
#1112=EDGE_CURVE('',#843,#876,#185,.T.);
#1113=EDGE_CURVE('',#863,#864,#186,.T.);
#1114=EDGE_CURVE('',#877,#840,#187,.T.);
#1115=EDGE_CURVE('',#878,#877,#188,.T.);
#1116=EDGE_CURVE('',#841,#878,#189,.T.);
#1117=EDGE_CURVE('',#861,#862,#190,.T.);
#1118=EDGE_CURVE('',#879,#838,#191,.T.);
#1119=EDGE_CURVE('',#880,#879,#192,.T.);
#1120=EDGE_CURVE('',#839,#880,#193,.T.);
#1121=EDGE_CURVE('',#881,#860,#194,.T.);
#1122=EDGE_CURVE('',#835,#881,#195,.T.);
#1123=EDGE_CURVE('',#882,#836,#196,.T.);
#1124=EDGE_CURVE('',#883,#882,#197,.T.);
#1125=EDGE_CURVE('',#837,#883,#198,.T.);
#1126=EDGE_CURVE('',#872,#741,#199,.T.);
#1127=EDGE_CURVE('',#881,#765,#200,.T.);
#1128=EDGE_CURVE('',#827,#764,#201,.T.);
#1129=EDGE_CURVE('',#829,#763,#202,.T.);
#1130=EDGE_CURVE('',#882,#762,#203,.T.);
#1131=EDGE_CURVE('',#883,#761,#204,.T.);
#1132=EDGE_CURVE('',#819,#760,#205,.T.);
#1133=EDGE_CURVE('',#821,#759,#206,.T.);
#1134=EDGE_CURVE('',#879,#758,#207,.T.);
#1135=EDGE_CURVE('',#880,#757,#208,.T.);
#1136=EDGE_CURVE('',#811,#756,#209,.T.);
#1137=EDGE_CURVE('',#813,#755,#210,.T.);
#1138=EDGE_CURVE('',#877,#754,#211,.T.);
#1139=EDGE_CURVE('',#878,#753,#212,.T.);
#1140=EDGE_CURVE('',#803,#752,#213,.T.);
#1141=EDGE_CURVE('',#805,#751,#214,.T.);
#1142=EDGE_CURVE('',#875,#750,#215,.T.);
#1143=EDGE_CURVE('',#876,#749,#216,.T.);
#1144=EDGE_CURVE('',#795,#748,#217,.T.);
#1145=EDGE_CURVE('',#797,#747,#218,.T.);
#1146=EDGE_CURVE('',#873,#746,#219,.T.);
#1147=EDGE_CURVE('',#874,#745,#220,.T.);
#1148=EDGE_CURVE('',#787,#744,#221,.T.);
#1149=EDGE_CURVE('',#789,#743,#222,.T.);
#1150=EDGE_CURVE('',#871,#742,#223,.T.);
#1151=ORIENTED_EDGE('',*,*,#884,.F.);
#1152=ORIENTED_EDGE('',*,*,#885,.F.);
#1153=ORIENTED_EDGE('',*,*,#886,.F.);
#1154=ORIENTED_EDGE('',*,*,#887,.F.);
#1155=ORIENTED_EDGE('',*,*,#888,.F.);
#1156=ORIENTED_EDGE('',*,*,#889,.F.);
#1157=ORIENTED_EDGE('',*,*,#890,.T.);
#1158=ORIENTED_EDGE('',*,*,#891,.F.);
#1159=ORIENTED_EDGE('',*,*,#892,.F.);
#1160=ORIENTED_EDGE('',*,*,#893,.T.);
#1161=ORIENTED_EDGE('',*,*,#891,.T.);
#1162=ORIENTED_EDGE('',*,*,#893,.F.);
#1163=ORIENTED_EDGE('',*,*,#894,.T.);
#1164=ORIENTED_EDGE('',*,*,#895,.F.);
#1165=ORIENTED_EDGE('',*,*,#894,.F.);
#1166=ORIENTED_EDGE('',*,*,#896,.T.);
#1167=ORIENTED_EDGE('',*,*,#897,.T.);
#1168=ORIENTED_EDGE('',*,*,#896,.F.);
#1169=ORIENTED_EDGE('',*,*,#897,.F.);
#1170=ORIENTED_EDGE('',*,*,#892,.T.);
#1171=ORIENTED_EDGE('',*,*,#889,.T.);
#1172=ORIENTED_EDGE('',*,*,#898,.T.);
#1173=ORIENTED_EDGE('',*,*,#899,.F.);
#1174=ORIENTED_EDGE('',*,*,#900,.F.);
#1175=ORIENTED_EDGE('',*,*,#901,.F.);
#1176=ORIENTED_EDGE('',*,*,#902,.F.);
#1177=ORIENTED_EDGE('',*,*,#903,.F.);
#1178=ORIENTED_EDGE('',*,*,#898,.F.);
#1179=ORIENTED_EDGE('',*,*,#888,.T.);
#1180=ORIENTED_EDGE('',*,*,#904,.T.);
#1181=ORIENTED_EDGE('',*,*,#905,.F.);
#1182=ORIENTED_EDGE('',*,*,#906,.F.);
#1183=ORIENTED_EDGE('',*,*,#907,.F.);
#1184=ORIENTED_EDGE('',*,*,#908,.F.);
#1185=ORIENTED_EDGE('',*,*,#909,.F.);
#1186=ORIENTED_EDGE('',*,*,#904,.F.);
#1187=ORIENTED_EDGE('',*,*,#887,.T.);
#1188=ORIENTED_EDGE('',*,*,#910,.T.);
#1189=ORIENTED_EDGE('',*,*,#911,.F.);
#1190=ORIENTED_EDGE('',*,*,#912,.F.);
#1191=ORIENTED_EDGE('',*,*,#913,.F.);
#1192=ORIENTED_EDGE('',*,*,#914,.F.);
#1193=ORIENTED_EDGE('',*,*,#915,.F.);
#1194=ORIENTED_EDGE('',*,*,#910,.F.);
#1195=ORIENTED_EDGE('',*,*,#886,.T.);
#1196=ORIENTED_EDGE('',*,*,#916,.T.);
#1197=ORIENTED_EDGE('',*,*,#917,.F.);
#1198=ORIENTED_EDGE('',*,*,#918,.F.);
#1199=ORIENTED_EDGE('',*,*,#919,.F.);
#1200=ORIENTED_EDGE('',*,*,#920,.F.);
#1201=ORIENTED_EDGE('',*,*,#921,.F.);
#1202=ORIENTED_EDGE('',*,*,#916,.F.);
#1203=ORIENTED_EDGE('',*,*,#885,.T.);
#1204=ORIENTED_EDGE('',*,*,#922,.T.);
#1205=ORIENTED_EDGE('',*,*,#923,.F.);
#1206=ORIENTED_EDGE('',*,*,#922,.F.);
#1207=ORIENTED_EDGE('',*,*,#924,.T.);
#1208=ORIENTED_EDGE('',*,*,#925,.T.);
#1209=ORIENTED_EDGE('',*,*,#926,.T.);
#1210=ORIENTED_EDGE('',*,*,#927,.T.);
#1211=ORIENTED_EDGE('',*,*,#928,.T.);
#1212=ORIENTED_EDGE('',*,*,#929,.T.);
#1213=ORIENTED_EDGE('',*,*,#930,.T.);
#1214=ORIENTED_EDGE('',*,*,#931,.T.);
#1215=ORIENTED_EDGE('',*,*,#932,.T.);
#1216=ORIENTED_EDGE('',*,*,#933,.T.);
#1217=ORIENTED_EDGE('',*,*,#934,.T.);
#1218=ORIENTED_EDGE('',*,*,#935,.T.);
#1219=ORIENTED_EDGE('',*,*,#936,.T.);
#1220=ORIENTED_EDGE('',*,*,#937,.T.);
#1221=ORIENTED_EDGE('',*,*,#938,.T.);
#1222=ORIENTED_EDGE('',*,*,#939,.T.);
#1223=ORIENTED_EDGE('',*,*,#940,.T.);
#1224=ORIENTED_EDGE('',*,*,#941,.T.);
#1225=ORIENTED_EDGE('',*,*,#942,.T.);
#1226=ORIENTED_EDGE('',*,*,#943,.T.);
#1227=ORIENTED_EDGE('',*,*,#944,.T.);
#1228=ORIENTED_EDGE('',*,*,#945,.T.);
#1229=ORIENTED_EDGE('',*,*,#946,.T.);
#1230=ORIENTED_EDGE('',*,*,#947,.T.);
#1231=ORIENTED_EDGE('',*,*,#948,.T.);
#1232=ORIENTED_EDGE('',*,*,#949,.T.);
#1233=ORIENTED_EDGE('',*,*,#950,.T.);
#1234=ORIENTED_EDGE('',*,*,#951,.T.);
#1235=ORIENTED_EDGE('',*,*,#952,.T.);
#1236=ORIENTED_EDGE('',*,*,#953,.T.);
#1237=ORIENTED_EDGE('',*,*,#954,.T.);
#1238=ORIENTED_EDGE('',*,*,#955,.T.);
#1239=ORIENTED_EDGE('',*,*,#956,.T.);
#1240=ORIENTED_EDGE('',*,*,#957,.T.);
#1241=ORIENTED_EDGE('',*,*,#958,.T.);
#1242=ORIENTED_EDGE('',*,*,#959,.T.);
#1243=ORIENTED_EDGE('',*,*,#960,.T.);
#1244=ORIENTED_EDGE('',*,*,#961,.T.);
#1245=ORIENTED_EDGE('',*,*,#962,.T.);
#1246=ORIENTED_EDGE('',*,*,#963,.T.);
#1247=ORIENTED_EDGE('',*,*,#964,.T.);
#1248=ORIENTED_EDGE('',*,*,#965,.T.);
#1249=ORIENTED_EDGE('',*,*,#966,.T.);
#1250=ORIENTED_EDGE('',*,*,#967,.T.);
#1251=ORIENTED_EDGE('',*,*,#968,.T.);
#1252=ORIENTED_EDGE('',*,*,#969,.T.);
#1253=ORIENTED_EDGE('',*,*,#970,.T.);
#1254=ORIENTED_EDGE('',*,*,#971,.T.);
#1255=ORIENTED_EDGE('',*,*,#901,.T.);
#1256=ORIENTED_EDGE('',*,*,#972,.T.);
#1257=ORIENTED_EDGE('',*,*,#911,.T.);
#1258=ORIENTED_EDGE('',*,*,#915,.T.);
#1259=ORIENTED_EDGE('',*,*,#973,.T.);
#1260=ORIENTED_EDGE('',*,*,#907,.T.);
#1261=ORIENTED_EDGE('',*,*,#974,.T.);
#1262=ORIENTED_EDGE('',*,*,#919,.T.);
#1263=ORIENTED_EDGE('',*,*,#975,.T.);
#1264=ORIENTED_EDGE('',*,*,#906,.T.);
#1265=ORIENTED_EDGE('',*,*,#976,.F.);
#1266=ORIENTED_EDGE('',*,*,#920,.T.);
#1267=ORIENTED_EDGE('',*,*,#974,.F.);
#1268=ORIENTED_EDGE('',*,*,#908,.T.);
#1269=ORIENTED_EDGE('',*,*,#973,.F.);
#1270=ORIENTED_EDGE('',*,*,#914,.T.);
#1271=ORIENTED_EDGE('',*,*,#977,.F.);
#1272=ORIENTED_EDGE('',*,*,#900,.T.);
#1273=ORIENTED_EDGE('',*,*,#978,.F.);
#1274=ORIENTED_EDGE('',*,*,#912,.T.);
#1275=ORIENTED_EDGE('',*,*,#972,.F.);
#1276=ORIENTED_EDGE('',*,*,#902,.T.);
#1277=ORIENTED_EDGE('',*,*,#975,.F.);
#1278=ORIENTED_EDGE('',*,*,#918,.T.);
#1279=ORIENTED_EDGE('',*,*,#979,.F.);
#1280=ORIENTED_EDGE('',*,*,#890,.F.);
#1281=ORIENTED_EDGE('',*,*,#980,.T.);
#1282=ORIENTED_EDGE('',*,*,#884,.T.);
#1283=ORIENTED_EDGE('',*,*,#980,.F.);
#1284=ORIENTED_EDGE('',*,*,#981,.F.);
#1285=ORIENTED_EDGE('',*,*,#982,.F.);
#1286=ORIENTED_EDGE('',*,*,#983,.F.);
#1287=ORIENTED_EDGE('',*,*,#984,.T.);
#1288=ORIENTED_EDGE('',*,*,#985,.F.);
#1289=ORIENTED_EDGE('',*,*,#986,.T.);
#1290=ORIENTED_EDGE('',*,*,#987,.F.);
#1291=ORIENTED_EDGE('',*,*,#988,.F.);
#1292=ORIENTED_EDGE('',*,*,#989,.F.);
#1293=ORIENTED_EDGE('',*,*,#990,.F.);
#1294=ORIENTED_EDGE('',*,*,#991,.F.);
#1295=ORIENTED_EDGE('',*,*,#992,.T.);
#1296=ORIENTED_EDGE('',*,*,#993,.F.);
#1297=ORIENTED_EDGE('',*,*,#994,.T.);
#1298=ORIENTED_EDGE('',*,*,#995,.F.);
#1299=ORIENTED_EDGE('',*,*,#996,.F.);
#1300=ORIENTED_EDGE('',*,*,#997,.F.);
#1301=ORIENTED_EDGE('',*,*,#998,.F.);
#1302=ORIENTED_EDGE('',*,*,#999,.F.);
#1303=ORIENTED_EDGE('',*,*,#1000,.T.);
#1304=ORIENTED_EDGE('',*,*,#1001,.F.);
#1305=ORIENTED_EDGE('',*,*,#1002,.T.);
#1306=ORIENTED_EDGE('',*,*,#1003,.F.);
#1307=ORIENTED_EDGE('',*,*,#1004,.F.);
#1308=ORIENTED_EDGE('',*,*,#1005,.F.);
#1309=ORIENTED_EDGE('',*,*,#1006,.F.);
#1310=ORIENTED_EDGE('',*,*,#1007,.F.);
#1311=ORIENTED_EDGE('',*,*,#1008,.T.);
#1312=ORIENTED_EDGE('',*,*,#1009,.F.);
#1313=ORIENTED_EDGE('',*,*,#1010,.T.);
#1314=ORIENTED_EDGE('',*,*,#1011,.F.);
#1315=ORIENTED_EDGE('',*,*,#1012,.F.);
#1316=ORIENTED_EDGE('',*,*,#1013,.F.);
#1317=ORIENTED_EDGE('',*,*,#1014,.F.);
#1318=ORIENTED_EDGE('',*,*,#1015,.F.);
#1319=ORIENTED_EDGE('',*,*,#1016,.T.);
#1320=ORIENTED_EDGE('',*,*,#1017,.F.);
#1321=ORIENTED_EDGE('',*,*,#1018,.T.);
#1322=ORIENTED_EDGE('',*,*,#1019,.F.);
#1323=ORIENTED_EDGE('',*,*,#1020,.F.);
#1324=ORIENTED_EDGE('',*,*,#1021,.F.);
#1325=ORIENTED_EDGE('',*,*,#1022,.F.);
#1326=ORIENTED_EDGE('',*,*,#1023,.F.);
#1327=ORIENTED_EDGE('',*,*,#1024,.T.);
#1328=ORIENTED_EDGE('',*,*,#1025,.F.);
#1329=ORIENTED_EDGE('',*,*,#1026,.T.);
#1330=ORIENTED_EDGE('',*,*,#1027,.F.);
#1331=ORIENTED_EDGE('',*,*,#1028,.F.);
#1332=ORIENTED_EDGE('',*,*,#1029,.F.);
#1333=ORIENTED_EDGE('',*,*,#1024,.F.);
#1334=ORIENTED_EDGE('',*,*,#1030,.F.);
#1335=ORIENTED_EDGE('',*,*,#1031,.F.);
#1336=ORIENTED_EDGE('',*,*,#1032,.F.);
#1337=ORIENTED_EDGE('',*,*,#1016,.F.);
#1338=ORIENTED_EDGE('',*,*,#1033,.F.);
#1339=ORIENTED_EDGE('',*,*,#1034,.F.);
#1340=ORIENTED_EDGE('',*,*,#1035,.F.);
#1341=ORIENTED_EDGE('',*,*,#1008,.F.);
#1342=ORIENTED_EDGE('',*,*,#1036,.F.);
#1343=ORIENTED_EDGE('',*,*,#1037,.F.);
#1344=ORIENTED_EDGE('',*,*,#1038,.F.);
#1345=ORIENTED_EDGE('',*,*,#1000,.F.);
#1346=ORIENTED_EDGE('',*,*,#1039,.F.);
#1347=ORIENTED_EDGE('',*,*,#1040,.F.);
#1348=ORIENTED_EDGE('',*,*,#1041,.F.);
#1349=ORIENTED_EDGE('',*,*,#992,.F.);
#1350=ORIENTED_EDGE('',*,*,#1042,.F.);
#1351=ORIENTED_EDGE('',*,*,#1043,.F.);
#1352=ORIENTED_EDGE('',*,*,#1044,.F.);
#1353=ORIENTED_EDGE('',*,*,#984,.F.);
#1354=ORIENTED_EDGE('',*,*,#1045,.F.);
#1355=ORIENTED_EDGE('',*,*,#1046,.F.);
#1356=ORIENTED_EDGE('',*,*,#1047,.F.);
#1357=ORIENTED_EDGE('',*,*,#986,.F.);
#1358=ORIENTED_EDGE('',*,*,#1048,.F.);
#1359=ORIENTED_EDGE('',*,*,#1049,.F.);
#1360=ORIENTED_EDGE('',*,*,#1050,.F.);
#1361=ORIENTED_EDGE('',*,*,#994,.F.);
#1362=ORIENTED_EDGE('',*,*,#1051,.F.);
#1363=ORIENTED_EDGE('',*,*,#1052,.F.);
#1364=ORIENTED_EDGE('',*,*,#1053,.F.);
#1365=ORIENTED_EDGE('',*,*,#1002,.F.);
#1366=ORIENTED_EDGE('',*,*,#1054,.F.);
#1367=ORIENTED_EDGE('',*,*,#1055,.F.);
#1368=ORIENTED_EDGE('',*,*,#1056,.F.);
#1369=ORIENTED_EDGE('',*,*,#1010,.F.);
#1370=ORIENTED_EDGE('',*,*,#1057,.F.);
#1371=ORIENTED_EDGE('',*,*,#1058,.F.);
#1372=ORIENTED_EDGE('',*,*,#1059,.F.);
#1373=ORIENTED_EDGE('',*,*,#1018,.F.);
#1374=ORIENTED_EDGE('',*,*,#1060,.F.);
#1375=ORIENTED_EDGE('',*,*,#1061,.F.);
#1376=ORIENTED_EDGE('',*,*,#1062,.F.);
#1377=ORIENTED_EDGE('',*,*,#1026,.F.);
#1378=ORIENTED_EDGE('',*,*,#1063,.F.);
#1379=ORIENTED_EDGE('',*,*,#1064,.F.);
#1380=ORIENTED_EDGE('',*,*,#1065,.T.);
#1381=ORIENTED_EDGE('',*,*,#895,.T.);
#1382=ORIENTED_EDGE('',*,*,#1065,.F.);
#1383=ORIENTED_EDGE('',*,*,#1066,.F.);
#1384=ORIENTED_EDGE('',*,*,#1063,.T.);
#1385=ORIENTED_EDGE('',*,*,#1025,.T.);
#1386=ORIENTED_EDGE('',*,*,#1067,.T.);
#1387=ORIENTED_EDGE('',*,*,#951,.F.);
#1388=ORIENTED_EDGE('',*,*,#1068,.F.);
#1389=ORIENTED_EDGE('',*,*,#1069,.T.);
#1390=ORIENTED_EDGE('',*,*,#1028,.T.);
#1391=ORIENTED_EDGE('',*,*,#1070,.T.);
#1392=ORIENTED_EDGE('',*,*,#952,.F.);
#1393=ORIENTED_EDGE('',*,*,#1067,.F.);
#1394=ORIENTED_EDGE('',*,*,#1027,.T.);
#1395=ORIENTED_EDGE('',*,*,#1062,.T.);
#1396=ORIENTED_EDGE('',*,*,#1071,.T.);
#1397=ORIENTED_EDGE('',*,*,#1072,.T.);
#1398=ORIENTED_EDGE('',*,*,#953,.F.);
#1399=ORIENTED_EDGE('',*,*,#1070,.F.);
#1400=ORIENTED_EDGE('',*,*,#1060,.T.);
#1401=ORIENTED_EDGE('',*,*,#1017,.T.);
#1402=ORIENTED_EDGE('',*,*,#1073,.T.);
#1403=ORIENTED_EDGE('',*,*,#955,.F.);
#1404=ORIENTED_EDGE('',*,*,#1074,.F.);
#1405=ORIENTED_EDGE('',*,*,#1075,.T.);
#1406=ORIENTED_EDGE('',*,*,#1020,.T.);
#1407=ORIENTED_EDGE('',*,*,#1076,.T.);
#1408=ORIENTED_EDGE('',*,*,#956,.F.);
#1409=ORIENTED_EDGE('',*,*,#1073,.F.);
#1410=ORIENTED_EDGE('',*,*,#1019,.T.);
#1411=ORIENTED_EDGE('',*,*,#1059,.T.);
#1412=ORIENTED_EDGE('',*,*,#1077,.T.);
#1413=ORIENTED_EDGE('',*,*,#1078,.T.);
#1414=ORIENTED_EDGE('',*,*,#957,.F.);
#1415=ORIENTED_EDGE('',*,*,#1076,.F.);
#1416=ORIENTED_EDGE('',*,*,#1057,.T.);
#1417=ORIENTED_EDGE('',*,*,#1009,.T.);
#1418=ORIENTED_EDGE('',*,*,#1079,.T.);
#1419=ORIENTED_EDGE('',*,*,#959,.F.);
#1420=ORIENTED_EDGE('',*,*,#1080,.F.);
#1421=ORIENTED_EDGE('',*,*,#1081,.T.);
#1422=ORIENTED_EDGE('',*,*,#1012,.T.);
#1423=ORIENTED_EDGE('',*,*,#1082,.T.);
#1424=ORIENTED_EDGE('',*,*,#960,.F.);
#1425=ORIENTED_EDGE('',*,*,#1079,.F.);
#1426=ORIENTED_EDGE('',*,*,#1011,.T.);
#1427=ORIENTED_EDGE('',*,*,#1056,.T.);
#1428=ORIENTED_EDGE('',*,*,#1083,.T.);
#1429=ORIENTED_EDGE('',*,*,#1084,.T.);
#1430=ORIENTED_EDGE('',*,*,#961,.F.);
#1431=ORIENTED_EDGE('',*,*,#1082,.F.);
#1432=ORIENTED_EDGE('',*,*,#1054,.T.);
#1433=ORIENTED_EDGE('',*,*,#1001,.T.);
#1434=ORIENTED_EDGE('',*,*,#1085,.T.);
#1435=ORIENTED_EDGE('',*,*,#963,.F.);
#1436=ORIENTED_EDGE('',*,*,#1086,.F.);
#1437=ORIENTED_EDGE('',*,*,#1087,.T.);
#1438=ORIENTED_EDGE('',*,*,#1004,.T.);
#1439=ORIENTED_EDGE('',*,*,#1088,.T.);
#1440=ORIENTED_EDGE('',*,*,#964,.F.);
#1441=ORIENTED_EDGE('',*,*,#1085,.F.);
#1442=ORIENTED_EDGE('',*,*,#1003,.T.);
#1443=ORIENTED_EDGE('',*,*,#1053,.T.);
#1444=ORIENTED_EDGE('',*,*,#1089,.T.);
#1445=ORIENTED_EDGE('',*,*,#1090,.T.);
#1446=ORIENTED_EDGE('',*,*,#965,.F.);
#1447=ORIENTED_EDGE('',*,*,#1088,.F.);
#1448=ORIENTED_EDGE('',*,*,#1051,.T.);
#1449=ORIENTED_EDGE('',*,*,#993,.T.);
#1450=ORIENTED_EDGE('',*,*,#1091,.T.);
#1451=ORIENTED_EDGE('',*,*,#967,.F.);
#1452=ORIENTED_EDGE('',*,*,#1092,.F.);
#1453=ORIENTED_EDGE('',*,*,#1093,.T.);
#1454=ORIENTED_EDGE('',*,*,#996,.T.);
#1455=ORIENTED_EDGE('',*,*,#1094,.T.);
#1456=ORIENTED_EDGE('',*,*,#968,.F.);
#1457=ORIENTED_EDGE('',*,*,#1091,.F.);
#1458=ORIENTED_EDGE('',*,*,#995,.T.);
#1459=ORIENTED_EDGE('',*,*,#1050,.T.);
#1460=ORIENTED_EDGE('',*,*,#1095,.T.);
#1461=ORIENTED_EDGE('',*,*,#1096,.T.);
#1462=ORIENTED_EDGE('',*,*,#969,.F.);
#1463=ORIENTED_EDGE('',*,*,#1094,.F.);
#1464=ORIENTED_EDGE('',*,*,#1048,.T.);
#1465=ORIENTED_EDGE('',*,*,#985,.T.);
#1466=ORIENTED_EDGE('',*,*,#1097,.T.);
#1467=ORIENTED_EDGE('',*,*,#971,.F.);
#1468=ORIENTED_EDGE('',*,*,#1098,.F.);
#1469=ORIENTED_EDGE('',*,*,#1099,.T.);
#1470=ORIENTED_EDGE('',*,*,#988,.T.);
#1471=ORIENTED_EDGE('',*,*,#1100,.T.);
#1472=ORIENTED_EDGE('',*,*,#924,.F.);
#1473=ORIENTED_EDGE('',*,*,#1097,.F.);
#1474=ORIENTED_EDGE('',*,*,#1049,.T.);
#1475=ORIENTED_EDGE('',*,*,#1099,.F.);
#1476=ORIENTED_EDGE('',*,*,#1101,.F.);
#1477=ORIENTED_EDGE('',*,*,#1095,.F.);
#1478=ORIENTED_EDGE('',*,*,#1046,.T.);
#1479=ORIENTED_EDGE('',*,*,#1102,.F.);
#1480=ORIENTED_EDGE('',*,*,#1103,.F.);
#1481=ORIENTED_EDGE('',*,*,#1104,.F.);
#1482=ORIENTED_EDGE('',*,*,#1052,.T.);
#1483=ORIENTED_EDGE('',*,*,#1093,.F.);
#1484=ORIENTED_EDGE('',*,*,#1105,.F.);
#1485=ORIENTED_EDGE('',*,*,#1089,.F.);
#1486=ORIENTED_EDGE('',*,*,#1043,.T.);
#1487=ORIENTED_EDGE('',*,*,#1106,.F.);
#1488=ORIENTED_EDGE('',*,*,#1107,.F.);
#1489=ORIENTED_EDGE('',*,*,#1108,.F.);
#1490=ORIENTED_EDGE('',*,*,#1055,.T.);
#1491=ORIENTED_EDGE('',*,*,#1087,.F.);
#1492=ORIENTED_EDGE('',*,*,#1109,.F.);
#1493=ORIENTED_EDGE('',*,*,#1083,.F.);
#1494=ORIENTED_EDGE('',*,*,#1040,.T.);
#1495=ORIENTED_EDGE('',*,*,#1110,.F.);
#1496=ORIENTED_EDGE('',*,*,#1111,.F.);
#1497=ORIENTED_EDGE('',*,*,#1112,.F.);
#1498=ORIENTED_EDGE('',*,*,#1058,.T.);
#1499=ORIENTED_EDGE('',*,*,#1081,.F.);
#1500=ORIENTED_EDGE('',*,*,#1113,.F.);
#1501=ORIENTED_EDGE('',*,*,#1077,.F.);
#1502=ORIENTED_EDGE('',*,*,#1037,.T.);
#1503=ORIENTED_EDGE('',*,*,#1114,.F.);
#1504=ORIENTED_EDGE('',*,*,#1115,.F.);
#1505=ORIENTED_EDGE('',*,*,#1116,.F.);
#1506=ORIENTED_EDGE('',*,*,#1061,.T.);
#1507=ORIENTED_EDGE('',*,*,#1075,.F.);
#1508=ORIENTED_EDGE('',*,*,#1117,.F.);
#1509=ORIENTED_EDGE('',*,*,#1071,.F.);
#1510=ORIENTED_EDGE('',*,*,#1034,.T.);
#1511=ORIENTED_EDGE('',*,*,#1118,.F.);
#1512=ORIENTED_EDGE('',*,*,#1119,.F.);
#1513=ORIENTED_EDGE('',*,*,#1120,.F.);
#1514=ORIENTED_EDGE('',*,*,#1066,.T.);
#1515=ORIENTED_EDGE('',*,*,#1064,.T.);
#1516=ORIENTED_EDGE('',*,*,#1069,.F.);
#1517=ORIENTED_EDGE('',*,*,#1121,.F.);
#1518=ORIENTED_EDGE('',*,*,#1122,.F.);
#1519=ORIENTED_EDGE('',*,*,#1031,.T.);
#1520=ORIENTED_EDGE('',*,*,#1123,.F.);
#1521=ORIENTED_EDGE('',*,*,#1124,.F.);
#1522=ORIENTED_EDGE('',*,*,#1125,.F.);
#1523=ORIENTED_EDGE('',*,*,#987,.T.);
#1524=ORIENTED_EDGE('',*,*,#1047,.T.);
#1525=ORIENTED_EDGE('',*,*,#1104,.T.);
#1526=ORIENTED_EDGE('',*,*,#1126,.T.);
#1527=ORIENTED_EDGE('',*,*,#925,.F.);
#1528=ORIENTED_EDGE('',*,*,#1100,.F.);
#1529=ORIENTED_EDGE('',*,*,#899,.T.);
#1530=ORIENTED_EDGE('',*,*,#903,.T.);
#1531=ORIENTED_EDGE('',*,*,#979,.T.);
#1532=ORIENTED_EDGE('',*,*,#917,.T.);
#1533=ORIENTED_EDGE('',*,*,#921,.T.);
#1534=ORIENTED_EDGE('',*,*,#976,.T.);
#1535=ORIENTED_EDGE('',*,*,#905,.T.);
#1536=ORIENTED_EDGE('',*,*,#909,.T.);
#1537=ORIENTED_EDGE('',*,*,#977,.T.);
#1538=ORIENTED_EDGE('',*,*,#913,.T.);
#1539=ORIENTED_EDGE('',*,*,#978,.T.);
#1540=ORIENTED_EDGE('',*,*,#923,.T.);
#1541=ORIENTED_EDGE('',*,*,#1101,.T.);
#1542=ORIENTED_EDGE('',*,*,#1098,.T.);
#1543=ORIENTED_EDGE('',*,*,#970,.F.);
#1544=ORIENTED_EDGE('',*,*,#1096,.F.);
#1545=ORIENTED_EDGE('',*,*,#1105,.T.);
#1546=ORIENTED_EDGE('',*,*,#1092,.T.);
#1547=ORIENTED_EDGE('',*,*,#966,.F.);
#1548=ORIENTED_EDGE('',*,*,#1090,.F.);
#1549=ORIENTED_EDGE('',*,*,#1109,.T.);
#1550=ORIENTED_EDGE('',*,*,#1086,.T.);
#1551=ORIENTED_EDGE('',*,*,#962,.F.);
#1552=ORIENTED_EDGE('',*,*,#1084,.F.);
#1553=ORIENTED_EDGE('',*,*,#1113,.T.);
#1554=ORIENTED_EDGE('',*,*,#1080,.T.);
#1555=ORIENTED_EDGE('',*,*,#958,.F.);
#1556=ORIENTED_EDGE('',*,*,#1078,.F.);
#1557=ORIENTED_EDGE('',*,*,#1117,.T.);
#1558=ORIENTED_EDGE('',*,*,#1074,.T.);
#1559=ORIENTED_EDGE('',*,*,#954,.F.);
#1560=ORIENTED_EDGE('',*,*,#1072,.F.);
#1561=ORIENTED_EDGE('',*,*,#1121,.T.);
#1562=ORIENTED_EDGE('',*,*,#1068,.T.);
#1563=ORIENTED_EDGE('',*,*,#950,.F.);
#1564=ORIENTED_EDGE('',*,*,#1127,.F.);
#1565=ORIENTED_EDGE('',*,*,#1029,.T.);
#1566=ORIENTED_EDGE('',*,*,#1122,.T.);
#1567=ORIENTED_EDGE('',*,*,#1127,.T.);
#1568=ORIENTED_EDGE('',*,*,#949,.F.);
#1569=ORIENTED_EDGE('',*,*,#1128,.F.);
#1570=ORIENTED_EDGE('',*,*,#1021,.T.);
#1571=ORIENTED_EDGE('',*,*,#1022,.T.);
#1572=ORIENTED_EDGE('',*,*,#1128,.T.);
#1573=ORIENTED_EDGE('',*,*,#948,.F.);
#1574=ORIENTED_EDGE('',*,*,#1129,.F.);
#1575=ORIENTED_EDGE('',*,*,#1023,.T.);
#1576=ORIENTED_EDGE('',*,*,#1129,.T.);
#1577=ORIENTED_EDGE('',*,*,#947,.F.);
#1578=ORIENTED_EDGE('',*,*,#1130,.F.);
#1579=ORIENTED_EDGE('',*,*,#1123,.T.);
#1580=ORIENTED_EDGE('',*,*,#1030,.T.);
#1581=ORIENTED_EDGE('',*,*,#1124,.T.);
#1582=ORIENTED_EDGE('',*,*,#1130,.T.);
#1583=ORIENTED_EDGE('',*,*,#946,.F.);
#1584=ORIENTED_EDGE('',*,*,#1131,.F.);
#1585=ORIENTED_EDGE('',*,*,#1032,.T.);
#1586=ORIENTED_EDGE('',*,*,#1125,.T.);
#1587=ORIENTED_EDGE('',*,*,#1131,.T.);
#1588=ORIENTED_EDGE('',*,*,#945,.F.);
#1589=ORIENTED_EDGE('',*,*,#1132,.F.);
#1590=ORIENTED_EDGE('',*,*,#1013,.T.);
#1591=ORIENTED_EDGE('',*,*,#1014,.T.);
#1592=ORIENTED_EDGE('',*,*,#1132,.T.);
#1593=ORIENTED_EDGE('',*,*,#944,.F.);
#1594=ORIENTED_EDGE('',*,*,#1133,.F.);
#1595=ORIENTED_EDGE('',*,*,#1015,.T.);
#1596=ORIENTED_EDGE('',*,*,#1133,.T.);
#1597=ORIENTED_EDGE('',*,*,#943,.F.);
#1598=ORIENTED_EDGE('',*,*,#1134,.F.);
#1599=ORIENTED_EDGE('',*,*,#1118,.T.);
#1600=ORIENTED_EDGE('',*,*,#1033,.T.);
#1601=ORIENTED_EDGE('',*,*,#1119,.T.);
#1602=ORIENTED_EDGE('',*,*,#1134,.T.);
#1603=ORIENTED_EDGE('',*,*,#942,.F.);
#1604=ORIENTED_EDGE('',*,*,#1135,.F.);
#1605=ORIENTED_EDGE('',*,*,#1035,.T.);
#1606=ORIENTED_EDGE('',*,*,#1120,.T.);
#1607=ORIENTED_EDGE('',*,*,#1135,.T.);
#1608=ORIENTED_EDGE('',*,*,#941,.F.);
#1609=ORIENTED_EDGE('',*,*,#1136,.F.);
#1610=ORIENTED_EDGE('',*,*,#1005,.T.);
#1611=ORIENTED_EDGE('',*,*,#1006,.T.);
#1612=ORIENTED_EDGE('',*,*,#1136,.T.);
#1613=ORIENTED_EDGE('',*,*,#940,.F.);
#1614=ORIENTED_EDGE('',*,*,#1137,.F.);
#1615=ORIENTED_EDGE('',*,*,#1007,.T.);
#1616=ORIENTED_EDGE('',*,*,#1137,.T.);
#1617=ORIENTED_EDGE('',*,*,#939,.F.);
#1618=ORIENTED_EDGE('',*,*,#1138,.F.);
#1619=ORIENTED_EDGE('',*,*,#1114,.T.);
#1620=ORIENTED_EDGE('',*,*,#1036,.T.);
#1621=ORIENTED_EDGE('',*,*,#1115,.T.);
#1622=ORIENTED_EDGE('',*,*,#1138,.T.);
#1623=ORIENTED_EDGE('',*,*,#938,.F.);
#1624=ORIENTED_EDGE('',*,*,#1139,.F.);
#1625=ORIENTED_EDGE('',*,*,#1038,.T.);
#1626=ORIENTED_EDGE('',*,*,#1116,.T.);
#1627=ORIENTED_EDGE('',*,*,#1139,.T.);
#1628=ORIENTED_EDGE('',*,*,#937,.F.);
#1629=ORIENTED_EDGE('',*,*,#1140,.F.);
#1630=ORIENTED_EDGE('',*,*,#997,.T.);
#1631=ORIENTED_EDGE('',*,*,#998,.T.);
#1632=ORIENTED_EDGE('',*,*,#1140,.T.);
#1633=ORIENTED_EDGE('',*,*,#936,.F.);
#1634=ORIENTED_EDGE('',*,*,#1141,.F.);
#1635=ORIENTED_EDGE('',*,*,#999,.T.);
#1636=ORIENTED_EDGE('',*,*,#1141,.T.);
#1637=ORIENTED_EDGE('',*,*,#935,.F.);
#1638=ORIENTED_EDGE('',*,*,#1142,.F.);
#1639=ORIENTED_EDGE('',*,*,#1110,.T.);
#1640=ORIENTED_EDGE('',*,*,#1039,.T.);
#1641=ORIENTED_EDGE('',*,*,#1111,.T.);
#1642=ORIENTED_EDGE('',*,*,#1142,.T.);
#1643=ORIENTED_EDGE('',*,*,#934,.F.);
#1644=ORIENTED_EDGE('',*,*,#1143,.F.);
#1645=ORIENTED_EDGE('',*,*,#1041,.T.);
#1646=ORIENTED_EDGE('',*,*,#1112,.T.);
#1647=ORIENTED_EDGE('',*,*,#1143,.T.);
#1648=ORIENTED_EDGE('',*,*,#933,.F.);
#1649=ORIENTED_EDGE('',*,*,#1144,.F.);
#1650=ORIENTED_EDGE('',*,*,#989,.T.);
#1651=ORIENTED_EDGE('',*,*,#990,.T.);
#1652=ORIENTED_EDGE('',*,*,#1144,.T.);
#1653=ORIENTED_EDGE('',*,*,#932,.F.);
#1654=ORIENTED_EDGE('',*,*,#1145,.F.);
#1655=ORIENTED_EDGE('',*,*,#991,.T.);
#1656=ORIENTED_EDGE('',*,*,#1145,.T.);
#1657=ORIENTED_EDGE('',*,*,#931,.F.);
#1658=ORIENTED_EDGE('',*,*,#1146,.F.);
#1659=ORIENTED_EDGE('',*,*,#1106,.T.);
#1660=ORIENTED_EDGE('',*,*,#1042,.T.);
#1661=ORIENTED_EDGE('',*,*,#1107,.T.);
#1662=ORIENTED_EDGE('',*,*,#1146,.T.);
#1663=ORIENTED_EDGE('',*,*,#930,.F.);
#1664=ORIENTED_EDGE('',*,*,#1147,.F.);
#1665=ORIENTED_EDGE('',*,*,#1044,.T.);
#1666=ORIENTED_EDGE('',*,*,#1108,.T.);
#1667=ORIENTED_EDGE('',*,*,#1147,.T.);
#1668=ORIENTED_EDGE('',*,*,#929,.F.);
#1669=ORIENTED_EDGE('',*,*,#1148,.F.);
#1670=ORIENTED_EDGE('',*,*,#981,.T.);
#1671=ORIENTED_EDGE('',*,*,#982,.T.);
#1672=ORIENTED_EDGE('',*,*,#1148,.T.);
#1673=ORIENTED_EDGE('',*,*,#928,.F.);
#1674=ORIENTED_EDGE('',*,*,#1149,.F.);
#1675=ORIENTED_EDGE('',*,*,#983,.T.);
#1676=ORIENTED_EDGE('',*,*,#1149,.T.);
#1677=ORIENTED_EDGE('',*,*,#927,.F.);
#1678=ORIENTED_EDGE('',*,*,#1150,.F.);
#1679=ORIENTED_EDGE('',*,*,#1102,.T.);
#1680=ORIENTED_EDGE('',*,*,#1045,.T.);
#1681=ORIENTED_EDGE('',*,*,#1103,.T.);
#1682=ORIENTED_EDGE('',*,*,#1150,.T.);
#1683=ORIENTED_EDGE('',*,*,#926,.F.);
#1684=ORIENTED_EDGE('',*,*,#1126,.F.);
#1685=PLANE('',#1868);
#1686=PLANE('',#1875);
#1687=PLANE('',#1880);
#1688=PLANE('',#1885);
#1689=PLANE('',#1904);
#1690=PLANE('',#1918);
#1691=PLANE('',#1920);
#1692=PLANE('',#1922);
#1693=PLANE('',#1924);
#1694=PLANE('',#1926);
#1695=PLANE('',#1928);
#1696=PLANE('',#1930);
#1697=PLANE('',#1932);
#1698=PLANE('',#1934);
#1699=PLANE('',#1936);
#1700=PLANE('',#1938);
#1701=PLANE('',#1940);
#1702=PLANE('',#1956);
#1703=PLANE('',#1957);
#1704=PLANE('',#1958);
#1705=PLANE('',#1959);
#1706=PLANE('',#1960);
#1707=PLANE('',#1961);
#1708=PLANE('',#1962);
#1709=PLANE('',#1963);
#1710=PLANE('',#1964);
#1711=PLANE('',#1965);
#1712=PLANE('',#1966);
#1713=PLANE('',#1967);
#1714=PLANE('',#1968);
#1715=PLANE('',#1969);
#1716=PLANE('',#1970);
#1717=PLANE('',#1971);
#1718=PLANE('',#1972);
#1719=PLANE('',#1973);
#1720=PLANE('',#1974);
#1721=PLANE('',#1975);
#1722=PLANE('',#1976);
#1723=PLANE('',#1977);
#1724=PLANE('',#1978);
#1725=PLANE('',#1979);
#1726=PLANE('',#1980);
#1727=PLANE('',#1981);
#1728=PLANE('',#1982);
#1729=PLANE('',#1983);
#1730=PLANE('',#1984);
#1731=PLANE('',#1985);
#1732=PLANE('',#1986);
#1733=PLANE('',#1987);
#1734=PLANE('',#1988);
#1735=PLANE('',#1989);
#1736=PLANE('',#1990);
#1737=PLANE('',#1991);
#1738=PLANE('',#1992);
#1739=PLANE('',#1993);
#1740=PLANE('',#1994);
#1741=PLANE('',#1995);
#1742=PLANE('',#1996);
#1743=PLANE('',#1997);
#1744=PLANE('',#1998);
#1745=PLANE('',#1999);
#1746=PLANE('',#2000);
#1747=PLANE('',#2001);
#1748=PLANE('',#2002);
#1749=PLANE('',#2003);
#1750=PLANE('',#2004);
#1751=PLANE('',#2005);
#1752=PLANE('',#2006);
#1753=PLANE('',#2007);
#1754=PLANE('',#2008);
#1755=PLANE('',#2009);
#1756=PLANE('',#2010);
#1757=PLANE('',#2011);
#1758=PLANE('',#2012);
#1759=PLANE('',#2013);
#1760=PLANE('',#2014);
#1761=PLANE('',#2015);
#1762=PLANE('',#2016);
#1763=ADVANCED_FACE('',(#456,#446,#447,#448,#449,#450),#1685,.F.);
#1764=ADVANCED_FACE('',(#457,#451),#1686,.T.);
#1765=ADVANCED_FACE('',(#458),#433,.F.);
#1766=ADVANCED_FACE('',(#459,#452),#1687,.T.);
#1767=ADVANCED_FACE('',(#460),#434,.T.);
#1768=ADVANCED_FACE('',(#461,#453),#1688,.F.);
#1769=ADVANCED_FACE('',(#462),#435,.F.);
#1770=ADVANCED_FACE('',(#463),#436,.F.);
#1771=ADVANCED_FACE('',(#464),#437,.F.);
#1772=ADVANCED_FACE('',(#465),#438,.F.);
#1773=ADVANCED_FACE('',(#466),#439,.F.);
#1774=ADVANCED_FACE('',(#467,#454),#1689,.T.);
#1775=ADVANCED_FACE('',(#468),#440,.T.);
#1776=ADVANCED_FACE('',(#469),#441,.T.);
#1777=ADVANCED_FACE('',(#470),#442,.T.);
#1778=ADVANCED_FACE('',(#471),#443,.T.);
#1779=ADVANCED_FACE('',(#472),#444,.F.);
#1780=ADVANCED_FACE('',(#473),#1690,.T.);
#1781=ADVANCED_FACE('',(#474),#1691,.T.);
#1782=ADVANCED_FACE('',(#475),#1692,.T.);
#1783=ADVANCED_FACE('',(#476),#1693,.T.);
#1784=ADVANCED_FACE('',(#477),#1694,.T.);
#1785=ADVANCED_FACE('',(#478),#1695,.T.);
#1786=ADVANCED_FACE('',(#479),#1696,.T.);
#1787=ADVANCED_FACE('',(#480),#1697,.T.);
#1788=ADVANCED_FACE('',(#481),#1698,.T.);
#1789=ADVANCED_FACE('',(#482),#1699,.T.);
#1790=ADVANCED_FACE('',(#483),#1700,.T.);
#1791=ADVANCED_FACE('',(#484),#1701,.T.);
#1792=ADVANCED_FACE('',(#485),#445,.T.);
#1793=ADVANCED_FACE('',(#486),#1702,.T.);
#1794=ADVANCED_FACE('',(#487),#1703,.T.);
#1795=ADVANCED_FACE('',(#488),#1704,.T.);
#1796=ADVANCED_FACE('',(#489),#1705,.T.);
#1797=ADVANCED_FACE('',(#490),#1706,.T.);
#1798=ADVANCED_FACE('',(#491),#1707,.T.);
#1799=ADVANCED_FACE('',(#492),#1708,.T.);
#1800=ADVANCED_FACE('',(#493),#1709,.T.);
#1801=ADVANCED_FACE('',(#494),#1710,.T.);
#1802=ADVANCED_FACE('',(#495),#1711,.T.);
#1803=ADVANCED_FACE('',(#496),#1712,.T.);
#1804=ADVANCED_FACE('',(#497),#1713,.T.);
#1805=ADVANCED_FACE('',(#498),#1714,.T.);
#1806=ADVANCED_FACE('',(#499),#1715,.T.);
#1807=ADVANCED_FACE('',(#500),#1716,.T.);
#1808=ADVANCED_FACE('',(#501),#1717,.T.);
#1809=ADVANCED_FACE('',(#502),#1718,.T.);
#1810=ADVANCED_FACE('',(#503),#1719,.F.);
#1811=ADVANCED_FACE('',(#504),#1720,.F.);
#1812=ADVANCED_FACE('',(#505),#1721,.F.);
#1813=ADVANCED_FACE('',(#506),#1722,.F.);
#1814=ADVANCED_FACE('',(#507),#1723,.F.);
#1815=ADVANCED_FACE('',(#508),#1724,.F.);
#1816=ADVANCED_FACE('',(#509),#1725,.F.);
#1817=ADVANCED_FACE('',(#510),#1726,.F.);
#1818=ADVANCED_FACE('',(#511),#1727,.F.);
#1819=ADVANCED_FACE('',(#512),#1728,.F.);
#1820=ADVANCED_FACE('',(#513),#1729,.F.);
#1821=ADVANCED_FACE('',(#514),#1730,.F.);
#1822=ADVANCED_FACE('',(#515),#1731,.T.);
#1823=ADVANCED_FACE('',(#516,#455),#1732,.T.);
#1824=ADVANCED_FACE('',(#517),#1733,.T.);
#1825=ADVANCED_FACE('',(#518),#1734,.T.);
#1826=ADVANCED_FACE('',(#519),#1735,.T.);
#1827=ADVANCED_FACE('',(#520),#1736,.T.);
#1828=ADVANCED_FACE('',(#521),#1737,.T.);
#1829=ADVANCED_FACE('',(#522),#1738,.T.);
#1830=ADVANCED_FACE('',(#523),#1739,.T.);
#1831=ADVANCED_FACE('',(#524),#1740,.T.);
#1832=ADVANCED_FACE('',(#525),#1741,.T.);
#1833=ADVANCED_FACE('',(#526),#1742,.T.);
#1834=ADVANCED_FACE('',(#527),#1743,.T.);
#1835=ADVANCED_FACE('',(#528),#1744,.T.);
#1836=ADVANCED_FACE('',(#529),#1745,.T.);
#1837=ADVANCED_FACE('',(#530),#1746,.T.);
#1838=ADVANCED_FACE('',(#531),#1747,.T.);
#1839=ADVANCED_FACE('',(#532),#1748,.T.);
#1840=ADVANCED_FACE('',(#533),#1749,.T.);
#1841=ADVANCED_FACE('',(#534),#1750,.T.);
#1842=ADVANCED_FACE('',(#535),#1751,.T.);
#1843=ADVANCED_FACE('',(#536),#1752,.T.);
#1844=ADVANCED_FACE('',(#537),#1753,.T.);
#1845=ADVANCED_FACE('',(#538),#1754,.T.);
#1846=ADVANCED_FACE('',(#539),#1755,.T.);
#1847=ADVANCED_FACE('',(#540),#1756,.T.);
#1848=ADVANCED_FACE('',(#541),#1757,.T.);
#1849=ADVANCED_FACE('',(#542),#1758,.T.);
#1850=ADVANCED_FACE('',(#543),#1759,.T.);
#1851=ADVANCED_FACE('',(#544),#1760,.T.);
#1852=ADVANCED_FACE('',(#545),#1761,.T.);
#1853=ADVANCED_FACE('',(#546),#1762,.T.);
#1854=CLOSED_SHELL('',(#1763,#1764,#1765,#1766,#1767,#1768,#1769,#1770,
#1771,#1772,#1773,#1774,#1775,#1776,#1777,#1778,#1779,#1780,#1781,#1782,
#1783,#1784,#1785,#1786,#1787,#1788,#1789,#1790,#1791,#1792,#1793,#1794,
#1795,#1796,#1797,#1798,#1799,#1800,#1801,#1802,#1803,#1804,#1805,#1806,
#1807,#1808,#1809,#1810,#1811,#1812,#1813,#1814,#1815,#1816,#1817,#1818,
#1819,#1820,#1821,#1822,#1823,#1824,#1825,#1826,#1827,#1828,#1829,#1830,
#1831,#1832,#1833,#1834,#1835,#1836,#1837,#1838,#1839,#1840,#1841,#1842,
#1843,#1844,#1845,#1846,#1847,#1848,#1849,#1850,#1851,#1852,#1853));
#1855=DERIVED_UNIT_ELEMENT(#1857,1.);
#1856=DERIVED_UNIT_ELEMENT(#3068,-3.);
#1857=(
MASS_UNIT()
NAMED_UNIT(*)
SI_UNIT(.KILO.,.GRAM.)
);
#1858=DERIVED_UNIT((#1855,#1856));
#1859=MEASURE_REPRESENTATION_ITEM('density measure',
POSITIVE_RATIO_MEASURE(7850.),#1858);
#1860=PROPERTY_DEFINITION_REPRESENTATION(#1865,#1862);
#1861=PROPERTY_DEFINITION_REPRESENTATION(#1866,#1863);
#1862=REPRESENTATION('material name',(#1864),#3065);
#1863=REPRESENTATION('density',(#1859),#3065);
#1864=DESCRIPTIVE_REPRESENTATION_ITEM('\X2\92FC\X0\','\X2\92FC\X0\');
#1865=PROPERTY_DEFINITION('material property','material name',#3075);
#1866=PROPERTY_DEFINITION('material property','density of part',#3075);
#1867=AXIS2_PLACEMENT_3D('',#2526,#2017,#2018);
#1868=AXIS2_PLACEMENT_3D('',#2527,#2019,#2020);
#1869=AXIS2_PLACEMENT_3D('',#2529,#2021,#2022);
#1870=AXIS2_PLACEMENT_3D('',#2531,#2023,#2024);
#1871=AXIS2_PLACEMENT_3D('',#2533,#2025,#2026);
#1872=AXIS2_PLACEMENT_3D('',#2535,#2027,#2028);
#1873=AXIS2_PLACEMENT_3D('',#2537,#2029,#2030);
#1874=AXIS2_PLACEMENT_3D('',#2539,#2031,#2032);
#1875=AXIS2_PLACEMENT_3D('',#2540,#2033,#2034);
#1876=AXIS2_PLACEMENT_3D('',#2542,#2035,#2036);
#1877=AXIS2_PLACEMENT_3D('',#2544,#2037,#2038);
#1878=AXIS2_PLACEMENT_3D('',#2545,#2039,#2040);
#1879=AXIS2_PLACEMENT_3D('',#2547,#2041,#2042);
#1880=AXIS2_PLACEMENT_3D('',#2549,#2044,#2045);
#1881=AXIS2_PLACEMENT_3D('',#2551,#2046,#2047);
#1882=AXIS2_PLACEMENT_3D('',#2553,#2048,#2049);
#1883=AXIS2_PLACEMENT_3D('',#2554,#2050,#2051);
#1884=AXIS2_PLACEMENT_3D('',#2557,#2053,#2054);
#1885=AXIS2_PLACEMENT_3D('',#2558,#2055,#2056);
#1886=AXIS2_PLACEMENT_3D('',#2559,#2057,#2058);
#1887=AXIS2_PLACEMENT_3D('',#2563,#2060,#2061);
#1888=AXIS2_PLACEMENT_3D('',#2567,#2063,#2064);
#1889=AXIS2_PLACEMENT_3D('',#2570,#2066,#2067);
#1890=AXIS2_PLACEMENT_3D('',#2571,#2068,#2069);
#1891=AXIS2_PLACEMENT_3D('',#2575,#2071,#2072);
#1892=AXIS2_PLACEMENT_3D('',#2579,#2074,#2075);
#1893=AXIS2_PLACEMENT_3D('',#2582,#2077,#2078);
#1894=AXIS2_PLACEMENT_3D('',#2583,#2079,#2080);
#1895=AXIS2_PLACEMENT_3D('',#2587,#2082,#2083);
#1896=AXIS2_PLACEMENT_3D('',#2591,#2085,#2086);
#1897=AXIS2_PLACEMENT_3D('',#2594,#2088,#2089);
#1898=AXIS2_PLACEMENT_3D('',#2595,#2090,#2091);
#1899=AXIS2_PLACEMENT_3D('',#2599,#2093,#2094);
#1900=AXIS2_PLACEMENT_3D('',#2603,#2096,#2097);
#1901=AXIS2_PLACEMENT_3D('',#2606,#2099,#2100);
#1902=AXIS2_PLACEMENT_3D('',#2607,#2101,#2102);
#1903=AXIS2_PLACEMENT_3D('',#2610,#2104,#2105);
#1904=AXIS2_PLACEMENT_3D('',#2611,#2106,#2107);
#1905=AXIS2_PLACEMENT_3D('',#2708,#2156,#2157);
#1906=AXIS2_PLACEMENT_3D('',#2709,#2158,#2159);
#1907=AXIS2_PLACEMENT_3D('',#2710,#2160,#2161);
#1908=AXIS2_PLACEMENT_3D('',#2711,#2162,#2163);
#1909=AXIS2_PLACEMENT_3D('',#2712,#2164,#2165);
#1910=AXIS2_PLACEMENT_3D('',#2713,#2166,#2167);
#1911=AXIS2_PLACEMENT_3D('',#2714,#2168,#2169);
#1912=AXIS2_PLACEMENT_3D('',#2715,#2170,#2171);
#1913=AXIS2_PLACEMENT_3D('',#2716,#2172,#2173);
#1914=AXIS2_PLACEMENT_3D('',#2717,#2174,#2175);
#1915=AXIS2_PLACEMENT_3D('',#2718,#2176,#2177);
#1916=AXIS2_PLACEMENT_3D('',#2719,#2178,#2179);
#1917=AXIS2_PLACEMENT_3D('',#2720,#2180,#2181);
#1918=AXIS2_PLACEMENT_3D('',#2722,#2183,#2184);
#1919=AXIS2_PLACEMENT_3D('',#2730,#2188,#2189);
#1920=AXIS2_PLACEMENT_3D('',#2731,#2190,#2191);
#1921=AXIS2_PLACEMENT_3D('',#2736,#2193,#2194);
#1922=AXIS2_PLACEMENT_3D('',#2740,#2197,#2198);
#1923=AXIS2_PLACEMENT_3D('',#2748,#2202,#2203);
#1924=AXIS2_PLACEMENT_3D('',#2749,#2204,#2205);
#1925=AXIS2_PLACEMENT_3D('',#2754,#2207,#2208);
#1926=AXIS2_PLACEMENT_3D('',#2758,#2211,#2212);
#1927=AXIS2_PLACEMENT_3D('',#2766,#2216,#2217);
#1928=AXIS2_PLACEMENT_3D('',#2767,#2218,#2219);
#1929=AXIS2_PLACEMENT_3D('',#2772,#2221,#2222);
#1930=AXIS2_PLACEMENT_3D('',#2776,#2225,#2226);
#1931=AXIS2_PLACEMENT_3D('',#2784,#2230,#2231);
#1932=AXIS2_PLACEMENT_3D('',#2785,#2232,#2233);
#1933=AXIS2_PLACEMENT_3D('',#2790,#2235,#2236);
#1934=AXIS2_PLACEMENT_3D('',#2794,#2239,#2240);
#1935=AXIS2_PLACEMENT_3D('',#2802,#2244,#2245);
#1936=AXIS2_PLACEMENT_3D('',#2803,#2246,#2247);
#1937=AXIS2_PLACEMENT_3D('',#2808,#2249,#2250);
#1938=AXIS2_PLACEMENT_3D('',#2812,#2253,#2254);
#1939=AXIS2_PLACEMENT_3D('',#2820,#2258,#2259);
#1940=AXIS2_PLACEMENT_3D('',#2821,#2260,#2261);
#1941=AXIS2_PLACEMENT_3D('',#2826,#2263,#2264);
#1942=AXIS2_PLACEMENT_3D('',#2830,#2267,#2268);
#1943=AXIS2_PLACEMENT_3D('',#2836,#2271,#2272);
#1944=AXIS2_PLACEMENT_3D('',#2841,#2275,#2276);
#1945=AXIS2_PLACEMENT_3D('',#2846,#2279,#2280);
#1946=AXIS2_PLACEMENT_3D('',#2851,#2283,#2284);
#1947=AXIS2_PLACEMENT_3D('',#2856,#2287,#2288);
#1948=AXIS2_PLACEMENT_3D('',#2861,#2291,#2292);
#1949=AXIS2_PLACEMENT_3D('',#2866,#2295,#2296);
#1950=AXIS2_PLACEMENT_3D('',#2871,#2299,#2300);
#1951=AXIS2_PLACEMENT_3D('',#2876,#2303,#2304);
#1952=AXIS2_PLACEMENT_3D('',#2881,#2307,#2308);
#1953=AXIS2_PLACEMENT_3D('',#2886,#2311,#2312);
#1954=AXIS2_PLACEMENT_3D('',#2891,#2315,#2316);
#1955=AXIS2_PLACEMENT_3D('',#2893,#2318,#2319);
#1956=AXIS2_PLACEMENT_3D('',#2894,#2320,#2321);
#1957=AXIS2_PLACEMENT_3D('',#2899,#2325,#2326);
#1958=AXIS2_PLACEMENT_3D('',#2901,#2328,#2329);
#1959=AXIS2_PLACEMENT_3D('',#2905,#2332,#2333);
#1960=AXIS2_PLACEMENT_3D('',#2910,#2337,#2338);
#1961=AXIS2_PLACEMENT_3D('',#2912,#2340,#2341);
#1962=AXIS2_PLACEMENT_3D('',#2916,#2344,#2345);
#1963=AXIS2_PLACEMENT_3D('',#2921,#2349,#2350);
#1964=AXIS2_PLACEMENT_3D('',#2923,#2352,#2353);
#1965=AXIS2_PLACEMENT_3D('',#2927,#2356,#2357);
#1966=AXIS2_PLACEMENT_3D('',#2932,#2361,#2362);
#1967=AXIS2_PLACEMENT_3D('',#2934,#2364,#2365);
#1968=AXIS2_PLACEMENT_3D('',#2938,#2368,#2369);
#1969=AXIS2_PLACEMENT_3D('',#2943,#2373,#2374);
#1970=AXIS2_PLACEMENT_3D('',#2945,#2376,#2377);
#1971=AXIS2_PLACEMENT_3D('',#2949,#2380,#2381);
#1972=AXIS2_PLACEMENT_3D('',#2954,#2385,#2386);
#1973=AXIS2_PLACEMENT_3D('',#2956,#2388,#2389);
#1974=AXIS2_PLACEMENT_3D('',#2958,#2391,#2392);
#1975=AXIS2_PLACEMENT_3D('',#2964,#2396,#2397);
#1976=AXIS2_PLACEMENT_3D('',#2966,#2399,#2400);
#1977=AXIS2_PLACEMENT_3D('',#2972,#2404,#2405);
#1978=AXIS2_PLACEMENT_3D('',#2974,#2407,#2408);
#1979=AXIS2_PLACEMENT_3D('',#2980,#2412,#2413);
#1980=AXIS2_PLACEMENT_3D('',#2982,#2415,#2416);
#1981=AXIS2_PLACEMENT_3D('',#2988,#2420,#2421);
#1982=AXIS2_PLACEMENT_3D('',#2990,#2423,#2424);
#1983=AXIS2_PLACEMENT_3D('',#2996,#2428,#2429);
#1984=AXIS2_PLACEMENT_3D('',#3000,#2432,#2433);
#1985=AXIS2_PLACEMENT_3D('',#3006,#2437,#2438);
#1986=AXIS2_PLACEMENT_3D('',#3008,#2440,#2441);
#1987=AXIS2_PLACEMENT_3D('',#3009,#2442,#2443);
#1988=AXIS2_PLACEMENT_3D('',#3010,#2444,#2445);
#1989=AXIS2_PLACEMENT_3D('',#3011,#2446,#2447);
#1990=AXIS2_PLACEMENT_3D('',#3012,#2448,#2449);
#1991=AXIS2_PLACEMENT_3D('',#3013,#2450,#2451);
#1992=AXIS2_PLACEMENT_3D('',#3014,#2452,#2453);
#1993=AXIS2_PLACEMENT_3D('',#3016,#2455,#2456);
#1994=AXIS2_PLACEMENT_3D('',#3018,#2458,#2459);
#1995=AXIS2_PLACEMENT_3D('',#3020,#2461,#2462);
#1996=AXIS2_PLACEMENT_3D('',#3022,#2464,#2465);
#1997=AXIS2_PLACEMENT_3D('',#3024,#2467,#2468);
#1998=AXIS2_PLACEMENT_3D('',#3026,#2470,#2471);
#1999=AXIS2_PLACEMENT_3D('',#3028,#2473,#2474);
#2000=AXIS2_PLACEMENT_3D('',#3030,#2476,#2477);
#2001=AXIS2_PLACEMENT_3D('',#3032,#2479,#2480);
#2002=AXIS2_PLACEMENT_3D('',#3034,#2482,#2483);
#2003=AXIS2_PLACEMENT_3D('',#3036,#2485,#2486);
#2004=AXIS2_PLACEMENT_3D('',#3038,#2488,#2489);
#2005=AXIS2_PLACEMENT_3D('',#3040,#2491,#2492);
#2006=AXIS2_PLACEMENT_3D('',#3042,#2494,#2495);
#2007=AXIS2_PLACEMENT_3D('',#3044,#2497,#2498);
#2008=AXIS2_PLACEMENT_3D('',#3046,#2500,#2501);
#2009=AXIS2_PLACEMENT_3D('',#3048,#2503,#2504);
#2010=AXIS2_PLACEMENT_3D('',#3050,#2506,#2507);
#2011=AXIS2_PLACEMENT_3D('',#3052,#2509,#2510);
#2012=AXIS2_PLACEMENT_3D('',#3054,#2512,#2513);
#2013=AXIS2_PLACEMENT_3D('',#3056,#2515,#2516);
#2014=AXIS2_PLACEMENT_3D('',#3058,#2518,#2519);
#2015=AXIS2_PLACEMENT_3D('',#3060,#2521,#2522);
#2016=AXIS2_PLACEMENT_3D('',#3062,#2524,#2525);
#2017=DIRECTION('axis',(0.,0.,1.));
#2018=DIRECTION('refdir',(1.,0.,0.));
#2019=DIRECTION('center_axis',(0.,0.,1.));
#2020=DIRECTION('ref_axis',(1.,0.,0.));
#2021=DIRECTION('center_axis',(0.,0.,1.));
#2022=DIRECTION('ref_axis',(1.,0.,0.));
#2023=DIRECTION('center_axis',(0.,0.,-1.));
#2024=DIRECTION('ref_axis',(1.,0.,0.));
#2025=DIRECTION('center_axis',(0.,0.,-1.));
#2026=DIRECTION('ref_axis',(1.,0.,0.));
#2027=DIRECTION('center_axis',(0.,0.,-1.));
#2028=DIRECTION('ref_axis',(1.,0.,0.));
#2029=DIRECTION('center_axis',(0.,0.,-1.));
#2030=DIRECTION('ref_axis',(1.,0.,0.));
#2031=DIRECTION('center_axis',(0.,0.,-1.));
#2032=DIRECTION('ref_axis',(1.,0.,0.));
#2033=DIRECTION('center_axis',(0.,0.,1.));
#2034=DIRECTION('ref_axis',(1.,0.,0.));
#2035=DIRECTION('center_axis',(0.,0.,1.));
#2036=DIRECTION('ref_axis',(1.,0.,0.));
#2037=DIRECTION('center_axis',(0.,0.,1.));
#2038=DIRECTION('ref_axis',(1.,0.,0.));
#2039=DIRECTION('center_axis',(0.,0.,1.));
#2040=DIRECTION('ref_axis',(1.,0.,0.));
#2041=DIRECTION('center_axis',(0.,0.,1.));
#2042=DIRECTION('ref_axis',(1.,0.,0.));
#2043=DIRECTION('',(0.,0.,1.));
#2044=DIRECTION('center_axis',(0.,0.,1.));
#2045=DIRECTION('ref_axis',(1.,0.,0.));
#2046=DIRECTION('center_axis',(0.,0.,1.));
#2047=DIRECTION('ref_axis',(1.,0.,0.));
#2048=DIRECTION('center_axis',(0.,0.,1.));
#2049=DIRECTION('ref_axis',(1.,0.,0.));
#2050=DIRECTION('center_axis',(0.,0.,1.));
#2051=DIRECTION('ref_axis',(1.,0.,0.));
#2052=DIRECTION('',(0.,0.,-1.));
#2053=DIRECTION('center_axis',(0.,0.,1.));
#2054=DIRECTION('ref_axis',(1.,0.,0.));
#2055=DIRECTION('center_axis',(0.,0.,1.));
#2056=DIRECTION('ref_axis',(1.,0.,0.));
#2057=DIRECTION('center_axis',(0.,0.,1.));
#2058=DIRECTION('ref_axis',(1.,0.,0.));
#2059=DIRECTION('',(0.,0.,1.));
#2060=DIRECTION('center_axis',(0.,0.,-1.));
#2061=DIRECTION('ref_axis',(1.,0.,0.));
#2062=DIRECTION('',(0.,0.,1.));
#2063=DIRECTION('center_axis',(0.,0.,-1.));
#2064=DIRECTION('ref_axis',(1.,0.,0.));
#2065=DIRECTION('',(0.,0.,-1.));
#2066=DIRECTION('center_axis',(0.,0.,-1.));
#2067=DIRECTION('ref_axis',(1.,0.,0.));
#2068=DIRECTION('center_axis',(0.,0.,1.));
#2069=DIRECTION('ref_axis',(1.,0.,0.));
#2070=DIRECTION('',(0.,0.,1.));
#2071=DIRECTION('center_axis',(0.,0.,-1.));
#2072=DIRECTION('ref_axis',(1.,0.,0.));
#2073=DIRECTION('',(0.,0.,1.));
#2074=DIRECTION('center_axis',(0.,0.,-1.));
#2075=DIRECTION('ref_axis',(1.,0.,0.));
#2076=DIRECTION('',(0.,0.,-1.));
#2077=DIRECTION('center_axis',(0.,0.,-1.));
#2078=DIRECTION('ref_axis',(1.,0.,0.));
#2079=DIRECTION('center_axis',(0.,0.,1.));
#2080=DIRECTION('ref_axis',(1.,0.,0.));
#2081=DIRECTION('',(0.,0.,1.));
#2082=DIRECTION('center_axis',(0.,0.,-1.));
#2083=DIRECTION('ref_axis',(1.,0.,0.));
#2084=DIRECTION('',(0.,0.,-1.));
#2085=DIRECTION('center_axis',(0.,0.,-1.));
#2086=DIRECTION('ref_axis',(1.,0.,0.));
#2087=DIRECTION('',(0.,0.,1.));
#2088=DIRECTION('center_axis',(0.,0.,-1.));
#2089=DIRECTION('ref_axis',(1.,0.,0.));
#2090=DIRECTION('center_axis',(0.,0.,1.));
#2091=DIRECTION('ref_axis',(1.,0.,0.));
#2092=DIRECTION('',(0.,0.,1.));
#2093=DIRECTION('center_axis',(0.,0.,-1.));
#2094=DIRECTION('ref_axis',(1.,0.,0.));
#2095=DIRECTION('',(0.,0.,1.));
#2096=DIRECTION('center_axis',(0.,0.,-1.));
#2097=DIRECTION('ref_axis',(1.,0.,0.));
#2098=DIRECTION('',(0.,0.,-1.));
#2099=DIRECTION('center_axis',(0.,0.,-1.));
#2100=DIRECTION('ref_axis',(1.,0.,0.));
#2101=DIRECTION('center_axis',(0.,0.,1.));
#2102=DIRECTION('ref_axis',(1.,0.,0.));
#2103=DIRECTION('',(0.,0.,1.));
#2104=DIRECTION('center_axis',(0.,0.,-1.));
#2105=DIRECTION('ref_axis',(1.,0.,0.));
#2106=DIRECTION('center_axis',(0.,0.,1.));
#2107=DIRECTION('ref_axis',(1.,0.,0.));
#2108=DIRECTION('',(0.258819045102521,0.965925826289068,0.));
#2109=DIRECTION('',(0.983623535751574,0.180235234944701,0.));
#2110=DIRECTION('',(0.,1.,0.));
#2111=DIRECTION('',(-0.983623535751574,0.180235234944701,0.));
#2112=DIRECTION('',(-0.258819045102522,0.965925826289068,0.));
#2113=DIRECTION('',(0.761725352248784,0.647900059994955,0.));
#2114=DIRECTION('',(-0.5,0.866025403784439,0.));
#2115=DIRECTION('',(-0.941960587193485,-0.33572347575662,0.));
#2116=DIRECTION('',(-0.707106781186548,0.707106781186547,0.));
#2117=DIRECTION('',(0.335723475756619,0.941960587193485,0.));
#2118=DIRECTION('',(-0.866025403784439,0.5,0.));
#2119=DIRECTION('',(-0.647900059994956,-0.761725352248783,0.));
#2120=DIRECTION('',(-0.965925826289068,0.258819045102521,0.));
#2121=DIRECTION('',(-0.180235234944702,0.983623535751574,0.));
#2122=DIRECTION('',(-1.,0.,0.));
#2123=DIRECTION('',(-0.180235234944702,-0.983623535751574,0.));
#2124=DIRECTION('',(-0.965925826289068,-0.258819045102521,0.));
#2125=DIRECTION('',(-0.647900059994955,0.761725352248784,0.));
#2126=DIRECTION('',(-0.866025403784439,-0.5,0.));
#2127=DIRECTION('',(0.335723475756619,-0.941960587193485,0.));
#2128=DIRECTION('',(-0.707106781186549,-0.707106781186546,0.));
#2129=DIRECTION('',(-0.941960587193485,0.335723475756619,0.));
#2130=DIRECTION('',(-0.5,-0.866025403784439,0.));
#2131=DIRECTION('',(0.761725352248783,-0.647900059994955,0.));
#2132=DIRECTION('',(-0.258819045102521,-0.965925826289068,0.));
#2133=DIRECTION('',(-0.983623535751574,-0.180235234944701,0.));
#2134=DIRECTION('',(0.,-1.,0.));
#2135=DIRECTION('',(0.983623535751574,-0.180235234944701,0.));
#2136=DIRECTION('',(0.25881904510252,-0.965925826289068,0.));
#2137=DIRECTION('',(-0.761725352248784,-0.647900059994955,0.));
#2138=DIRECTION('',(0.5,-0.866025403784439,0.));
#2139=DIRECTION('',(0.941960587193485,0.335723475756619,0.));
#2140=DIRECTION('',(0.707106781186547,-0.707106781186548,0.));
#2141=DIRECTION('',(-0.335723475756621,-0.941960587193484,0.));
#2142=DIRECTION('',(0.866025403784439,-0.5,0.));
#2143=DIRECTION('',(0.647900059994955,0.761725352248784,0.));
#2144=DIRECTION('',(0.965925826289068,-0.258819045102521,0.));
#2145=DIRECTION('',(0.1802352349447,-0.983623535751574,0.));
#2146=DIRECTION('',(1.,0.,0.));
#2147=DIRECTION('',(0.180235234944701,0.983623535751574,0.));
#2148=DIRECTION('',(0.965925826289068,0.25881904510252,0.));
#2149=DIRECTION('',(0.647900059994954,-0.761725352248784,0.));
#2150=DIRECTION('',(0.866025403784439,0.499999999999999,0.));
#2151=DIRECTION('',(-0.335723475756619,0.941960587193485,0.));
#2152=DIRECTION('',(0.707106781186548,0.707106781186547,0.));
#2153=DIRECTION('',(0.941960587193485,-0.33572347575662,0.));
#2154=DIRECTION('',(0.5,0.866025403784439,0.));
#2155=DIRECTION('',(-0.761725352248783,0.647900059994955,0.));
#2156=DIRECTION('center_axis',(0.,0.,-1.));
#2157=DIRECTION('ref_axis',(1.,0.,0.));
#2158=DIRECTION('center_axis',(0.,0.,-1.));
#2159=DIRECTION('ref_axis',(1.,0.,0.));
#2160=DIRECTION('center_axis',(0.,0.,-1.));
#2161=DIRECTION('ref_axis',(1.,0.,0.));
#2162=DIRECTION('center_axis',(0.,0.,-1.));
#2163=DIRECTION('ref_axis',(1.,0.,0.));
#2164=DIRECTION('center_axis',(0.,0.,1.));
#2165=DIRECTION('ref_axis',(1.,0.,0.));
#2166=DIRECTION('center_axis',(0.,0.,1.));
#2167=DIRECTION('ref_axis',(1.,0.,0.));
#2168=DIRECTION('center_axis',(0.,0.,1.));
#2169=DIRECTION('ref_axis',(1.,0.,0.));
#2170=DIRECTION('center_axis',(0.,0.,1.));
#2171=DIRECTION('ref_axis',(1.,0.,0.));
#2172=DIRECTION('center_axis',(0.,0.,1.));
#2173=DIRECTION('ref_axis',(1.,0.,0.));
#2174=DIRECTION('center_axis',(0.,0.,1.));
#2175=DIRECTION('ref_axis',(1.,0.,0.));
#2176=DIRECTION('center_axis',(0.,0.,1.));
#2177=DIRECTION('ref_axis',(1.,0.,0.));
#2178=DIRECTION('center_axis',(0.,0.,1.));
#2179=DIRECTION('ref_axis',(1.,0.,0.));
#2180=DIRECTION('center_axis',(0.,0.,1.));
#2181=DIRECTION('ref_axis',(1.,0.,0.));
#2182=DIRECTION('',(0.,0.,1.));
#2183=DIRECTION('center_axis',(0.,0.,1.));
#2184=DIRECTION('ref_axis',(1.,0.,0.));
#2185=DIRECTION('',(0.761725352248784,0.647900059994955,0.));
#2186=DIRECTION('',(-0.258819045102522,0.965925826289068,0.));
#2187=DIRECTION('',(-0.983623535751574,0.180235234944701,0.));
#2188=DIRECTION('center_axis',(0.,0.,1.));
#2189=DIRECTION('ref_axis',(1.,0.,0.));
#2190=DIRECTION('center_axis',(0.,0.,1.));
#2191=DIRECTION('ref_axis',(1.,0.,0.));
#2192=DIRECTION('',(-0.761725352248783,0.647900059994955,0.));
#2193=DIRECTION('center_axis',(0.,0.,1.));
#2194=DIRECTION('ref_axis',(1.,0.,0.));
#2195=DIRECTION('',(0.983623535751574,0.180235234944701,0.));
#2196=DIRECTION('',(0.258819045102521,0.965925826289068,0.));
#2197=DIRECTION('center_axis',(0.,0.,1.));
#2198=DIRECTION('ref_axis',(1.,0.,0.));
#2199=DIRECTION('',(0.335723475756619,0.941960587193485,0.));
#2200=DIRECTION('',(-0.707106781186548,0.707106781186547,0.));
#2201=DIRECTION('',(-0.941960587193485,-0.33572347575662,0.));
#2202=DIRECTION('center_axis',(0.,0.,1.));
#2203=DIRECTION('ref_axis',(1.,0.,0.));
#2204=DIRECTION('center_axis',(0.,0.,1.));
#2205=DIRECTION('ref_axis',(1.,0.,0.));
#2206=DIRECTION('',(-0.335723475756619,0.941960587193485,0.));
#2207=DIRECTION('center_axis',(0.,0.,1.));
#2208=DIRECTION('ref_axis',(1.,0.,0.));
#2209=DIRECTION('',(0.941960587193485,-0.33572347575662,0.));
#2210=DIRECTION('',(0.707106781186548,0.707106781186547,0.));
#2211=DIRECTION('center_axis',(0.,0.,1.));
#2212=DIRECTION('ref_axis',(1.,0.,0.));
#2213=DIRECTION('',(-0.180235234944702,0.983623535751574,0.));
#2214=DIRECTION('',(-0.965925826289068,0.258819045102521,0.));
#2215=DIRECTION('',(-0.647900059994956,-0.761725352248783,0.));
#2216=DIRECTION('center_axis',(0.,0.,1.));
#2217=DIRECTION('ref_axis',(1.,0.,0.));
#2218=DIRECTION('center_axis',(0.,0.,1.));
#2219=DIRECTION('ref_axis',(1.,0.,0.));
#2220=DIRECTION('',(0.180235234944701,0.983623535751574,0.));
#2221=DIRECTION('center_axis',(0.,0.,1.));
#2222=DIRECTION('ref_axis',(1.,0.,0.));
#2223=DIRECTION('',(0.647900059994954,-0.761725352248784,0.));
#2224=DIRECTION('',(0.965925826289068,0.25881904510252,0.));
#2225=DIRECTION('center_axis',(0.,0.,1.));
#2226=DIRECTION('ref_axis',(1.,0.,0.));
#2227=DIRECTION('',(-0.647900059994955,0.761725352248784,0.));
#2228=DIRECTION('',(-0.965925826289068,-0.258819045102521,0.));
#2229=DIRECTION('',(-0.180235234944702,-0.983623535751574,0.));
#2230=DIRECTION('center_axis',(0.,0.,1.));
#2231=DIRECTION('ref_axis',(1.,0.,0.));
#2232=DIRECTION('center_axis',(0.,0.,1.));
#2233=DIRECTION('ref_axis',(1.,0.,0.));
#2234=DIRECTION('',(0.647900059994955,0.761725352248784,0.));
#2235=DIRECTION('center_axis',(0.,0.,1.));
#2236=DIRECTION('ref_axis',(1.,0.,0.));
#2237=DIRECTION('',(0.1802352349447,-0.983623535751574,0.));
#2238=DIRECTION('',(0.965925826289068,-0.258819045102521,0.));
#2239=DIRECTION('center_axis',(0.,0.,1.));
#2240=DIRECTION('ref_axis',(1.,0.,0.));
#2241=DIRECTION('',(-0.941960587193485,0.335723475756619,0.));
#2242=DIRECTION('',(-0.707106781186549,-0.707106781186546,0.));
#2243=DIRECTION('',(0.335723475756619,-0.941960587193485,0.));
#2244=DIRECTION('center_axis',(0.,0.,1.));
#2245=DIRECTION('ref_axis',(1.,0.,0.));
#2246=DIRECTION('center_axis',(0.,0.,1.));
#2247=DIRECTION('ref_axis',(1.,0.,0.));
#2248=DIRECTION('',(0.941960587193485,0.335723475756619,0.));
#2249=DIRECTION('center_axis',(0.,0.,1.));
#2250=DIRECTION('ref_axis',(1.,0.,0.));
#2251=DIRECTION('',(-0.335723475756621,-0.941960587193484,0.));
#2252=DIRECTION('',(0.707106781186547,-0.707106781186548,0.));
#2253=DIRECTION('center_axis',(0.,0.,1.));
#2254=DIRECTION('ref_axis',(1.,0.,0.));
#2255=DIRECTION('',(-0.983623535751574,-0.180235234944701,0.));
#2256=DIRECTION('',(-0.258819045102521,-0.965925826289068,0.));
#2257=DIRECTION('',(0.761725352248783,-0.647900059994955,0.));
#2258=DIRECTION('center_axis',(0.,0.,1.));
#2259=DIRECTION('ref_axis',(1.,0.,0.));
#2260=DIRECTION('center_axis',(0.,0.,1.));
#2261=DIRECTION('ref_axis',(1.,0.,0.));
#2262=DIRECTION('',(0.983623535751574,-0.180235234944701,0.));
#2263=DIRECTION('center_axis',(0.,0.,1.));
#2264=DIRECTION('ref_axis',(1.,0.,0.));
#2265=DIRECTION('',(-0.761725352248784,-0.647900059994955,0.));
#2266=DIRECTION('',(0.25881904510252,-0.965925826289068,0.));
#2267=DIRECTION('center_axis',(0.,0.,1.));
#2268=DIRECTION('ref_axis',(1.,0.,0.));
#2269=DIRECTION('',(0.,0.,-1.));
#2270=DIRECTION('',(0.,0.,1.));
#2271=DIRECTION('center_axis',(0.,0.,1.));
#2272=DIRECTION('ref_axis',(1.,0.,0.));
#2273=DIRECTION('',(0.,0.,-1.));
#2274=DIRECTION('',(0.,0.,1.));
#2275=DIRECTION('center_axis',(0.,0.,1.));
#2276=DIRECTION('ref_axis',(1.,0.,0.));
#2277=DIRECTION('',(0.,0.,-1.));
#2278=DIRECTION('',(0.,0.,1.));
#2279=DIRECTION('center_axis',(0.,0.,1.));
#2280=DIRECTION('ref_axis',(1.,0.,0.));
#2281=DIRECTION('',(0.,0.,-1.));
#2282=DIRECTION('',(0.,0.,1.));
#2283=DIRECTION('center_axis',(0.,0.,1.));
#2284=DIRECTION('ref_axis',(1.,0.,0.));
#2285=DIRECTION('',(0.,0.,-1.));
#2286=DIRECTION('',(0.,0.,1.));
#2287=DIRECTION('center_axis',(0.,0.,1.));
#2288=DIRECTION('ref_axis',(1.,0.,0.));
#2289=DIRECTION('',(0.,0.,-1.));
#2290=DIRECTION('',(0.,0.,1.));
#2291=DIRECTION('center_axis',(0.,0.,1.));
#2292=DIRECTION('ref_axis',(1.,0.,0.));
#2293=DIRECTION('',(0.,0.,-1.));
#2294=DIRECTION('',(0.,0.,1.));
#2295=DIRECTION('center_axis',(0.,0.,1.));
#2296=DIRECTION('ref_axis',(1.,0.,0.));
#2297=DIRECTION('',(0.,0.,-1.));
#2298=DIRECTION('',(0.,0.,1.));
#2299=DIRECTION('center_axis',(0.,0.,1.));
#2300=DIRECTION('ref_axis',(1.,0.,0.));
#2301=DIRECTION('',(0.,0.,-1.));
#2302=DIRECTION('',(0.,0.,1.));
#2303=DIRECTION('center_axis',(0.,0.,1.));
#2304=DIRECTION('ref_axis',(1.,0.,0.));
#2305=DIRECTION('',(0.,0.,-1.));
#2306=DIRECTION('',(0.,0.,1.));
#2307=DIRECTION('center_axis',(0.,0.,1.));
#2308=DIRECTION('ref_axis',(1.,0.,0.));
#2309=DIRECTION('',(0.,0.,-1.));
#2310=DIRECTION('',(0.,0.,1.));
#2311=DIRECTION('center_axis',(0.,0.,1.));
#2312=DIRECTION('ref_axis',(1.,0.,0.));
#2313=DIRECTION('',(0.,0.,-1.));
#2314=DIRECTION('',(0.,0.,1.));
#2315=DIRECTION('center_axis',(0.,0.,1.));
#2316=DIRECTION('ref_axis',(1.,0.,0.));
#2317=DIRECTION('',(0.,0.,-1.));
#2318=DIRECTION('center_axis',(0.,0.,1.));
#2319=DIRECTION('ref_axis',(1.,0.,0.));
#2320=DIRECTION('center_axis',(-0.180235234944701,-0.983623535751574,0.));
#2321=DIRECTION('ref_axis',(0.983623535751574,-0.180235234944701,0.));
#2322=DIRECTION('',(0.,0.,1.));
#2323=DIRECTION('',(0.,0.,1.));
#2324=DIRECTION('',(0.983623535751574,-0.180235234944701,0.));
#2325=DIRECTION('center_axis',(-0.965925826289068,-0.25881904510252,0.));
#2326=DIRECTION('ref_axis',(0.25881904510252,-0.965925826289068,0.));
#2327=DIRECTION('',(0.,0.,1.));
#2328=DIRECTION('center_axis',(-0.647900059994955,0.761725352248784,0.));
#2329=DIRECTION('ref_axis',(-0.761725352248784,-0.647900059994955,0.));
#2330=DIRECTION('',(-0.761725352248784,-0.647900059994955,0.));
#2331=DIRECTION('',(0.,0.,1.));
#2332=DIRECTION('center_axis',(0.335723475756619,-0.941960587193485,0.));
#2333=DIRECTION('ref_axis',(0.941960587193485,0.335723475756619,0.));
#2334=DIRECTION('',(0.,0.,1.));
#2335=DIRECTION('',(0.,0.,1.));
#2336=DIRECTION('',(0.941960587193485,0.335723475756619,0.));
#2337=DIRECTION('center_axis',(-0.707106781186548,-0.707106781186547,0.));
#2338=DIRECTION('ref_axis',(0.707106781186547,-0.707106781186548,0.));
#2339=DIRECTION('',(0.,0.,1.));
#2340=DIRECTION('center_axis',(-0.941960587193484,0.335723475756621,0.));
#2341=DIRECTION('ref_axis',(-0.335723475756621,-0.941960587193484,0.));
#2342=DIRECTION('',(-0.335723475756621,-0.941960587193484,0.));
#2343=DIRECTION('',(0.,0.,1.));
#2344=DIRECTION('center_axis',(0.761725352248784,-0.647900059994955,0.));
#2345=DIRECTION('ref_axis',(0.647900059994955,0.761725352248784,0.));
#2346=DIRECTION('',(0.,0.,1.));
#2347=DIRECTION('',(0.,0.,1.));
#2348=DIRECTION('',(0.647900059994955,0.761725352248784,0.));
#2349=DIRECTION('center_axis',(-0.258819045102521,-0.965925826289068,0.));
#2350=DIRECTION('ref_axis',(0.965925826289068,-0.258819045102521,0.));
#2351=DIRECTION('',(0.,0.,1.));
#2352=DIRECTION('center_axis',(-0.983623535751574,-0.1802352349447,0.));
#2353=DIRECTION('ref_axis',(0.1802352349447,-0.983623535751574,0.));
#2354=DIRECTION('',(0.1802352349447,-0.983623535751574,0.));
#2355=DIRECTION('',(0.,0.,1.));
#2356=DIRECTION('center_axis',(0.983623535751574,-0.180235234944701,0.));
#2357=DIRECTION('ref_axis',(0.180235234944701,0.983623535751574,0.));
#2358=DIRECTION('',(0.,0.,1.));
#2359=DIRECTION('',(0.,0.,1.));
#2360=DIRECTION('',(0.180235234944701,0.983623535751574,0.));
#2361=DIRECTION('center_axis',(0.25881904510252,-0.965925826289068,0.));
#2362=DIRECTION('ref_axis',(0.965925826289068,0.25881904510252,0.));
#2363=DIRECTION('',(0.,0.,1.));
#2364=DIRECTION('center_axis',(-0.761725352248784,-0.647900059994954,0.));
#2365=DIRECTION('ref_axis',(0.647900059994954,-0.761725352248784,0.));
#2366=DIRECTION('',(0.647900059994954,-0.761725352248784,0.));
#2367=DIRECTION('',(0.,0.,1.));
#2368=DIRECTION('center_axis',(0.941960587193485,0.335723475756619,0.));
#2369=DIRECTION('ref_axis',(-0.335723475756619,0.941960587193485,0.));
#2370=DIRECTION('',(0.,0.,1.));
#2371=DIRECTION('',(0.,0.,1.));
#2372=DIRECTION('',(-0.335723475756619,0.941960587193485,0.));
#2373=DIRECTION('center_axis',(0.707106781186547,-0.707106781186548,0.));
#2374=DIRECTION('ref_axis',(0.707106781186548,0.707106781186547,0.));
#2375=DIRECTION('',(0.,0.,1.));
#2376=DIRECTION('center_axis',(-0.33572347575662,-0.941960587193485,0.));
#2377=DIRECTION('ref_axis',(0.941960587193485,-0.33572347575662,0.));
#2378=DIRECTION('',(0.941960587193485,-0.33572347575662,0.));
#2379=DIRECTION('',(0.,0.,1.));
#2380=DIRECTION('center_axis',(0.647900059994955,0.761725352248783,0.));
#2381=DIRECTION('ref_axis',(-0.761725352248783,0.647900059994955,0.));
#2382=DIRECTION('',(0.,0.,1.));
#2383=DIRECTION('',(0.,0.,1.));
#2384=DIRECTION('',(-0.761725352248783,0.647900059994955,0.));
#2385=DIRECTION('center_axis',(0.965925826289068,-0.258819045102521,0.));
#2386=DIRECTION('ref_axis',(0.258819045102521,0.965925826289068,0.));
#2387=DIRECTION('',(0.,0.,1.));
#2388=DIRECTION('center_axis',(0.,0.,1.));
#2389=DIRECTION('ref_axis',(1.,0.,0.));
#2390=DIRECTION('',(0.5,0.866025403784439,0.));
#2391=DIRECTION('center_axis',(0.,0.,1.));
#2392=DIRECTION('ref_axis',(1.,0.,0.));
#2393=DIRECTION('',(-0.983623535751574,0.180235234944701,0.));
#2394=DIRECTION('',(0.,1.,0.));
#2395=DIRECTION('',(0.983623535751574,0.180235234944701,0.));
#2396=DIRECTION('center_axis',(0.,0.,1.));
#2397=DIRECTION('ref_axis',(1.,0.,0.));
#2398=DIRECTION('',(0.866025403784439,0.499999999999999,0.));
#2399=DIRECTION('center_axis',(0.,0.,1.));
#2400=DIRECTION('ref_axis',(1.,0.,0.));
#2401=DIRECTION('',(-0.941960587193485,-0.33572347575662,0.));
#2402=DIRECTION('',(-0.5,0.866025403784439,0.));
#2403=DIRECTION('',(0.761725352248784,0.647900059994955,0.));
#2404=DIRECTION('center_axis',(0.,0.,1.));
#2405=DIRECTION('ref_axis',(1.,0.,0.));
#2406=DIRECTION('',(1.,0.,0.));
#2407=DIRECTION('center_axis',(0.,0.,1.));
#2408=DIRECTION('ref_axis',(1.,0.,0.));
#2409=DIRECTION('',(-0.647900059994956,-0.761725352248783,0.));
#2410=DIRECTION('',(-0.866025403784439,0.5,0.));
#2411=DIRECTION('',(0.335723475756619,0.941960587193485,0.));
#2412=DIRECTION('center_axis',(0.,0.,1.));
#2413=DIRECTION('ref_axis',(1.,0.,0.));
#2414=DIRECTION('',(0.866025403784439,-0.5,0.));
#2415=DIRECTION('center_axis',(0.,0.,1.));
#2416=DIRECTION('ref_axis',(1.,0.,0.));
#2417=DIRECTION('',(-0.180235234944702,-0.983623535751574,0.));
#2418=DIRECTION('',(-1.,0.,0.));
#2419=DIRECTION('',(-0.180235234944702,0.983623535751574,0.));
#2420=DIRECTION('center_axis',(0.,0.,1.));
#2421=DIRECTION('ref_axis',(1.,0.,0.));
#2422=DIRECTION('',(0.5,-0.866025403784439,0.));
#2423=DIRECTION('center_axis',(0.,0.,1.));
#2424=DIRECTION('ref_axis',(1.,0.,0.));
#2425=DIRECTION('',(0.335723475756619,-0.941960587193485,0.));
#2426=DIRECTION('',(-0.866025403784439,-0.5,0.));
#2427=DIRECTION('',(-0.647900059994955,0.761725352248784,0.));
#2428=DIRECTION('center_axis',(0.,0.,1.));
#2429=DIRECTION('ref_axis',(1.,0.,0.));
#2430=DIRECTION('',(0.,-1.,0.));
#2431=DIRECTION('',(-0.983623535751574,-0.180235234944701,0.));
#2432=DIRECTION('center_axis',(0.,0.,1.));
#2433=DIRECTION('ref_axis',(1.,0.,0.));
#2434=DIRECTION('',(0.761725352248783,-0.647900059994955,0.));
#2435=DIRECTION('',(-0.5,-0.866025403784439,0.));
#2436=DIRECTION('',(-0.941960587193485,0.335723475756619,0.));
#2437=DIRECTION('center_axis',(0.180235234944701,-0.983623535751574,0.));
#2438=DIRECTION('ref_axis',(0.983623535751574,0.180235234944701,0.));
#2439=DIRECTION('',(0.,0.,1.));
#2440=DIRECTION('center_axis',(0.,0.,1.));
#2441=DIRECTION('ref_axis',(1.,0.,0.));
#2442=DIRECTION('center_axis',(0.866025403784439,-0.5,0.));
#2443=DIRECTION('ref_axis',(0.5,0.866025403784439,0.));
#2444=DIRECTION('center_axis',(0.499999999999999,-0.866025403784439,0.));
#2445=DIRECTION('ref_axis',(0.866025403784439,0.499999999999999,0.));
#2446=DIRECTION('center_axis',(0.,-1.,0.));
#2447=DIRECTION('ref_axis',(1.,0.,0.));
#2448=DIRECTION('center_axis',(-0.5,-0.866025403784439,0.));
#2449=DIRECTION('ref_axis',(0.866025403784439,-0.5,0.));
#2450=DIRECTION('center_axis',(-0.866025403784439,-0.5,0.));
#2451=DIRECTION('ref_axis',(0.5,-0.866025403784439,0.));
#2452=DIRECTION('center_axis',(-1.,0.,0.));
#2453=DIRECTION('ref_axis',(0.,-1.,0.));
#2454=DIRECTION('',(0.,0.,1.));
#2455=DIRECTION('center_axis',(-0.180235234944701,0.983623535751574,0.));
#2456=DIRECTION('ref_axis',(-0.983623535751574,-0.180235234944701,0.));
#2457=DIRECTION('',(0.,0.,1.));
#2458=DIRECTION('center_axis',(-0.965925826289068,0.258819045102521,0.));
#2459=DIRECTION('ref_axis',(-0.258819045102521,-0.965925826289068,0.));
#2460=DIRECTION('',(0.,0.,1.));
#2461=DIRECTION('center_axis',(-0.647900059994955,-0.761725352248784,0.));
#2462=DIRECTION('ref_axis',(0.761725352248783,-0.647900059994955,0.));
#2463=DIRECTION('',(0.,0.,1.));
#2464=DIRECTION('center_axis',(-0.866025403784439,0.5,0.));
#2465=DIRECTION('ref_axis',(-0.5,-0.866025403784439,0.));
#2466=DIRECTION('',(0.,0.,1.));
#2467=DIRECTION('center_axis',(0.335723475756619,0.941960587193485,0.));
#2468=DIRECTION('ref_axis',(-0.941960587193485,0.335723475756619,0.));
#2469=DIRECTION('',(0.,0.,1.));
#2470=DIRECTION('center_axis',(-0.707106781186546,0.707106781186549,0.));
#2471=DIRECTION('ref_axis',(-0.707106781186549,-0.707106781186546,0.));
#2472=DIRECTION('',(0.,0.,1.));
#2473=DIRECTION('center_axis',(-0.941960587193485,-0.335723475756619,0.));
#2474=DIRECTION('ref_axis',(0.335723475756619,-0.941960587193485,0.));
#2475=DIRECTION('',(0.,0.,1.));
#2476=DIRECTION('center_axis',(-0.5,0.866025403784439,0.));
#2477=DIRECTION('ref_axis',(-0.866025403784439,-0.5,0.));
#2478=DIRECTION('',(0.,0.,1.));
#2479=DIRECTION('center_axis',(0.761725352248784,0.647900059994955,0.));
#2480=DIRECTION('ref_axis',(-0.647900059994955,0.761725352248784,0.));
#2481=DIRECTION('',(0.,0.,1.));
#2482=DIRECTION('center_axis',(-0.258819045102521,0.965925826289068,0.));
#2483=DIRECTION('ref_axis',(-0.965925826289068,-0.258819045102521,0.));
#2484=DIRECTION('',(0.,0.,1.));
#2485=DIRECTION('center_axis',(-0.983623535751574,0.180235234944702,0.));
#2486=DIRECTION('ref_axis',(-0.180235234944702,-0.983623535751574,0.));
#2487=DIRECTION('',(0.,0.,1.));
#2488=DIRECTION('center_axis',(0.,1.,0.));
#2489=DIRECTION('ref_axis',(-1.,0.,0.));
#2490=DIRECTION('',(0.,0.,1.));
#2491=DIRECTION('center_axis',(0.983623535751574,0.180235234944702,0.));
#2492=DIRECTION('ref_axis',(-0.180235234944702,0.983623535751574,0.));
#2493=DIRECTION('',(0.,0.,1.));
#2494=DIRECTION('center_axis',(0.258819045102521,0.965925826289068,0.));
#2495=DIRECTION('ref_axis',(-0.965925826289068,0.258819045102521,0.));
#2496=DIRECTION('',(0.,0.,1.));
#2497=DIRECTION('center_axis',(-0.761725352248783,0.647900059994956,0.));
#2498=DIRECTION('ref_axis',(-0.647900059994956,-0.761725352248783,0.));
#2499=DIRECTION('',(0.,0.,1.));
#2500=DIRECTION('center_axis',(0.5,0.866025403784439,0.));
#2501=DIRECTION('ref_axis',(-0.866025403784439,0.5,0.));
#2502=DIRECTION('',(0.,0.,1.));
#2503=DIRECTION('center_axis',(0.941960587193485,-0.335723475756619,0.));
#2504=DIRECTION('ref_axis',(0.335723475756619,0.941960587193485,0.));
#2505=DIRECTION('',(0.,0.,1.));
#2506=DIRECTION('center_axis',(0.707106781186547,0.707106781186548,0.));
#2507=DIRECTION('ref_axis',(-0.707106781186548,0.707106781186547,0.));
#2508=DIRECTION('',(0.,0.,1.));
#2509=DIRECTION('center_axis',(-0.33572347575662,0.941960587193485,0.));
#2510=DIRECTION('ref_axis',(-0.941960587193485,-0.33572347575662,0.));
#2511=DIRECTION('',(0.,0.,1.));
#2512=DIRECTION('center_axis',(0.866025403784439,0.5,0.));
#2513=DIRECTION('ref_axis',(-0.5,0.866025403784439,0.));
#2514=DIRECTION('',(0.,0.,1.));
#2515=DIRECTION('center_axis',(0.647900059994955,-0.761725352248784,0.));
#2516=DIRECTION('ref_axis',(0.761725352248784,0.647900059994955,0.));
#2517=DIRECTION('',(0.,0.,1.));
#2518=DIRECTION('center_axis',(0.965925826289068,0.258819045102522,0.));
#2519=DIRECTION('ref_axis',(-0.258819045102522,0.965925826289068,0.));
#2520=DIRECTION('',(0.,0.,1.));
#2521=DIRECTION('center_axis',(0.180235234944701,0.983623535751574,0.));
#2522=DIRECTION('ref_axis',(-0.983623535751574,0.180235234944701,0.));
#2523=DIRECTION('',(0.,0.,1.));
#2524=DIRECTION('center_axis',(1.,0.,0.));
#2525=DIRECTION('ref_axis',(0.,1.,0.));
#2526=CARTESIAN_POINT('',(0.,0.,0.));
#2527=CARTESIAN_POINT('Origin',(0.,0.,472.42));
#2528=CARTESIAN_POINT('',(-10.4,-1.27363267111325E-15,472.42));
#2529=CARTESIAN_POINT('Origin',(0.,0.,472.42));
#2530=CARTESIAN_POINT('',(-3.15,3.85763741731416E-16,472.42));
#2531=CARTESIAN_POINT('Origin',(0.,0.,472.42));
#2532=CARTESIAN_POINT('',(5.3,2.0818995585505E-16,472.42));
#2533=CARTESIAN_POINT('Origin',(7.,0.,472.42));
#2534=CARTESIAN_POINT('',(-8.7,2.0818995585505E-16,472.42));
#2535=CARTESIAN_POINT('Origin',(-7.,0.,472.42));
#2536=CARTESIAN_POINT('',(-1.7,7.,472.42));
#2537=CARTESIAN_POINT('Origin',(0.,7.,472.42));
#2538=CARTESIAN_POINT('',(-1.7,-7.,472.42));
#2539=CARTESIAN_POINT('Origin',(0.,-7.,472.42));
#2540=CARTESIAN_POINT('Origin',(0.,0.,469.88));
#2541=CARTESIAN_POINT('',(-10.4,-1.27363267111325E-15,469.88));
#2542=CARTESIAN_POINT('Origin',(0.,0.,469.88));
#2543=CARTESIAN_POINT('',(-6.2,-7.59281015471359E-16,469.88));
#2544=CARTESIAN_POINT('Origin',(0.,0.,469.88));
#2545=CARTESIAN_POINT('Origin',(0.,0.,467.9));
#2546=CARTESIAN_POINT('',(-6.2,-7.59281015471359E-16,467.95));
#2547=CARTESIAN_POINT('Origin',(0.,0.,467.95));
#2548=CARTESIAN_POINT('',(-6.2,-7.59281015471359E-16,467.9));
#2549=CARTESIAN_POINT('Origin',(0.,0.,472.05));
#2550=CARTESIAN_POINT('',(-12.4,-1.51856203094272E-15,472.05));
#2551=CARTESIAN_POINT('Origin',(0.,0.,472.05));
#2552=CARTESIAN_POINT('',(-10.5,-1.28587913910472E-15,472.05));
#2553=CARTESIAN_POINT('Origin',(0.,0.,472.05));
#2554=CARTESIAN_POINT('Origin',(0.,0.,467.95));
#2555=CARTESIAN_POINT('',(-12.4,-1.51856203094272E-15,467.95));
#2556=CARTESIAN_POINT('',(-12.4,-1.51856203094272E-15,467.95));
#2557=CARTESIAN_POINT('Origin',(0.,0.,467.95));
#2558=CARTESIAN_POINT('Origin',(0.,0.,467.95));
#2559=CARTESIAN_POINT('Origin',(0.,-7.,469.9));
#2560=CARTESIAN_POINT('',(-1.7,-7.,480.6));
#2561=CARTESIAN_POINT('',(-1.7,-7.,469.9));
#2562=CARTESIAN_POINT('',(-0.880370979317517,-8.45428571428571,480.6));
#2563=CARTESIAN_POINT('Origin',(0.,-7.,480.6));
#2564=CARTESIAN_POINT('',(-0.880370979317517,-8.45428571428571,478.1));
#2565=CARTESIAN_POINT('',(-0.880370979317521,-8.45428571428571,469.9));
#2566=CARTESIAN_POINT('',(0.880370979317517,-8.45428571428571,478.1));
#2567=CARTESIAN_POINT('Origin',(0.,-7.,478.1));
#2568=CARTESIAN_POINT('',(0.880370979317517,-8.45428571428571,480.6));
#2569=CARTESIAN_POINT('',(0.880370979317521,-8.45428571428571,469.9));
#2570=CARTESIAN_POINT('Origin',(0.,-7.,480.6));
#2571=CARTESIAN_POINT('Origin',(0.,7.,469.9));
#2572=CARTESIAN_POINT('',(-1.7,7.,480.6));
#2573=CARTESIAN_POINT('',(-1.7,7.,469.9));
#2574=CARTESIAN_POINT('',(0.880370979317517,8.45428571428571,480.6));
#2575=CARTESIAN_POINT('Origin',(0.,7.,480.6));
#2576=CARTESIAN_POINT('',(0.880370979317517,8.45428571428571,478.1));
#2577=CARTESIAN_POINT('',(0.880370979317521,8.45428571428571,469.9));
#2578=CARTESIAN_POINT('',(-0.880370979317517,8.45428571428571,478.1));
#2579=CARTESIAN_POINT('Origin',(0.,7.,478.1));
#2580=CARTESIAN_POINT('',(-0.880370979317517,8.45428571428571,480.6));
#2581=CARTESIAN_POINT('',(-0.880370979317521,8.45428571428571,469.9));
#2582=CARTESIAN_POINT('Origin',(0.,7.,480.6));
#2583=CARTESIAN_POINT('Origin',(-7.,0.,469.9));
#2584=CARTESIAN_POINT('',(-8.7,-2.0818995585505E-16,478.1));
#2585=CARTESIAN_POINT('',(-8.7,-2.0818995585505E-16,469.9));
#2586=CARTESIAN_POINT('',(-8.45428571428571,-0.880370979317517,478.1));
#2587=CARTESIAN_POINT('Origin',(-7.,0.,478.1));
#2588=CARTESIAN_POINT('',(-8.45428571428571,-0.880370979317517,480.6));
#2589=CARTESIAN_POINT('',(-8.45428571428571,-0.880370979317521,469.9));
#2590=CARTESIAN_POINT('',(-8.45428571428571,0.880370979317517,480.6));
#2591=CARTESIAN_POINT('Origin',(-7.,0.,480.6));
#2592=CARTESIAN_POINT('',(-8.45428571428571,0.880370979317517,478.1));
#2593=CARTESIAN_POINT('',(-8.45428571428571,0.880370979317521,469.9));
#2594=CARTESIAN_POINT('Origin',(-7.,0.,478.1));
#2595=CARTESIAN_POINT('Origin',(7.,0.,469.9));
#2596=CARTESIAN_POINT('',(5.3,-2.0818995585505E-16,480.6));
#2597=CARTESIAN_POINT('',(5.3,-2.0818995585505E-16,469.9));
#2598=CARTESIAN_POINT('',(8.45428571428571,-0.880370979317517,480.6));
#2599=CARTESIAN_POINT('Origin',(7.,0.,480.6));
#2600=CARTESIAN_POINT('',(8.45428571428571,-0.880370979317517,478.1));
#2601=CARTESIAN_POINT('',(8.45428571428571,-0.880370979317521,469.9));
#2602=CARTESIAN_POINT('',(8.45428571428571,0.880370979317517,478.1));
#2603=CARTESIAN_POINT('Origin',(7.,0.,478.1));
#2604=CARTESIAN_POINT('',(8.45428571428571,0.880370979317517,480.6));
#2605=CARTESIAN_POINT('',(8.45428571428571,0.880370979317521,469.9));
#2606=CARTESIAN_POINT('Origin',(7.,0.,480.6));
#2607=CARTESIAN_POINT('Origin',(0.,0.,469.9));
#2608=CARTESIAN_POINT('',(-3.15,3.85763741731416E-16,480.6));
#2609=CARTESIAN_POINT('',(-3.15,-3.85763741731416E-16,469.9));
#2610=CARTESIAN_POINT('Origin',(0.,0.,480.6));
#2611=CARTESIAN_POINT('Origin',(0.,0.,478.1));
#2612=CARTESIAN_POINT('',(9.51056516295153,-3.09016994374948,478.1));
#2613=CARTESIAN_POINT('',(9.78147600733806,-2.07911690817759,478.1));
#2614=CARTESIAN_POINT('',(9.51056516295153,-3.09016994374948,478.1));
#2615=CARTESIAN_POINT('',(13.9378675044431,-1.3175163864592,478.1));
#2616=CARTESIAN_POINT('',(9.78147600733806,-2.07911690817759,478.1));
#2617=CARTESIAN_POINT('',(13.9378675044431,1.3175163864592,478.1));
#2618=CARTESIAN_POINT('',(13.9378675044431,-1.3175163864592,478.1));
#2619=CARTESIAN_POINT('',(9.78147600733806,2.07911690817759,478.1));
#2620=CARTESIAN_POINT('',(13.9378675044431,1.3175163864592,478.1));
#2621=CARTESIAN_POINT('',(9.51056516295153,3.09016994374947,478.1));
#2622=CARTESIAN_POINT('',(9.78147600733806,2.07911690817759,478.1));
#2623=CARTESIAN_POINT('',(12.729305526659,5.82793109164562,478.1));
#2624=CARTESIAN_POINT('',(9.51056516295153,3.09016994374947,478.1));
#2625=CARTESIAN_POINT('',(11.4117891401998,8.1099364127975,478.1));
#2626=CARTESIAN_POINT('',(12.729305526659,5.82793109164562,478.1));
#2627=CARTESIAN_POINT('',(7.43144825477394,6.69130606358858,478.1));
#2628=CARTESIAN_POINT('',(11.4117891401998,8.1099364127975,478.1));
#2629=CARTESIAN_POINT('',(6.69130606358858,7.43144825477394,478.1));
#2630=CARTESIAN_POINT('',(7.43144825477394,6.69130606358858,478.1));
#2631=CARTESIAN_POINT('',(8.10993641279751,11.4117891401998,478.1));
#2632=CARTESIAN_POINT('',(6.69130606358858,7.43144825477394,478.1));
#2633=CARTESIAN_POINT('',(5.82793109164562,12.729305526659,478.1));
#2634=CARTESIAN_POINT('',(8.10993641279751,11.4117891401998,478.1));
#2635=CARTESIAN_POINT('',(3.09016994374947,9.51056516295153,478.1));
#2636=CARTESIAN_POINT('',(5.82793109164562,12.729305526659,478.1));
#2637=CARTESIAN_POINT('',(2.0791169081776,9.78147600733806,478.1));
#2638=CARTESIAN_POINT('',(3.09016994374947,9.51056516295153,478.1));
#2639=CARTESIAN_POINT('',(1.3175163864592,13.9378675044431,478.1));
#2640=CARTESIAN_POINT('',(2.07911690817759,9.78147600733806,478.1));
#2641=CARTESIAN_POINT('',(-1.3175163864592,13.9378675044431,478.1));
#2642=CARTESIAN_POINT('',(1.3175163864592,13.9378675044431,478.1));
#2643=CARTESIAN_POINT('',(-2.07911690817759,9.78147600733806,478.1));
#2644=CARTESIAN_POINT('',(-1.3175163864592,13.9378675044431,478.1));
#2645=CARTESIAN_POINT('',(-3.09016994374947,9.51056516295154,478.1));
#2646=CARTESIAN_POINT('',(-2.07911690817759,9.78147600733806,478.1));
#2647=CARTESIAN_POINT('',(-5.82793109164561,12.729305526659,478.1));
#2648=CARTESIAN_POINT('',(-3.09016994374947,9.51056516295154,478.1));
#2649=CARTESIAN_POINT('',(-8.1099364127975,11.4117891401998,478.1));
#2650=CARTESIAN_POINT('',(-5.82793109164561,12.729305526659,478.1));
#2651=CARTESIAN_POINT('',(-6.69130606358858,7.43144825477394,478.1));
#2652=CARTESIAN_POINT('',(-8.1099364127975,11.4117891401998,478.1));
#2653=CARTESIAN_POINT('',(-7.43144825477394,6.69130606358858,478.1));
#2654=CARTESIAN_POINT('',(-6.69130606358858,7.43144825477394,478.1));
#2655=CARTESIAN_POINT('',(-11.4117891401998,8.10993641279751,478.1));
#2656=CARTESIAN_POINT('',(-7.43144825477394,6.69130606358858,478.1));
#2657=CARTESIAN_POINT('',(-12.729305526659,5.82793109164562,478.1));
#2658=CARTESIAN_POINT('',(-11.4117891401998,8.10993641279751,478.1));
#2659=CARTESIAN_POINT('',(-9.51056516295153,3.09016994374948,478.1));
#2660=CARTESIAN_POINT('',(-12.729305526659,5.82793109164562,478.1));
#2661=CARTESIAN_POINT('',(-9.78147600733806,2.07911690817759,478.1));
#2662=CARTESIAN_POINT('',(-9.51056516295153,3.09016994374948,478.1));
#2663=CARTESIAN_POINT('',(-13.9378675044431,1.3175163864592,478.1));
#2664=CARTESIAN_POINT('',(-9.78147600733806,2.07911690817759,478.1));
#2665=CARTESIAN_POINT('',(-13.9378675044431,-1.3175163864592,478.1));
#2666=CARTESIAN_POINT('',(-13.9378675044431,1.3175163864592,478.1));
#2667=CARTESIAN_POINT('',(-9.78147600733806,-2.07911690817759,478.1));
#2668=CARTESIAN_POINT('',(-13.9378675044431,-1.3175163864592,478.1));
#2669=CARTESIAN_POINT('',(-9.51056516295154,-3.09016994374947,478.1));
#2670=CARTESIAN_POINT('',(-9.78147600733806,-2.07911690817759,478.1));
#2671=CARTESIAN_POINT('',(-12.729305526659,-5.82793109164561,478.1));
#2672=CARTESIAN_POINT('',(-9.51056516295154,-3.09016994374947,478.1));
#2673=CARTESIAN_POINT('',(-11.4117891401998,-8.1099364127975,478.1));
#2674=CARTESIAN_POINT('',(-12.729305526659,-5.82793109164561,478.1));
#2675=CARTESIAN_POINT('',(-7.43144825477395,-6.69130606358858,478.1));
#2676=CARTESIAN_POINT('',(-11.4117891401998,-8.1099364127975,478.1));
#2677=CARTESIAN_POINT('',(-6.69130606358858,-7.43144825477394,478.1));
#2678=CARTESIAN_POINT('',(-7.43144825477394,-6.69130606358858,478.1));
#2679=CARTESIAN_POINT('',(-8.10993641279751,-11.4117891401998,478.1));
#2680=CARTESIAN_POINT('',(-6.69130606358858,-7.43144825477394,478.1));
#2681=CARTESIAN_POINT('',(-5.82793109164562,-12.729305526659,478.1));
#2682=CARTESIAN_POINT('',(-8.10993641279751,-11.4117891401998,478.1));
#2683=CARTESIAN_POINT('',(-3.09016994374948,-9.51056516295153,478.1));
#2684=CARTESIAN_POINT('',(-5.82793109164562,-12.729305526659,478.1));
#2685=CARTESIAN_POINT('',(-2.0791169081776,-9.78147600733806,478.1));
#2686=CARTESIAN_POINT('',(-3.09016994374948,-9.51056516295153,478.1));
#2687=CARTESIAN_POINT('',(-1.31751638645921,-13.9378675044431,478.1));
#2688=CARTESIAN_POINT('',(-2.0791169081776,-9.78147600733806,478.1));
#2689=CARTESIAN_POINT('',(1.3175163864592,-13.9378675044431,478.1));
#2690=CARTESIAN_POINT('',(-1.31751638645921,-13.9378675044431,478.1));
#2691=CARTESIAN_POINT('',(2.07911690817759,-9.78147600733806,478.1));
#2692=CARTESIAN_POINT('',(1.3175163864592,-13.9378675044431,478.1));
#2693=CARTESIAN_POINT('',(3.09016994374946,-9.51056516295154,478.1));
#2694=CARTESIAN_POINT('',(2.07911690817759,-9.78147600733806,478.1));
#2695=CARTESIAN_POINT('',(5.8279310916456,-12.729305526659,478.1));
#2696=CARTESIAN_POINT('',(3.09016994374946,-9.51056516295154,478.1));
#2697=CARTESIAN_POINT('',(8.1099364127975,-11.4117891401998,478.1));
#2698=CARTESIAN_POINT('',(5.8279310916456,-12.729305526659,478.1));
#2699=CARTESIAN_POINT('',(6.69130606358858,-7.43144825477395,478.1));
#2700=CARTESIAN_POINT('',(8.1099364127975,-11.4117891401998,478.1));
#2701=CARTESIAN_POINT('',(7.43144825477394,-6.69130606358859,478.1));
#2702=CARTESIAN_POINT('',(6.69130606358858,-7.43144825477395,478.1));
#2703=CARTESIAN_POINT('',(11.4117891401998,-8.10993641279751,478.1));
#2704=CARTESIAN_POINT('',(7.43144825477394,-6.69130606358859,478.1));
#2705=CARTESIAN_POINT('',(12.729305526659,-5.82793109164562,478.1));
#2706=CARTESIAN_POINT('',(11.4117891401998,-8.10993641279751,478.1));
#2707=CARTESIAN_POINT('',(12.729305526659,-5.82793109164562,478.1));
#2708=CARTESIAN_POINT('Origin',(0.,0.,478.1));
#2709=CARTESIAN_POINT('Origin',(0.,0.,478.1));
#2710=CARTESIAN_POINT('Origin',(0.,0.,478.1));
#2711=CARTESIAN_POINT('Origin',(0.,0.,478.1));
#2712=CARTESIAN_POINT('Origin',(0.,0.,478.));
#2713=CARTESIAN_POINT('Origin',(0.,0.,480.6));
#2714=CARTESIAN_POINT('Origin',(0.,0.,478.));
#2715=CARTESIAN_POINT('Origin',(0.,0.,480.6));
#2716=CARTESIAN_POINT('Origin',(0.,0.,478.));
#2717=CARTESIAN_POINT('Origin',(0.,0.,480.6));
#2718=CARTESIAN_POINT('Origin',(0.,0.,478.));
#2719=CARTESIAN_POINT('Origin',(0.,0.,480.6));
#2720=CARTESIAN_POINT('Origin',(0.,0.,469.9));
#2721=CARTESIAN_POINT('',(-10.4,-1.27363267111325E-15,469.9));
#2722=CARTESIAN_POINT('Origin',(0.,0.,472.7));
#2723=CARTESIAN_POINT('',(9.51056516295153,3.09016994374947,472.7));
#2724=CARTESIAN_POINT('',(9.92081158849078,3.43911288353072,472.7));
#2725=CARTESIAN_POINT('',(5.98889561800302,0.0947465897564728,472.7));
#2726=CARTESIAN_POINT('',(9.78147600733806,2.07911690817759,472.7));
#2727=CARTESIAN_POINT('',(9.71374829624142,2.33188016707057,472.7));
#2728=CARTESIAN_POINT('',(10.3112313035574,1.98204667062544,472.7));
#2729=CARTESIAN_POINT('',(7.31210478923469,2.53159459449126,472.7));
#2730=CARTESIAN_POINT('Origin',(0.,0.,472.7));
#2731=CARTESIAN_POINT('Origin',(0.,0.,472.7));
#2732=CARTESIAN_POINT('',(9.92081158849078,-3.43911288353072,472.7));
#2733=CARTESIAN_POINT('',(9.51056516295153,-3.09016994374948,472.7));
#2734=CARTESIAN_POINT('',(7.59826579985673,-1.46362716370454,472.7));
#2735=CARTESIAN_POINT('',(10.3112313035574,-1.98204667062544,472.7));
#2736=CARTESIAN_POINT('Origin',(0.,0.,472.7));
#2737=CARTESIAN_POINT('',(9.78147600733806,-2.07911690817759,472.7));
#2738=CARTESIAN_POINT('',(5.23390904068215,-2.91239485535046,472.7));
#2739=CARTESIAN_POINT('',(9.57829287404816,-2.83740668485651,472.7));
#2740=CARTESIAN_POINT('Origin',(0.,0.,472.7));
#2741=CARTESIAN_POINT('',(6.69130606358858,7.43144825477394,472.7));
#2742=CARTESIAN_POINT('',(6.87211842002671,7.93876491786535,472.7));
#2743=CARTESIAN_POINT('',(5.13916245092568,3.07650076265255,472.7));
#2744=CARTESIAN_POINT('',(7.43144825477394,6.69130606358858,472.7));
#2745=CARTESIAN_POINT('',(7.2464127069776,6.87634161138492,472.7));
#2746=CARTESIAN_POINT('',(7.93876491786535,6.87211842002671,472.7));
#2747=CARTESIAN_POINT('',(5.06667120536546,5.84847762553014,472.7));
#2748=CARTESIAN_POINT('Origin',(0.,0.,472.7));
#2749=CARTESIAN_POINT('Origin',(0.,0.,472.7));
#2750=CARTESIAN_POINT('',(6.87211842002671,-7.93876491786535,472.7));
#2751=CARTESIAN_POINT('',(6.69130606358858,-7.43144825477395,472.7));
#2752=CARTESIAN_POINT('',(5.84847762553014,-5.06667120536547,472.7));
#2753=CARTESIAN_POINT('',(7.93876491786534,-6.87211842002672,472.7));
#2754=CARTESIAN_POINT('Origin',(0.,0.,472.7));
#2755=CARTESIAN_POINT('',(7.43144825477394,-6.69130606358859,472.7));
#2756=CARTESIAN_POINT('',(3.07650076265255,-5.13916245092568,472.7));
#2757=CARTESIAN_POINT('',(6.87634161138492,-7.24641270697761,472.7));
#2758=CARTESIAN_POINT('Origin',(0.,0.,472.7));
#2759=CARTESIAN_POINT('',(2.07911690817759,9.78147600733806,472.7));
#2760=CARTESIAN_POINT('',(1.98204667062544,10.3112313035574,472.7));
#2761=CARTESIAN_POINT('',(2.91239485535046,5.23390904068215,472.7));
#2762=CARTESIAN_POINT('',(3.09016994374947,9.51056516295153,472.7));
#2763=CARTESIAN_POINT('',(2.8374066848565,9.57829287404816,472.7));
#2764=CARTESIAN_POINT('',(3.43911288353072,9.92081158849078,472.7));
#2765=CARTESIAN_POINT('',(1.46362716370454,7.59826579985673,472.7));
#2766=CARTESIAN_POINT('Origin',(0.,0.,472.7));
#2767=CARTESIAN_POINT('Origin',(0.,0.,472.7));
#2768=CARTESIAN_POINT('',(1.98204667062544,-10.3112313035574,472.7));
#2769=CARTESIAN_POINT('',(2.07911690817759,-9.78147600733806,472.7));
#2770=CARTESIAN_POINT('',(2.53159459449126,-7.31210478923468,472.7));
#2771=CARTESIAN_POINT('',(3.43911288353071,-9.92081158849079,472.7));
#2772=CARTESIAN_POINT('Origin',(0.,0.,472.7));
#2773=CARTESIAN_POINT('',(3.09016994374946,-9.51056516295154,472.7));
#2774=CARTESIAN_POINT('',(0.0947465897564664,-5.98889561800302,472.7));
#2775=CARTESIAN_POINT('',(2.33188016707056,-9.71374829624143,472.7));
#2776=CARTESIAN_POINT('Origin',(0.,0.,472.7));
#2777=CARTESIAN_POINT('',(-3.09016994374947,9.51056516295154,472.7));
#2778=CARTESIAN_POINT('',(-3.43911288353072,9.92081158849078,472.7));
#2779=CARTESIAN_POINT('',(-0.0947465897564698,5.98889561800302,472.7));
#2780=CARTESIAN_POINT('',(-2.07911690817759,9.78147600733806,472.7));
#2781=CARTESIAN_POINT('',(-2.33188016707057,9.71374829624142,472.7));
#2782=CARTESIAN_POINT('',(-1.98204667062544,10.3112313035574,472.7));
#2783=CARTESIAN_POINT('',(-2.53159459449126,7.31210478923469,472.7));
#2784=CARTESIAN_POINT('Origin',(0.,0.,472.7));
#2785=CARTESIAN_POINT('Origin',(0.,0.,472.7));
#2786=CARTESIAN_POINT('',(-3.43911288353072,-9.92081158849078,472.7));
#2787=CARTESIAN_POINT('',(-3.09016994374948,-9.51056516295153,472.7));
#2788=CARTESIAN_POINT('',(-1.46362716370454,-7.59826579985673,472.7));
#2789=CARTESIAN_POINT('',(-1.98204667062544,-10.3112313035574,472.7));
#2790=CARTESIAN_POINT('Origin',(0.,0.,472.7));
#2791=CARTESIAN_POINT('',(-2.0791169081776,-9.78147600733806,472.7));
#2792=CARTESIAN_POINT('',(-2.91239485535046,-5.23390904068215,472.7));
#2793=CARTESIAN_POINT('',(-2.83740668485651,-9.57829287404816,472.7));
#2794=CARTESIAN_POINT('Origin',(0.,0.,472.7));
#2795=CARTESIAN_POINT('',(-7.43144825477394,6.69130606358858,472.7));
#2796=CARTESIAN_POINT('',(-7.93876491786535,6.87211842002671,472.7));
#2797=CARTESIAN_POINT('',(-3.07650076265255,5.13916245092568,472.7));
#2798=CARTESIAN_POINT('',(-6.69130606358858,7.43144825477394,472.7));
#2799=CARTESIAN_POINT('',(-6.87634161138492,7.24641270697761,472.7));
#2800=CARTESIAN_POINT('',(-6.87211842002671,7.93876491786535,472.7));
#2801=CARTESIAN_POINT('',(-5.84847762553014,5.06667120536547,472.7));
#2802=CARTESIAN_POINT('Origin',(0.,0.,472.7));
#2803=CARTESIAN_POINT('Origin',(0.,0.,472.7));
#2804=CARTESIAN_POINT('',(-7.93876491786535,-6.87211842002671,472.7));
#2805=CARTESIAN_POINT('',(-7.43144825477394,-6.69130606358858,472.7));
#2806=CARTESIAN_POINT('',(-5.06667120536547,-5.84847762553014,472.7));
#2807=CARTESIAN_POINT('',(-6.87211842002671,-7.93876491786534,472.7));
#2808=CARTESIAN_POINT('Origin',(0.,0.,472.7));
#2809=CARTESIAN_POINT('',(-6.69130606358858,-7.43144825477394,472.7));
#2810=CARTESIAN_POINT('',(-5.13916245092567,-3.07650076265255,472.7));
#2811=CARTESIAN_POINT('',(-7.2464127069776,-6.87634161138492,472.7));
#2812=CARTESIAN_POINT('Origin',(0.,0.,472.7));
#2813=CARTESIAN_POINT('',(-9.78147600733806,2.07911690817759,472.7));
#2814=CARTESIAN_POINT('',(-10.3112313035574,1.98204667062544,472.7));
#2815=CARTESIAN_POINT('',(-5.23390904068215,2.91239485535046,472.7));
#2816=CARTESIAN_POINT('',(-9.51056516295153,3.09016994374948,472.7));
#2817=CARTESIAN_POINT('',(-9.57829287404816,2.83740668485651,472.7));
#2818=CARTESIAN_POINT('',(-9.92081158849078,3.43911288353072,472.7));
#2819=CARTESIAN_POINT('',(-7.59826579985673,1.46362716370455,472.7));
#2820=CARTESIAN_POINT('Origin',(0.,0.,472.7));
#2821=CARTESIAN_POINT('Origin',(0.,0.,472.7));
#2822=CARTESIAN_POINT('',(-10.3112313035574,-1.98204667062543,472.7));
#2823=CARTESIAN_POINT('',(-9.78147600733806,-2.07911690817759,472.7));
#2824=CARTESIAN_POINT('',(-7.31210478923469,-2.53159459449126,472.7));
#2825=CARTESIAN_POINT('',(-9.92081158849078,-3.43911288353072,472.7));
#2826=CARTESIAN_POINT('Origin',(0.,0.,472.7));
#2827=CARTESIAN_POINT('',(-9.51056516295154,-3.09016994374947,472.7));
#2828=CARTESIAN_POINT('',(-5.98889561800302,-0.0947465897564717,472.7));
#2829=CARTESIAN_POINT('',(-9.71374829624143,-2.33188016707056,472.7));
#2830=CARTESIAN_POINT('Origin',(0.,0.,469.9));
#2831=CARTESIAN_POINT('',(-10.3112313035574,1.98204667062544,472.6));
#2832=CARTESIAN_POINT('',(-10.3112313035574,1.98204667062544,469.9));
#2833=CARTESIAN_POINT('',(-9.92081158849078,3.43911288353072,472.6));
#2834=CARTESIAN_POINT('',(-9.92081158849078,3.43911288353072,469.9));
#2835=CARTESIAN_POINT('',(-7.93876491786535,6.87211842002671,472.6));
#2836=CARTESIAN_POINT('Origin',(0.,0.,472.6));
#2837=CARTESIAN_POINT('',(-7.93876491786535,6.87211842002671,469.9));
#2838=CARTESIAN_POINT('',(-6.87211842002671,7.93876491786535,472.6));
#2839=CARTESIAN_POINT('',(-6.87211842002671,7.93876491786535,469.9));
#2840=CARTESIAN_POINT('',(-3.43911288353072,9.92081158849078,472.6));
#2841=CARTESIAN_POINT('Origin',(0.,0.,472.6));
#2842=CARTESIAN_POINT('',(-3.43911288353072,9.92081158849078,469.9));
#2843=CARTESIAN_POINT('',(-1.98204667062544,10.3112313035574,472.6));
#2844=CARTESIAN_POINT('',(-1.98204667062544,10.3112313035574,469.9));
#2845=CARTESIAN_POINT('',(1.98204667062544,10.3112313035574,472.6));
#2846=CARTESIAN_POINT('Origin',(0.,0.,472.6));
#2847=CARTESIAN_POINT('',(1.98204667062544,10.3112313035574,469.9));
#2848=CARTESIAN_POINT('',(3.43911288353072,9.92081158849078,472.6));
#2849=CARTESIAN_POINT('',(3.43911288353072,9.92081158849078,469.9));
#2850=CARTESIAN_POINT('',(6.87211842002671,7.93876491786535,472.6));
#2851=CARTESIAN_POINT('Origin',(0.,0.,472.6));
#2852=CARTESIAN_POINT('',(6.87211842002671,7.93876491786535,469.9));
#2853=CARTESIAN_POINT('',(7.93876491786535,6.87211842002671,472.6));
#2854=CARTESIAN_POINT('',(7.93876491786535,6.87211842002671,469.9));
#2855=CARTESIAN_POINT('',(9.92081158849078,3.43911288353072,472.6));
#2856=CARTESIAN_POINT('Origin',(0.,0.,472.6));
#2857=CARTESIAN_POINT('',(9.92081158849078,3.43911288353072,469.9));
#2858=CARTESIAN_POINT('',(10.3112313035574,1.98204667062544,472.6));
#2859=CARTESIAN_POINT('',(10.3112313035574,1.98204667062544,469.9));
#2860=CARTESIAN_POINT('',(10.3112313035574,-1.98204667062544,472.6));
#2861=CARTESIAN_POINT('Origin',(0.,0.,472.6));
#2862=CARTESIAN_POINT('',(10.3112313035574,-1.98204667062544,469.9));
#2863=CARTESIAN_POINT('',(9.92081158849078,-3.43911288353072,472.6));
#2864=CARTESIAN_POINT('',(9.92081158849078,-3.43911288353072,469.9));
#2865=CARTESIAN_POINT('',(7.93876491786534,-6.87211842002672,472.6));
#2866=CARTESIAN_POINT('Origin',(0.,0.,472.6));
#2867=CARTESIAN_POINT('',(7.93876491786534,-6.87211842002672,469.9));
#2868=CARTESIAN_POINT('',(6.87211842002671,-7.93876491786535,472.6));
#2869=CARTESIAN_POINT('',(6.87211842002671,-7.93876491786535,469.9));
#2870=CARTESIAN_POINT('',(3.43911288353071,-9.92081158849079,472.6));
#2871=CARTESIAN_POINT('Origin',(0.,0.,472.6));
#2872=CARTESIAN_POINT('',(3.43911288353071,-9.92081158849079,469.9));
#2873=CARTESIAN_POINT('',(1.98204667062544,-10.3112313035574,472.6));
#2874=CARTESIAN_POINT('',(1.98204667062544,-10.3112313035574,469.9));
#2875=CARTESIAN_POINT('',(-1.98204667062544,-10.3112313035574,472.6));
#2876=CARTESIAN_POINT('Origin',(0.,0.,472.6));
#2877=CARTESIAN_POINT('',(-1.98204667062544,-10.3112313035574,469.9));
#2878=CARTESIAN_POINT('',(-3.43911288353072,-9.92081158849078,472.6));
#2879=CARTESIAN_POINT('',(-3.43911288353072,-9.92081158849078,469.9));
#2880=CARTESIAN_POINT('',(-6.87211842002671,-7.93876491786534,472.6));
#2881=CARTESIAN_POINT('Origin',(0.,0.,472.6));
#2882=CARTESIAN_POINT('',(-6.87211842002671,-7.93876491786534,469.9));
#2883=CARTESIAN_POINT('',(-7.93876491786535,-6.87211842002671,472.6));
#2884=CARTESIAN_POINT('',(-7.93876491786535,-6.87211842002671,469.9));
#2885=CARTESIAN_POINT('',(-9.92081158849078,-3.43911288353072,472.6));
#2886=CARTESIAN_POINT('Origin',(0.,0.,472.6));
#2887=CARTESIAN_POINT('',(-9.92081158849078,-3.43911288353072,469.9));
#2888=CARTESIAN_POINT('',(-10.3112313035574,-1.98204667062543,472.6));
#2889=CARTESIAN_POINT('',(-10.3112313035574,-1.98204667062543,469.9));
#2890=CARTESIAN_POINT('',(-10.5,-1.28587913910472E-15,472.6));
#2891=CARTESIAN_POINT('Origin',(0.,0.,472.6));
#2892=CARTESIAN_POINT('',(-10.5,-1.28587913910472E-15,469.9));
#2893=CARTESIAN_POINT('Origin',(0.,0.,472.6));
#2894=CARTESIAN_POINT('Origin',(-13.9378675044431,-1.3175163864592,472.6));
#2895=CARTESIAN_POINT('',(-9.78147600733806,-2.07911690817759,472.6));
#2896=CARTESIAN_POINT('',(-13.9378675044431,-1.3175163864592,472.6));
#2897=CARTESIAN_POINT('',(-13.9378675044431,-1.3175163864592,472.6));
#2898=CARTESIAN_POINT('',(-13.9378675044431,-1.3175163864592,472.6));
#2899=CARTESIAN_POINT('Origin',(-9.78147600733806,-2.07911690817759,472.6));
#2900=CARTESIAN_POINT('',(-9.51056516295154,-3.09016994374947,472.6));
#2901=CARTESIAN_POINT('Origin',(-9.51056516295154,-3.09016994374947,472.6));
#2902=CARTESIAN_POINT('',(-12.729305526659,-5.82793109164561,472.6));
#2903=CARTESIAN_POINT('',(-9.51056516295154,-3.09016994374947,472.6));
#2904=CARTESIAN_POINT('',(-12.729305526659,-5.82793109164561,472.6));
#2905=CARTESIAN_POINT('Origin',(-11.4117891401998,-8.1099364127975,472.6));
#2906=CARTESIAN_POINT('',(-7.43144825477394,-6.69130606358858,472.6));
#2907=CARTESIAN_POINT('',(-11.4117891401998,-8.1099364127975,472.6));
#2908=CARTESIAN_POINT('',(-11.4117891401998,-8.1099364127975,472.6));
#2909=CARTESIAN_POINT('',(-11.4117891401998,-8.1099364127975,472.6));
#2910=CARTESIAN_POINT('Origin',(-7.43144825477394,-6.69130606358858,472.6));
#2911=CARTESIAN_POINT('',(-6.69130606358858,-7.43144825477394,472.6));
#2912=CARTESIAN_POINT('Origin',(-6.69130606358858,-7.43144825477394,472.6));
#2913=CARTESIAN_POINT('',(-8.10993641279751,-11.4117891401998,472.6));
#2914=CARTESIAN_POINT('',(-6.69130606358858,-7.43144825477394,472.6));
#2915=CARTESIAN_POINT('',(-8.10993641279751,-11.4117891401998,472.6));
#2916=CARTESIAN_POINT('Origin',(-5.82793109164562,-12.729305526659,472.6));
#2917=CARTESIAN_POINT('',(-3.09016994374948,-9.51056516295153,472.6));
#2918=CARTESIAN_POINT('',(-5.82793109164562,-12.729305526659,472.6));
#2919=CARTESIAN_POINT('',(-5.82793109164562,-12.729305526659,472.6));
#2920=CARTESIAN_POINT('',(-5.82793109164562,-12.729305526659,472.6));
#2921=CARTESIAN_POINT('Origin',(-3.09016994374948,-9.51056516295153,472.6));
#2922=CARTESIAN_POINT('',(-2.0791169081776,-9.78147600733806,472.6));
#2923=CARTESIAN_POINT('Origin',(-2.0791169081776,-9.78147600733806,472.6));
#2924=CARTESIAN_POINT('',(-1.31751638645921,-13.9378675044431,472.6));
#2925=CARTESIAN_POINT('',(-2.0791169081776,-9.78147600733806,472.6));
#2926=CARTESIAN_POINT('',(-1.31751638645921,-13.9378675044431,472.6));
#2927=CARTESIAN_POINT('Origin',(1.3175163864592,-13.9378675044431,472.6));
#2928=CARTESIAN_POINT('',(2.07911690817759,-9.78147600733806,472.6));
#2929=CARTESIAN_POINT('',(1.3175163864592,-13.9378675044431,472.6));
#2930=CARTESIAN_POINT('',(1.3175163864592,-13.9378675044431,472.6));
#2931=CARTESIAN_POINT('',(1.3175163864592,-13.9378675044431,472.6));
#2932=CARTESIAN_POINT('Origin',(2.07911690817759,-9.78147600733806,472.6));
#2933=CARTESIAN_POINT('',(3.09016994374946,-9.51056516295154,472.6));
#2934=CARTESIAN_POINT('Origin',(3.09016994374946,-9.51056516295154,472.6));
#2935=CARTESIAN_POINT('',(5.8279310916456,-12.729305526659,472.6));
#2936=CARTESIAN_POINT('',(3.09016994374946,-9.51056516295154,472.6));
#2937=CARTESIAN_POINT('',(5.8279310916456,-12.729305526659,472.6));
#2938=CARTESIAN_POINT('Origin',(8.1099364127975,-11.4117891401998,472.6));
#2939=CARTESIAN_POINT('',(6.69130606358858,-7.43144825477395,472.6));
#2940=CARTESIAN_POINT('',(8.1099364127975,-11.4117891401998,472.6));
#2941=CARTESIAN_POINT('',(8.1099364127975,-11.4117891401998,472.6));
#2942=CARTESIAN_POINT('',(8.1099364127975,-11.4117891401998,472.6));
#2943=CARTESIAN_POINT('Origin',(6.69130606358858,-7.43144825477395,472.6));
#2944=CARTESIAN_POINT('',(7.43144825477394,-6.69130606358859,472.6));
#2945=CARTESIAN_POINT('Origin',(7.43144825477394,-6.69130606358859,472.6));
#2946=CARTESIAN_POINT('',(11.4117891401998,-8.10993641279751,472.6));
#2947=CARTESIAN_POINT('',(7.43144825477394,-6.69130606358859,472.6));
#2948=CARTESIAN_POINT('',(11.4117891401998,-8.10993641279751,472.6));
#2949=CARTESIAN_POINT('Origin',(12.729305526659,-5.82793109164562,472.6));
#2950=CARTESIAN_POINT('',(9.51056516295153,-3.09016994374948,472.6));
#2951=CARTESIAN_POINT('',(12.729305526659,-5.82793109164562,472.6));
#2952=CARTESIAN_POINT('',(12.729305526659,-5.82793109164562,472.6));
#2953=CARTESIAN_POINT('',(12.729305526659,-5.82793109164562,472.6));
#2954=CARTESIAN_POINT('Origin',(9.51056516295153,-3.09016994374948,472.6));
#2955=CARTESIAN_POINT('',(9.78147600733806,-2.07911690817759,472.6));
#2956=CARTESIAN_POINT('Origin',(0.,0.,472.6));
#2957=CARTESIAN_POINT('',(11.4117891401998,-8.10993641279751,472.6));
#2958=CARTESIAN_POINT('Origin',(0.,0.,472.6));
#2959=CARTESIAN_POINT('',(13.9378675044431,1.3175163864592,472.6));
#2960=CARTESIAN_POINT('',(13.9378675044431,1.3175163864592,472.6));
#2961=CARTESIAN_POINT('',(13.9378675044431,-1.3175163864592,472.6));
#2962=CARTESIAN_POINT('',(13.9378675044431,-1.3175163864592,472.6));
#2963=CARTESIAN_POINT('',(9.78147600733806,-2.07911690817759,472.6));
#2964=CARTESIAN_POINT('Origin',(0.,0.,472.6));
#2965=CARTESIAN_POINT('',(5.8279310916456,-12.729305526659,472.6));
#2966=CARTESIAN_POINT('Origin',(0.,0.,472.6));
#2967=CARTESIAN_POINT('',(11.4117891401998,8.1099364127975,472.6));
#2968=CARTESIAN_POINT('',(11.4117891401998,8.1099364127975,472.6));
#2969=CARTESIAN_POINT('',(12.729305526659,5.82793109164562,472.6));
#2970=CARTESIAN_POINT('',(12.729305526659,5.82793109164562,472.6));
#2971=CARTESIAN_POINT('',(9.51056516295153,3.09016994374947,472.6));
#2972=CARTESIAN_POINT('Origin',(0.,0.,472.6));
#2973=CARTESIAN_POINT('',(-1.31751638645921,-13.9378675044431,472.6));
#2974=CARTESIAN_POINT('Origin',(0.,0.,472.6));
#2975=CARTESIAN_POINT('',(5.82793109164562,12.729305526659,472.6));
#2976=CARTESIAN_POINT('',(5.82793109164562,12.729305526659,472.6));
#2977=CARTESIAN_POINT('',(8.10993641279751,11.4117891401998,472.6));
#2978=CARTESIAN_POINT('',(8.10993641279751,11.4117891401998,472.6));
#2979=CARTESIAN_POINT('',(6.69130606358858,7.43144825477394,472.6));
#2980=CARTESIAN_POINT('Origin',(0.,0.,472.6));
#2981=CARTESIAN_POINT('',(-8.10993641279751,-11.4117891401998,472.6));
#2982=CARTESIAN_POINT('Origin',(0.,0.,472.6));
#2983=CARTESIAN_POINT('',(-1.3175163864592,13.9378675044431,472.6));
#2984=CARTESIAN_POINT('',(-1.3175163864592,13.9378675044431,472.6));
#2985=CARTESIAN_POINT('',(1.3175163864592,13.9378675044431,472.6));
#2986=CARTESIAN_POINT('',(1.3175163864592,13.9378675044431,472.6));
#2987=CARTESIAN_POINT('',(2.07911690817759,9.78147600733806,472.6));
#2988=CARTESIAN_POINT('Origin',(0.,0.,472.6));
#2989=CARTESIAN_POINT('',(-12.729305526659,-5.82793109164561,472.6));
#2990=CARTESIAN_POINT('Origin',(0.,0.,472.6));
#2991=CARTESIAN_POINT('',(-8.1099364127975,11.4117891401998,472.6));
#2992=CARTESIAN_POINT('',(-8.1099364127975,11.4117891401998,472.6));
#2993=CARTESIAN_POINT('',(-5.82793109164561,12.729305526659,472.6));
#2994=CARTESIAN_POINT('',(-5.82793109164561,12.729305526659,472.6));
#2995=CARTESIAN_POINT('',(-3.09016994374947,9.51056516295154,472.6));
#2996=CARTESIAN_POINT('Origin',(0.,0.,472.6));
#2997=CARTESIAN_POINT('',(-13.9378675044431,1.3175163864592,472.6));
#2998=CARTESIAN_POINT('',(-13.9378675044431,1.3175163864592,472.6));
#2999=CARTESIAN_POINT('',(-9.78147600733806,2.07911690817759,472.6));
#3000=CARTESIAN_POINT('Origin',(0.,0.,472.6));
#3001=CARTESIAN_POINT('',(-12.729305526659,5.82793109164562,472.6));
#3002=CARTESIAN_POINT('',(-12.729305526659,5.82793109164562,472.6));
#3003=CARTESIAN_POINT('',(-11.4117891401998,8.10993641279751,472.6));
#3004=CARTESIAN_POINT('',(-11.4117891401998,8.10993641279751,472.6));
#3005=CARTESIAN_POINT('',(-7.43144825477394,6.69130606358858,472.6));
#3006=CARTESIAN_POINT('Origin',(9.78147600733806,-2.07911690817759,472.6));
#3007=CARTESIAN_POINT('',(13.9378675044431,-1.3175163864592,472.6));
#3008=CARTESIAN_POINT('Origin',(0.,0.,480.6));
#3009=CARTESIAN_POINT('Origin',(11.4117891401998,-8.10993641279751,472.6));
#3010=CARTESIAN_POINT('Origin',(5.8279310916456,-12.729305526659,472.6));
#3011=CARTESIAN_POINT('Origin',(-1.31751638645921,-13.9378675044431,472.6));
#3012=CARTESIAN_POINT('Origin',(-8.10993641279751,-11.4117891401998,472.6));
#3013=CARTESIAN_POINT('Origin',(-12.729305526659,-5.82793109164561,472.6));
#3014=CARTESIAN_POINT('Origin',(-13.9378675044431,1.3175163864592,472.6));
#3015=CARTESIAN_POINT('',(-13.9378675044431,1.3175163864592,472.6));
#3016=CARTESIAN_POINT('Origin',(-9.78147600733806,2.07911690817759,472.6));
#3017=CARTESIAN_POINT('',(-9.78147600733806,2.07911690817759,472.6));
#3018=CARTESIAN_POINT('Origin',(-9.51056516295153,3.09016994374948,472.6));
#3019=CARTESIAN_POINT('',(-9.51056516295153,3.09016994374948,472.6));
#3020=CARTESIAN_POINT('Origin',(-12.729305526659,5.82793109164562,472.6));
#3021=CARTESIAN_POINT('',(-12.729305526659,5.82793109164562,472.6));
#3022=CARTESIAN_POINT('Origin',(-11.4117891401998,8.10993641279751,472.6));
#3023=CARTESIAN_POINT('',(-11.4117891401998,8.10993641279751,472.6));
#3024=CARTESIAN_POINT('Origin',(-7.43144825477394,6.69130606358858,472.6));
#3025=CARTESIAN_POINT('',(-7.43144825477394,6.69130606358858,472.6));
#3026=CARTESIAN_POINT('Origin',(-6.69130606358858,7.43144825477394,472.6));
#3027=CARTESIAN_POINT('',(-6.69130606358858,7.43144825477394,472.6));
#3028=CARTESIAN_POINT('Origin',(-8.1099364127975,11.4117891401998,472.6));
#3029=CARTESIAN_POINT('',(-8.1099364127975,11.4117891401998,472.6));
#3030=CARTESIAN_POINT('Origin',(-5.82793109164561,12.729305526659,472.6));
#3031=CARTESIAN_POINT('',(-5.82793109164561,12.729305526659,472.6));
#3032=CARTESIAN_POINT('Origin',(-3.09016994374947,9.51056516295154,472.6));
#3033=CARTESIAN_POINT('',(-3.09016994374947,9.51056516295154,472.6));
#3034=CARTESIAN_POINT('Origin',(-2.07911690817759,9.78147600733806,472.6));
#3035=CARTESIAN_POINT('',(-2.07911690817759,9.78147600733806,472.6));
#3036=CARTESIAN_POINT('Origin',(-1.3175163864592,13.9378675044431,472.6));
#3037=CARTESIAN_POINT('',(-1.3175163864592,13.9378675044431,472.6));
#3038=CARTESIAN_POINT('Origin',(1.3175163864592,13.9378675044431,472.6));
#3039=CARTESIAN_POINT('',(1.3175163864592,13.9378675044431,472.6));
#3040=CARTESIAN_POINT('Origin',(2.07911690817759,9.78147600733806,472.6));
#3041=CARTESIAN_POINT('',(2.07911690817759,9.78147600733806,472.6));
#3042=CARTESIAN_POINT('Origin',(3.09016994374947,9.51056516295153,472.6));
#3043=CARTESIAN_POINT('',(3.09016994374947,9.51056516295153,472.6));
#3044=CARTESIAN_POINT('Origin',(5.82793109164562,12.729305526659,472.6));
#3045=CARTESIAN_POINT('',(5.82793109164562,12.729305526659,472.6));
#3046=CARTESIAN_POINT('Origin',(8.10993641279751,11.4117891401998,472.6));
#3047=CARTESIAN_POINT('',(8.10993641279751,11.4117891401998,472.6));
#3048=CARTESIAN_POINT('Origin',(6.69130606358858,7.43144825477394,472.6));
#3049=CARTESIAN_POINT('',(6.69130606358858,7.43144825477394,472.6));
#3050=CARTESIAN_POINT('Origin',(7.43144825477394,6.69130606358858,472.6));
#3051=CARTESIAN_POINT('',(7.43144825477394,6.69130606358858,472.6));
#3052=CARTESIAN_POINT('Origin',(11.4117891401998,8.1099364127975,472.6));
#3053=CARTESIAN_POINT('',(11.4117891401998,8.1099364127975,472.6));
#3054=CARTESIAN_POINT('Origin',(12.729305526659,5.82793109164562,472.6));
#3055=CARTESIAN_POINT('',(12.729305526659,5.82793109164562,472.6));
#3056=CARTESIAN_POINT('Origin',(9.51056516295153,3.09016994374947,472.6));
#3057=CARTESIAN_POINT('',(9.51056516295153,3.09016994374947,472.6));
#3058=CARTESIAN_POINT('Origin',(9.78147600733806,2.07911690817759,472.6));
#3059=CARTESIAN_POINT('',(9.78147600733806,2.07911690817759,472.6));
#3060=CARTESIAN_POINT('Origin',(13.9378675044431,1.3175163864592,472.6));
#3061=CARTESIAN_POINT('',(13.9378675044431,1.3175163864592,472.6));
#3062=CARTESIAN_POINT('Origin',(13.9378675044431,-1.3175163864592,472.6));
#3063=UNCERTAINTY_MEASURE_WITH_UNIT(LENGTH_MEASURE(0.01),#3067,
'DISTANCE_ACCURACY_VALUE',
'Maximum model space distance between geometric entities at asserted c
onnectivities');
#3064=UNCERTAINTY_MEASURE_WITH_UNIT(LENGTH_MEASURE(0.01),#3067,
'DISTANCE_ACCURACY_VALUE',
'Maximum model space distance between geometric entities at asserted c
onnectivities');
#3065=(
GEOMETRIC_REPRESENTATION_CONTEXT(3)
GLOBAL_UNCERTAINTY_ASSIGNED_CONTEXT((#3063))
GLOBAL_UNIT_ASSIGNED_CONTEXT((#3067,#3069,#3070))
REPRESENTATION_CONTEXT('','3D')
);
#3066=(
GEOMETRIC_REPRESENTATION_CONTEXT(3)
GLOBAL_UNCERTAINTY_ASSIGNED_CONTEXT((#3064))
GLOBAL_UNIT_ASSIGNED_CONTEXT((#3067,#3069,#3070))
REPRESENTATION_CONTEXT('','3D')
);
#3067=(
LENGTH_UNIT()
NAMED_UNIT(*)
SI_UNIT(.MILLI.,.METRE.)
);
#3068=(
LENGTH_UNIT()
NAMED_UNIT(*)
SI_UNIT($,.METRE.)
);
#3069=(
NAMED_UNIT(*)
PLANE_ANGLE_UNIT()
SI_UNIT($,.RADIAN.)
);
#3070=(
NAMED_UNIT(*)
SI_UNIT($,.STERADIAN.)
SOLID_ANGLE_UNIT()
);
#3071=SHAPE_DEFINITION_REPRESENTATION(#3072,#3073);
#3072=PRODUCT_DEFINITION_SHAPE('',$,#3075);
#3073=SHAPE_REPRESENTATION('',(#1867),#3065);
#3074=PRODUCT_DEFINITION_CONTEXT('part definition',#3079,'design');
#3075=PRODUCT_DEFINITION('2026-09-02-14-52-46-859','Pinion_Hand',#3076,
#3074);
#3076=PRODUCT_DEFINITION_FORMATION('',$,#3081);
#3077=PRODUCT_RELATED_PRODUCT_CATEGORY('Pinion_Hand','Pinion_Hand',(#3081));
#3078=APPLICATION_PROTOCOL_DEFINITION('international standard',
'automotive_design',2009,#3079);
#3079=APPLICATION_CONTEXT(
'Core Data for Automotive Mechanical Design Process');
#3080=PRODUCT_CONTEXT('part definition',#3079,'mechanical');
#3081=PRODUCT('2026-09-02-14-52-46-859','Pinion_Hand',$,(#3080));
#3082=PRESENTATION_STYLE_ASSIGNMENT((#3083));
#3083=SURFACE_STYLE_USAGE(.BOTH.,#3084);
#3084=SURFACE_SIDE_STYLE('',(#3085));
#3085=SURFACE_STYLE_FILL_AREA(#3086);
#3086=FILL_AREA_STYLE('\X2\92FC\X0\ - \X2\30B530C630F3\X0\',(#3087));
#3087=FILL_AREA_STYLE_COLOUR('\X2\92FC\X0\ - \X2\30B530C630F3\X0\',#3088);
#3088=COLOUR_RGB('\X2\92FC\X0\ - \X2\30B530C630F3\X0\',0.627450980392157,
0.627450980392157,0.627450980392157);
ENDSEC;
END-ISO-10303-21;
