ISO-10303-21;
HEADER;
/* Generated by software containing ST-Developer
 * from STEP Tools, Inc. (www.steptools.com) 
 */

FILE_DESCRIPTION(
/* description */ (''),
/* implementation_level */ '2;1');

FILE_NAME(
/* name */ 'UpperArm_J2J3.step',
/* time_stamp */ '2026-07-31T17:44:49+09:00',
/* author */ (''),
/* organization */ (''),
/* preprocessor_version */ 'ST-DEVELOPER v20.1',
/* originating_system */ 'Autodesk Translation Framework v15.8.0.0',
/* authorisation */ '');

FILE_SCHEMA (('AUTOMOTIVE_DESIGN { 1 0 10303 214 3 1 1 }'));
ENDSEC;

DATA;
#10=MECHANICAL_DESIGN_GEOMETRIC_PRESENTATION_REPRESENTATION('',(#13),#2673);
#11=SHAPE_REPRESENTATION_RELATIONSHIP('SRR','None',#2680,#12);
#12=ADVANCED_BREP_SHAPE_REPRESENTATION('',(#14),#2672);
#13=STYLED_ITEM('',(#2689),#14);
#14=MANIFOLD_SOLID_BREP('\X2\30DC30C730A3\X0\1',#1637);
#15=FACE_BOUND('',#188,.T.);
#16=FACE_BOUND('',#197,.T.);
#17=FACE_BOUND('',#200,.T.);
#18=FACE_BOUND('',#203,.T.);
#19=FACE_BOUND('',#206,.T.);
#20=FACE_BOUND('',#221,.T.);
#21=FACE_BOUND('',#223,.T.);
#22=FACE_BOUND('',#224,.T.);
#23=FACE_BOUND('',#225,.T.);
#24=FACE_BOUND('',#226,.T.);
#25=FACE_BOUND('',#227,.T.);
#26=FACE_BOUND('',#228,.T.);
#27=FACE_BOUND('',#230,.T.);
#28=FACE_BOUND('',#235,.T.);
#29=FACE_BOUND('',#244,.T.);
#30=FACE_BOUND('',#266,.T.);
#31=FACE_BOUND('',#267,.T.);
#32=FACE_BOUND('',#268,.T.);
#33=FACE_BOUND('',#269,.T.);
#34=FACE_BOUND('',#270,.T.);
#35=FACE_BOUND('',#273,.T.);
#36=FACE_BOUND('',#276,.T.);
#37=FACE_BOUND('',#277,.T.);
#38=FACE_BOUND('',#278,.T.);
#39=FACE_BOUND('',#279,.T.);
#40=FACE_BOUND('',#280,.T.);
#41=FACE_BOUND('',#283,.T.);
#42=PLANE('',#1660);
#43=PLANE('',#1661);
#44=PLANE('',#1662);
#45=PLANE('',#1663);
#46=PLANE('',#1664);
#47=PLANE('',#1665);
#48=PLANE('',#1669);
#49=PLANE('',#1672);
#50=PLANE('',#1673);
#51=PLANE('',#1674);
#52=PLANE('',#1675);
#53=PLANE('',#1676);
#54=PLANE('',#1681);
#55=PLANE('',#1685);
#56=PLANE('',#1689);
#57=PLANE('',#1695);
#58=PLANE('',#1697);
#59=PLANE('',#1704);
#60=PLANE('',#1707);
#61=PLANE('',#1708);
#62=PLANE('',#1709);
#63=PLANE('',#1710);
#64=PLANE('',#1711);
#65=PLANE('',#1712);
#66=PLANE('',#1713);
#67=PLANE('',#1714);
#68=PLANE('',#1715);
#69=PLANE('',#1717);
#70=PLANE('',#1721);
#71=PLANE('',#1722);
#72=PLANE('',#1723);
#73=PLANE('',#1727);
#74=PLANE('',#1728);
#75=PLANE('',#1729);
#76=PLANE('',#1730);
#77=PLANE('',#1731);
#78=PLANE('',#1734);
#79=PLANE('',#1736);
#80=PLANE('',#1737);
#81=PLANE('',#1738);
#82=PLANE('',#1739);
#83=PLANE('',#1740);
#84=PLANE('',#1741);
#85=PLANE('',#1742);
#86=PLANE('',#1743);
#87=PLANE('',#1744);
#88=PLANE('',#1746);
#89=PLANE('',#1747);
#90=PLANE('',#1748);
#91=PLANE('',#1749);
#92=PLANE('',#1768);
#93=PLANE('',#1769);
#94=PLANE('',#1770);
#95=PLANE('',#1771);
#96=PLANE('',#1772);
#97=PLANE('',#1773);
#98=PLANE('',#1774);
#99=PLANE('',#1775);
#100=FACE_OUTER_BOUND('',#179,.T.);
#101=FACE_OUTER_BOUND('',#180,.T.);
#102=FACE_OUTER_BOUND('',#181,.T.);
#103=FACE_OUTER_BOUND('',#182,.T.);
#104=FACE_OUTER_BOUND('',#183,.T.);
#105=FACE_OUTER_BOUND('',#184,.T.);
#106=FACE_OUTER_BOUND('',#185,.T.);
#107=FACE_OUTER_BOUND('',#186,.T.);
#108=FACE_OUTER_BOUND('',#187,.T.);
#109=FACE_OUTER_BOUND('',#189,.T.);
#110=FACE_OUTER_BOUND('',#190,.T.);
#111=FACE_OUTER_BOUND('',#191,.T.);
#112=FACE_OUTER_BOUND('',#192,.T.);
#113=FACE_OUTER_BOUND('',#193,.T.);
#114=FACE_OUTER_BOUND('',#194,.T.);
#115=FACE_OUTER_BOUND('',#195,.T.);
#116=FACE_OUTER_BOUND('',#196,.T.);
#117=FACE_OUTER_BOUND('',#198,.T.);
#118=FACE_OUTER_BOUND('',#199,.T.);
#119=FACE_OUTER_BOUND('',#201,.T.);
#120=FACE_OUTER_BOUND('',#202,.T.);
#121=FACE_OUTER_BOUND('',#204,.T.);
#122=FACE_OUTER_BOUND('',#205,.T.);
#123=FACE_OUTER_BOUND('',#207,.T.);
#124=FACE_OUTER_BOUND('',#208,.T.);
#125=FACE_OUTER_BOUND('',#209,.T.);
#126=FACE_OUTER_BOUND('',#210,.T.);
#127=FACE_OUTER_BOUND('',#211,.T.);
#128=FACE_OUTER_BOUND('',#212,.T.);
#129=FACE_OUTER_BOUND('',#213,.T.);
#130=FACE_OUTER_BOUND('',#214,.T.);
#131=FACE_OUTER_BOUND('',#215,.T.);
#132=FACE_OUTER_BOUND('',#216,.T.);
#133=FACE_OUTER_BOUND('',#217,.T.);
#134=FACE_OUTER_BOUND('',#218,.T.);
#135=FACE_OUTER_BOUND('',#219,.T.);
#136=FACE_OUTER_BOUND('',#220,.T.);
#137=FACE_OUTER_BOUND('',#222,.T.);
#138=FACE_OUTER_BOUND('',#229,.T.);
#139=FACE_OUTER_BOUND('',#231,.T.);
#140=FACE_OUTER_BOUND('',#232,.T.);
#141=FACE_OUTER_BOUND('',#233,.T.);
#142=FACE_OUTER_BOUND('',#234,.T.);
#143=FACE_OUTER_BOUND('',#236,.T.);
#144=FACE_OUTER_BOUND('',#237,.T.);
#145=FACE_OUTER_BOUND('',#238,.T.);
#146=FACE_OUTER_BOUND('',#239,.T.);
#147=FACE_OUTER_BOUND('',#240,.T.);
#148=FACE_OUTER_BOUND('',#241,.T.);
#149=FACE_OUTER_BOUND('',#242,.T.);
#150=FACE_OUTER_BOUND('',#243,.T.);
#151=FACE_OUTER_BOUND('',#245,.T.);
#152=FACE_OUTER_BOUND('',#246,.T.);
#153=FACE_OUTER_BOUND('',#247,.T.);
#154=FACE_OUTER_BOUND('',#248,.T.);
#155=FACE_OUTER_BOUND('',#249,.T.);
#156=FACE_OUTER_BOUND('',#250,.T.);
#157=FACE_OUTER_BOUND('',#251,.T.);
#158=FACE_OUTER_BOUND('',#252,.T.);
#159=FACE_OUTER_BOUND('',#253,.T.);
#160=FACE_OUTER_BOUND('',#254,.T.);
#161=FACE_OUTER_BOUND('',#255,.T.);
#162=FACE_OUTER_BOUND('',#256,.T.);
#163=FACE_OUTER_BOUND('',#257,.T.);
#164=FACE_OUTER_BOUND('',#258,.T.);
#165=FACE_OUTER_BOUND('',#259,.T.);
#166=FACE_OUTER_BOUND('',#260,.T.);
#167=FACE_OUTER_BOUND('',#261,.T.);
#168=FACE_OUTER_BOUND('',#262,.T.);
#169=FACE_OUTER_BOUND('',#263,.T.);
#170=FACE_OUTER_BOUND('',#264,.T.);
#171=FACE_OUTER_BOUND('',#265,.T.);
#172=FACE_OUTER_BOUND('',#271,.T.);
#173=FACE_OUTER_BOUND('',#272,.T.);
#174=FACE_OUTER_BOUND('',#274,.T.);
#175=FACE_OUTER_BOUND('',#275,.T.);
#176=FACE_OUTER_BOUND('',#281,.T.);
#177=FACE_OUTER_BOUND('',#282,.T.);
#178=FACE_OUTER_BOUND('',#284,.T.);
#179=EDGE_LOOP('',(#1077,#1078,#1079,#1080));
#180=EDGE_LOOP('',(#1081,#1082,#1083,#1084));
#181=EDGE_LOOP('',(#1085,#1086,#1087,#1088));
#182=EDGE_LOOP('',(#1089,#1090,#1091));
#183=EDGE_LOOP('',(#1092,#1093,#1094,#1095,#1096,#1097,#1098,#1099,#1100,
#1101,#1102,#1103,#1104,#1105,#1106,#1107,#1108,#1109,#1110,#1111,#1112,
#1113,#1114,#1115,#1116,#1117));
#184=EDGE_LOOP('',(#1118,#1119,#1120));
#185=EDGE_LOOP('',(#1121,#1122,#1123,#1124,#1125,#1126,#1127,#1128));
#186=EDGE_LOOP('',(#1129,#1130,#1131,#1132));
#187=EDGE_LOOP('',(#1133,#1134,#1135,#1136,#1137,#1138,#1139,#1140,#1141,
#1142,#1143,#1144,#1145,#1146));
#188=EDGE_LOOP('',(#1147));
#189=EDGE_LOOP('',(#1148,#1149,#1150,#1151,#1152,#1153,#1154,#1155,#1156,
#1157,#1158,#1159));
#190=EDGE_LOOP('',(#1160,#1161,#1162,#1163));
#191=EDGE_LOOP('',(#1164,#1165,#1166,#1167,#1168,#1169));
#192=EDGE_LOOP('',(#1170,#1171,#1172,#1173,#1174));
#193=EDGE_LOOP('',(#1175,#1176,#1177,#1178));
#194=EDGE_LOOP('',(#1179,#1180,#1181,#1182,#1183));
#195=EDGE_LOOP('',(#1184,#1185,#1186,#1187,#1188,#1189,#1190,#1191));
#196=EDGE_LOOP('',(#1192));
#197=EDGE_LOOP('',(#1193));
#198=EDGE_LOOP('',(#1194,#1195,#1196,#1197));
#199=EDGE_LOOP('',(#1198));
#200=EDGE_LOOP('',(#1199));
#201=EDGE_LOOP('',(#1200,#1201,#1202,#1203));
#202=EDGE_LOOP('',(#1204));
#203=EDGE_LOOP('',(#1205));
#204=EDGE_LOOP('',(#1206,#1207,#1208,#1209,#1210,#1211,#1212,#1213));
#205=EDGE_LOOP('',(#1214));
#206=EDGE_LOOP('',(#1215));
#207=EDGE_LOOP('',(#1216,#1217,#1218));
#208=EDGE_LOOP('',(#1219,#1220,#1221,#1222));
#209=EDGE_LOOP('',(#1223,#1224,#1225,#1226));
#210=EDGE_LOOP('',(#1227,#1228,#1229,#1230));
#211=EDGE_LOOP('',(#1231,#1232,#1233));
#212=EDGE_LOOP('',(#1234,#1235,#1236,#1237));
#213=EDGE_LOOP('',(#1238,#1239,#1240,#1241,#1242,#1243,#1244,#1245,#1246,
#1247,#1248,#1249,#1250,#1251,#1252,#1253));
#214=EDGE_LOOP('',(#1254,#1255,#1256,#1257));
#215=EDGE_LOOP('',(#1258,#1259,#1260,#1261,#1262,#1263,#1264,#1265));
#216=EDGE_LOOP('',(#1266,#1267,#1268,#1269,#1270));
#217=EDGE_LOOP('',(#1271,#1272,#1273,#1274,#1275,#1276));
#218=EDGE_LOOP('',(#1277,#1278,#1279,#1280));
#219=EDGE_LOOP('',(#1281,#1282,#1283,#1284,#1285,#1286,#1287,#1288));
#220=EDGE_LOOP('',(#1289,#1290,#1291,#1292,#1293,#1294,#1295,#1296));
#221=EDGE_LOOP('',(#1297,#1298,#1299,#1300));
#222=EDGE_LOOP('',(#1301,#1302,#1303,#1304,#1305,#1306,#1307,#1308));
#223=EDGE_LOOP('',(#1309,#1310,#1311,#1312,#1313,#1314,#1315,#1316));
#224=EDGE_LOOP('',(#1317));
#225=EDGE_LOOP('',(#1318));
#226=EDGE_LOOP('',(#1319));
#227=EDGE_LOOP('',(#1320));
#228=EDGE_LOOP('',(#1321));
#229=EDGE_LOOP('',(#1322,#1323,#1324,#1325,#1326,#1327));
#230=EDGE_LOOP('',(#1328));
#231=EDGE_LOOP('',(#1329,#1330,#1331,#1332));
#232=EDGE_LOOP('',(#1333,#1334,#1335,#1336,#1337,#1338,#1339,#1340,#1341,
#1342,#1343,#1344,#1345,#1346,#1347,#1348,#1349,#1350,#1351,#1352,#1353,
#1354,#1355,#1356,#1357,#1358));
#233=EDGE_LOOP('',(#1359,#1360,#1361,#1362));
#234=EDGE_LOOP('',(#1363));
#235=EDGE_LOOP('',(#1364));
#236=EDGE_LOOP('',(#1365,#1366,#1367,#1368));
#237=EDGE_LOOP('',(#1369,#1370,#1371,#1372));
#238=EDGE_LOOP('',(#1373,#1374,#1375,#1376));
#239=EDGE_LOOP('',(#1377,#1378,#1379,#1380,#1381,#1382,#1383,#1384));
#240=EDGE_LOOP('',(#1385,#1386,#1387,#1388));
#241=EDGE_LOOP('',(#1389,#1390,#1391,#1392,#1393,#1394,#1395,#1396));
#242=EDGE_LOOP('',(#1397,#1398,#1399,#1400));
#243=EDGE_LOOP('',(#1401));
#244=EDGE_LOOP('',(#1402));
#245=EDGE_LOOP('',(#1403,#1404,#1405,#1406));
#246=EDGE_LOOP('',(#1407,#1408,#1409,#1410));
#247=EDGE_LOOP('',(#1411,#1412,#1413,#1414));
#248=EDGE_LOOP('',(#1415,#1416,#1417,#1418));
#249=EDGE_LOOP('',(#1419,#1420,#1421,#1422));
#250=EDGE_LOOP('',(#1423,#1424,#1425,#1426,#1427,#1428));
#251=EDGE_LOOP('',(#1429,#1430,#1431,#1432));
#252=EDGE_LOOP('',(#1433,#1434,#1435,#1436));
#253=EDGE_LOOP('',(#1437,#1438,#1439,#1440,#1441,#1442));
#254=EDGE_LOOP('',(#1443,#1444,#1445,#1446));
#255=EDGE_LOOP('',(#1447,#1448,#1449,#1450,#1451));
#256=EDGE_LOOP('',(#1452,#1453,#1454,#1455,#1456,#1457,#1458,#1459));
#257=EDGE_LOOP('',(#1460,#1461,#1462,#1463));
#258=EDGE_LOOP('',(#1464,#1465,#1466,#1467));
#259=EDGE_LOOP('',(#1468,#1469,#1470,#1471));
#260=EDGE_LOOP('',(#1472,#1473,#1474,#1475));
#261=EDGE_LOOP('',(#1476,#1477,#1478,#1479));
#262=EDGE_LOOP('',(#1480,#1481,#1482,#1483));
#263=EDGE_LOOP('',(#1484,#1485,#1486,#1487));
#264=EDGE_LOOP('',(#1488,#1489,#1490,#1491));
#265=EDGE_LOOP('',(#1492));
#266=EDGE_LOOP('',(#1493));
#267=EDGE_LOOP('',(#1494));
#268=EDGE_LOOP('',(#1495));
#269=EDGE_LOOP('',(#1496));
#270=EDGE_LOOP('',(#1497));
#271=EDGE_LOOP('',(#1498,#1499,#1500,#1501));
#272=EDGE_LOOP('',(#1502,#1503,#1504,#1505,#1506,#1507,#1508,#1509));
#273=EDGE_LOOP('',(#1510));
#274=EDGE_LOOP('',(#1511,#1512,#1513,#1514));
#275=EDGE_LOOP('',(#1515,#1516,#1517,#1518));
#276=EDGE_LOOP('',(#1519));
#277=EDGE_LOOP('',(#1520));
#278=EDGE_LOOP('',(#1521));
#279=EDGE_LOOP('',(#1522));
#280=EDGE_LOOP('',(#1523));
#281=EDGE_LOOP('',(#1524,#1525,#1526,#1527));
#282=EDGE_LOOP('',(#1528,#1529,#1530,#1531));
#283=EDGE_LOOP('',(#1532));
#284=EDGE_LOOP('',(#1533,#1534,#1535,#1536));
#285=CIRCLE('',#1652,21.5);
#286=CIRCLE('',#1653,21.5);
#287=CIRCLE('',#1655,21.5);
#288=CIRCLE('',#1656,21.5);
#289=CIRCLE('',#1658,21.5);
#290=CIRCLE('',#1659,21.5);
#291=CIRCLE('',#1666,2.3);
#292=CIRCLE('',#1667,2.3);
#293=CIRCLE('',#1668,5.);
#294=CIRCLE('',#1670,2.3);
#295=CIRCLE('',#1671,2.3);
#296=CIRCLE('',#1678,2.3);
#297=CIRCLE('',#1679,2.3);
#298=CIRCLE('',#1680,2.3);
#299=CIRCLE('',#1682,1.20000000000001);
#300=CIRCLE('',#1684,2.3);
#301=CIRCLE('',#1686,1.20000000000001);
#302=CIRCLE('',#1688,2.3);
#303=CIRCLE('',#1690,1.20000000000001);
#304=CIRCLE('',#1692,2.3);
#305=CIRCLE('',#1693,2.3);
#306=CIRCLE('',#1694,2.3);
#307=CIRCLE('',#1696,1.20000000000001);
#308=CIRCLE('',#1699,1.20000000000001);
#309=CIRCLE('',#1701,1.20000000000001);
#310=CIRCLE('',#1703,1.20000000000001);
#311=CIRCLE('',#1706,1.20000000000001);
#312=CIRCLE('',#1716,3.24999999999999);
#313=CIRCLE('',#1718,8.00000000000001);
#314=CIRCLE('',#1720,8.00000000000001);
#315=CIRCLE('',#1724,5.15000000000001);
#316=CIRCLE('',#1726,5.15000000000001);
#317=CIRCLE('',#1733,5.);
#318=CIRCLE('',#1735,3.24999999999999);
#319=CIRCLE('',#1751,1.7);
#320=CIRCLE('',#1752,1.7);
#321=CIRCLE('',#1754,1.7);
#322=CIRCLE('',#1755,1.7);
#323=CIRCLE('',#1757,1.7);
#324=CIRCLE('',#1758,1.7);
#325=CIRCLE('',#1760,1.7);
#326=CIRCLE('',#1761,1.7);
#327=CIRCLE('',#1763,3.15);
#328=CIRCLE('',#1764,3.15);
#329=CIRCLE('',#1766,10.4);
#330=CIRCLE('',#1767,10.4);
#331=LINE('',#2216,#515);
#332=LINE('',#2220,#516);
#333=LINE('',#2225,#517);
#334=LINE('',#2229,#518);
#335=LINE('',#2234,#519);
#336=LINE('',#2238,#520);
#337=LINE('',#2242,#521);
#338=LINE('',#2243,#522);
#339=LINE('',#2245,#523);
#340=LINE('',#2247,#524);
#341=LINE('',#2249,#525);
#342=LINE('',#2251,#526);
#343=LINE('',#2253,#527);
#344=LINE('',#2255,#528);
#345=LINE('',#2257,#529);
#346=LINE('',#2259,#530);
#347=LINE('',#2261,#531);
#348=LINE('',#2263,#532);
#349=LINE('',#2265,#533);
#350=LINE('',#2267,#534);
#351=LINE('',#2269,#535);
#352=LINE('',#2271,#536);
#353=LINE('',#2273,#537);
#354=LINE('',#2275,#538);
#355=LINE('',#2277,#539);
#356=LINE('',#2279,#540);
#357=LINE('',#2281,#541);
#358=LINE('',#2283,#542);
#359=LINE('',#2285,#543);
#360=LINE('',#2287,#544);
#361=LINE('',#2288,#545);
#362=LINE('',#2291,#546);
#363=LINE('',#2292,#547);
#364=LINE('',#2294,#548);
#365=LINE('',#2296,#549);
#366=LINE('',#2297,#550);
#367=LINE('',#2301,#551);
#368=LINE('',#2303,#552);
#369=LINE('',#2305,#553);
#370=LINE('',#2306,#554);
#371=LINE('',#2310,#555);
#372=LINE('',#2312,#556);
#373=LINE('',#2314,#557);
#374=LINE('',#2315,#558);
#375=LINE('',#2317,#559);
#376=LINE('',#2319,#560);
#377=LINE('',#2321,#561);
#378=LINE('',#2323,#562);
#379=LINE('',#2326,#563);
#380=LINE('',#2329,#564);
#381=LINE('',#2330,#565);
#382=LINE('',#2335,#566);
#383=LINE('',#2337,#567);
#384=LINE('',#2339,#568);
#385=LINE('',#2342,#569);
#386=LINE('',#2344,#570);
#387=LINE('',#2346,#571);
#388=LINE('',#2348,#572);
#389=LINE('',#2351,#573);
#390=LINE('',#2354,#574);
#391=LINE('',#2356,#575);
#392=LINE('',#2357,#576);
#393=LINE('',#2361,#577);
#394=LINE('',#2363,#578);
#395=LINE('',#2364,#579);
#396=LINE('',#2366,#580);
#397=LINE('',#2367,#581);
#398=LINE('',#2369,#582);
#399=LINE('',#2370,#583);
#400=LINE('',#2373,#584);
#401=LINE('',#2375,#585);
#402=LINE('',#2376,#586);
#403=LINE('',#2378,#587);
#404=LINE('',#2379,#588);
#405=LINE('',#2382,#589);
#406=LINE('',#2386,#590);
#407=LINE('',#2390,#591);
#408=LINE('',#2406,#592);
#409=LINE('',#2410,#593);
#410=LINE('',#2414,#594);
#411=LINE('',#2419,#595);
#412=LINE('',#2422,#596);
#413=LINE('',#2426,#597);
#414=LINE('',#2430,#598);
#415=LINE('',#2433,#599);
#416=LINE('',#2436,#600);
#417=LINE('',#2440,#601);
#418=LINE('',#2442,#602);
#419=LINE('',#2443,#603);
#420=LINE('',#2445,#604);
#421=LINE('',#2446,#605);
#422=LINE('',#2450,#606);
#423=LINE('',#2452,#607);
#424=LINE('',#2454,#608);
#425=LINE('',#2455,#609);
#426=LINE('',#2459,#610);
#427=LINE('',#2461,#611);
#428=LINE('',#2463,#612);
#429=LINE('',#2465,#613);
#430=LINE('',#2466,#614);
#431=LINE('',#2468,#615);
#432=LINE('',#2469,#616);
#433=LINE('',#2472,#617);
#434=LINE('',#2474,#618);
#435=LINE('',#2475,#619);
#436=LINE('',#2478,#620);
#437=LINE('',#2480,#621);
#438=LINE('',#2481,#622);
#439=LINE('',#2482,#623);
#440=LINE('',#2485,#624);
#441=LINE('',#2487,#625);
#442=LINE('',#2488,#626);
#443=LINE('',#2491,#627);
#444=LINE('',#2492,#628);
#445=LINE('',#2493,#629);
#446=LINE('',#2496,#630);
#447=LINE('',#2498,#631);
#448=LINE('',#2500,#632);
#449=LINE('',#2502,#633);
#450=LINE('',#2504,#634);
#451=LINE('',#2505,#635);
#452=LINE('',#2507,#636);
#453=LINE('',#2509,#637);
#454=LINE('',#2510,#638);
#455=LINE('',#2513,#639);
#456=LINE('',#2514,#640);
#457=LINE('',#2515,#641);
#458=LINE('',#2516,#642);
#459=LINE('',#2520,#643);
#460=LINE('',#2525,#644);
#461=LINE('',#2529,#645);
#462=LINE('',#2531,#646);
#463=LINE('',#2532,#647);
#464=LINE('',#2534,#648);
#465=LINE('',#2536,#649);
#466=LINE('',#2538,#650);
#467=LINE('',#2540,#651);
#468=LINE('',#2542,#652);
#469=LINE('',#2544,#653);
#470=LINE('',#2546,#654);
#471=LINE('',#2548,#655);
#472=LINE('',#2549,#656);
#473=LINE('',#2551,#657);
#474=LINE('',#2552,#658);
#475=LINE('',#2554,#659);
#476=LINE('',#2555,#660);
#477=LINE('',#2557,#661);
#478=LINE('',#2564,#662);
#479=LINE('',#2566,#663);
#480=LINE('',#2570,#664);
#481=LINE('',#2571,#665);
#482=LINE('',#2573,#666);
#483=LINE('',#2575,#667);
#484=LINE('',#2578,#668);
#485=LINE('',#2585,#669);
#486=LINE('',#2586,#670);
#487=LINE('',#2589,#671);
#488=LINE('',#2590,#672);
#489=LINE('',#2592,#673);
#490=LINE('',#2595,#674);
#491=LINE('',#2596,#675);
#492=LINE('',#2598,#676);
#493=LINE('',#2600,#677);
#494=LINE('',#2601,#678);
#495=LINE('',#2603,#679);
#496=LINE('',#2606,#680);
#497=LINE('',#2607,#681);
#498=LINE('',#2609,#682);
#499=LINE('',#2610,#683);
#500=LINE('',#2612,#684);
#501=LINE('',#2614,#685);
#502=LINE('',#2617,#686);
#503=LINE('',#2619,#687);
#504=LINE('',#2624,#688);
#505=LINE('',#2630,#689);
#506=LINE('',#2636,#690);
#507=LINE('',#2642,#691);
#508=LINE('',#2648,#692);
#509=LINE('',#2654,#693);
#510=LINE('',#2659,#694);
#511=LINE('',#2660,#695);
#512=LINE('',#2662,#696);
#513=LINE('',#2663,#697);
#514=LINE('',#2666,#698);
#515=VECTOR('',#1780,10.);
#516=VECTOR('',#1783,10.);
#517=VECTOR('',#1788,10.);
#518=VECTOR('',#1791,10.);
#519=VECTOR('',#1796,10.);
#520=VECTOR('',#1799,10.);
#521=VECTOR('',#1804,10.);
#522=VECTOR('',#1805,10.);
#523=VECTOR('',#1808,10.);
#524=VECTOR('',#1809,10.);
#525=VECTOR('',#1810,10.);
#526=VECTOR('',#1811,10.);
#527=VECTOR('',#1812,10.);
#528=VECTOR('',#1813,10.);
#529=VECTOR('',#1814,10.);
#530=VECTOR('',#1815,10.);
#531=VECTOR('',#1816,10.);
#532=VECTOR('',#1817,10.);
#533=VECTOR('',#1818,10.);
#534=VECTOR('',#1819,10.);
#535=VECTOR('',#1820,10.);
#536=VECTOR('',#1821,10.);
#537=VECTOR('',#1822,10.);
#538=VECTOR('',#1823,10.);
#539=VECTOR('',#1824,10.);
#540=VECTOR('',#1825,10.);
#541=VECTOR('',#1826,10.);
#542=VECTOR('',#1827,10.);
#543=VECTOR('',#1828,10.);
#544=VECTOR('',#1829,10.);
#545=VECTOR('',#1830,10.);
#546=VECTOR('',#1833,10.);
#547=VECTOR('',#1834,10.);
#548=VECTOR('',#1837,10.);
#549=VECTOR('',#1838,10.);
#550=VECTOR('',#1839,10.);
#551=VECTOR('',#1842,10.);
#552=VECTOR('',#1843,10.);
#553=VECTOR('',#1844,10.);
#554=VECTOR('',#1845,10.);
#555=VECTOR('',#1848,10.);
#556=VECTOR('',#1849,10.);
#557=VECTOR('',#1850,10.);
#558=VECTOR('',#1851,10.);
#559=VECTOR('',#1852,10.);
#560=VECTOR('',#1853,10.);
#561=VECTOR('',#1854,10.);
#562=VECTOR('',#1855,10.);
#563=VECTOR('',#1858,10.);
#564=VECTOR('',#1861,10.);
#565=VECTOR('',#1862,10.);
#566=VECTOR('',#1867,10.);
#567=VECTOR('',#1868,10.);
#568=VECTOR('',#1869,10.);
#569=VECTOR('',#1872,10.);
#570=VECTOR('',#1873,10.);
#571=VECTOR('',#1874,10.);
#572=VECTOR('',#1875,10.);
#573=VECTOR('',#1878,10.);
#574=VECTOR('',#1881,10.);
#575=VECTOR('',#1882,10.);
#576=VECTOR('',#1883,10.);
#577=VECTOR('',#1886,10.);
#578=VECTOR('',#1887,10.);
#579=VECTOR('',#1888,10.);
#580=VECTOR('',#1889,10.);
#581=VECTOR('',#1890,10.);
#582=VECTOR('',#1893,10.);
#583=VECTOR('',#1894,10.);
#584=VECTOR('',#1897,10.);
#585=VECTOR('',#1898,10.);
#586=VECTOR('',#1899,10.);
#587=VECTOR('',#1902,10.);
#588=VECTOR('',#1903,10.);
#589=VECTOR('',#1906,10.);
#590=VECTOR('',#1909,2.3);
#591=VECTOR('',#1914,10.);
#592=VECTOR('',#1937,10.);
#593=VECTOR('',#1940,2.3);
#594=VECTOR('',#1945,10.);
#595=VECTOR('',#1952,10.);
#596=VECTOR('',#1955,1.20000000000001);
#597=VECTOR('',#1960,1.20000000000001);
#598=VECTOR('',#1965,1.20000000000001);
#599=VECTOR('',#1970,10.);
#600=VECTOR('',#1973,1.20000000000001);
#601=VECTOR('',#1978,10.);
#602=VECTOR('',#1979,10.);
#603=VECTOR('',#1980,10.);
#604=VECTOR('',#1981,10.);
#605=VECTOR('',#1982,10.);
#606=VECTOR('',#1985,10.);
#607=VECTOR('',#1986,10.);
#608=VECTOR('',#1987,10.);
#609=VECTOR('',#1988,10.);
#610=VECTOR('',#1991,10.);
#611=VECTOR('',#1992,10.);
#612=VECTOR('',#1993,10.);
#613=VECTOR('',#1994,10.);
#614=VECTOR('',#1995,10.);
#615=VECTOR('',#1996,10.);
#616=VECTOR('',#1997,10.);
#617=VECTOR('',#2000,10.);
#618=VECTOR('',#2001,10.);
#619=VECTOR('',#2002,10.);
#620=VECTOR('',#2005,10.);
#621=VECTOR('',#2006,10.);
#622=VECTOR('',#2007,10.);
#623=VECTOR('',#2008,10.);
#624=VECTOR('',#2011,10.);
#625=VECTOR('',#2012,10.);
#626=VECTOR('',#2013,10.);
#627=VECTOR('',#2016,10.);
#628=VECTOR('',#2017,10.);
#629=VECTOR('',#2018,10.);
#630=VECTOR('',#2021,10.);
#631=VECTOR('',#2022,10.);
#632=VECTOR('',#2023,10.);
#633=VECTOR('',#2024,10.);
#634=VECTOR('',#2025,10.);
#635=VECTOR('',#2026,10.);
#636=VECTOR('',#2027,10.);
#637=VECTOR('',#2028,10.);
#638=VECTOR('',#2029,10.);
#639=VECTOR('',#2032,10.);
#640=VECTOR('',#2033,10.);
#641=VECTOR('',#2034,10.);
#642=VECTOR('',#2035,10.);
#643=VECTOR('',#2040,10.);
#644=VECTOR('',#2045,8.00000000000001);
#645=VECTOR('',#2050,10.);
#646=VECTOR('',#2051,10.);
#647=VECTOR('',#2052,10.);
#648=VECTOR('',#2053,10.);
#649=VECTOR('',#2054,10.);
#650=VECTOR('',#2055,10.);
#651=VECTOR('',#2056,10.);
#652=VECTOR('',#2057,10.);
#653=VECTOR('',#2058,10.);
#654=VECTOR('',#2059,10.);
#655=VECTOR('',#2060,10.);
#656=VECTOR('',#2061,10.);
#657=VECTOR('',#2062,10.);
#658=VECTOR('',#2063,10.);
#659=VECTOR('',#2064,10.);
#660=VECTOR('',#2065,10.);
#661=VECTOR('',#2068,10.);
#662=VECTOR('',#2077,5.15000000000001);
#663=VECTOR('',#2080,10.);
#664=VECTOR('',#2085,10.);
#665=VECTOR('',#2086,10.);
#666=VECTOR('',#2089,10.);
#667=VECTOR('',#2092,10.);
#668=VECTOR('',#2095,5.);
#669=VECTOR('',#2104,10.);
#670=VECTOR('',#2105,10.);
#671=VECTOR('',#2108,10.);
#672=VECTOR('',#2109,10.);
#673=VECTOR('',#2112,10.);
#674=VECTOR('',#2115,10.);
#675=VECTOR('',#2116,10.);
#676=VECTOR('',#2119,10.);
#677=VECTOR('',#2122,10.);
#678=VECTOR('',#2123,10.);
#679=VECTOR('',#2126,10.);
#680=VECTOR('',#2129,10.);
#681=VECTOR('',#2130,10.);
#682=VECTOR('',#2133,10.);
#683=VECTOR('',#2134,10.);
#684=VECTOR('',#2137,3.24999999999999);
#685=VECTOR('',#2140,10.);
#686=VECTOR('',#2145,10.);
#687=VECTOR('',#2148,10.);
#688=VECTOR('',#2153,1.7);
#689=VECTOR('',#2160,1.7);
#690=VECTOR('',#2167,1.7);
#691=VECTOR('',#2174,1.7);
#692=VECTOR('',#2181,3.15);
#693=VECTOR('',#2188,10.4);
#694=VECTOR('',#2195,10.);
#695=VECTOR('',#2196,10.);
#696=VECTOR('',#2199,10.);
#697=VECTOR('',#2200,10.);
#698=VECTOR('',#2205,10.);
#699=VERTEX_POINT('',#2214);
#700=VERTEX_POINT('',#2215);
#701=VERTEX_POINT('',#2217);
#702=VERTEX_POINT('',#2219);
#703=VERTEX_POINT('',#2223);
#704=VERTEX_POINT('',#2224);
#705=VERTEX_POINT('',#2226);
#706=VERTEX_POINT('',#2228);
#707=VERTEX_POINT('',#2232);
#708=VERTEX_POINT('',#2233);
#709=VERTEX_POINT('',#2235);
#710=VERTEX_POINT('',#2237);
#711=VERTEX_POINT('',#2241);
#712=VERTEX_POINT('',#2246);
#713=VERTEX_POINT('',#2248);
#714=VERTEX_POINT('',#2250);
#715=VERTEX_POINT('',#2252);
#716=VERTEX_POINT('',#2254);
#717=VERTEX_POINT('',#2256);
#718=VERTEX_POINT('',#2258);
#719=VERTEX_POINT('',#2260);
#720=VERTEX_POINT('',#2262);
#721=VERTEX_POINT('',#2264);
#722=VERTEX_POINT('',#2266);
#723=VERTEX_POINT('',#2268);
#724=VERTEX_POINT('',#2270);
#725=VERTEX_POINT('',#2272);
#726=VERTEX_POINT('',#2274);
#727=VERTEX_POINT('',#2276);
#728=VERTEX_POINT('',#2278);
#729=VERTEX_POINT('',#2280);
#730=VERTEX_POINT('',#2282);
#731=VERTEX_POINT('',#2284);
#732=VERTEX_POINT('',#2286);
#733=VERTEX_POINT('',#2290);
#734=VERTEX_POINT('',#2295);
#735=VERTEX_POINT('',#2299);
#736=VERTEX_POINT('',#2300);
#737=VERTEX_POINT('',#2302);
#738=VERTEX_POINT('',#2304);
#739=VERTEX_POINT('',#2308);
#740=VERTEX_POINT('',#2309);
#741=VERTEX_POINT('',#2311);
#742=VERTEX_POINT('',#2313);
#743=VERTEX_POINT('',#2316);
#744=VERTEX_POINT('',#2318);
#745=VERTEX_POINT('',#2320);
#746=VERTEX_POINT('',#2322);
#747=VERTEX_POINT('',#2325);
#748=VERTEX_POINT('',#2328);
#749=VERTEX_POINT('',#2331);
#750=VERTEX_POINT('',#2334);
#751=VERTEX_POINT('',#2336);
#752=VERTEX_POINT('',#2338);
#753=VERTEX_POINT('',#2340);
#754=VERTEX_POINT('',#2343);
#755=VERTEX_POINT('',#2345);
#756=VERTEX_POINT('',#2347);
#757=VERTEX_POINT('',#2349);
#758=VERTEX_POINT('',#2353);
#759=VERTEX_POINT('',#2355);
#760=VERTEX_POINT('',#2359);
#761=VERTEX_POINT('',#2360);
#762=VERTEX_POINT('',#2362);
#763=VERTEX_POINT('',#2365);
#764=VERTEX_POINT('',#2372);
#765=VERTEX_POINT('',#2374);
#766=VERTEX_POINT('',#2381);
#767=VERTEX_POINT('',#2383);
#768=VERTEX_POINT('',#2385);
#769=VERTEX_POINT('',#2388);
#770=VERTEX_POINT('',#2392);
#771=VERTEX_POINT('',#2397);
#772=VERTEX_POINT('',#2402);
#773=VERTEX_POINT('',#2405);
#774=VERTEX_POINT('',#2407);
#775=VERTEX_POINT('',#2409);
#776=VERTEX_POINT('',#2412);
#777=VERTEX_POINT('',#2416);
#778=VERTEX_POINT('',#2421);
#779=VERTEX_POINT('',#2425);
#780=VERTEX_POINT('',#2429);
#781=VERTEX_POINT('',#2435);
#782=VERTEX_POINT('',#2439);
#783=VERTEX_POINT('',#2441);
#784=VERTEX_POINT('',#2444);
#785=VERTEX_POINT('',#2448);
#786=VERTEX_POINT('',#2449);
#787=VERTEX_POINT('',#2451);
#788=VERTEX_POINT('',#2453);
#789=VERTEX_POINT('',#2457);
#790=VERTEX_POINT('',#2458);
#791=VERTEX_POINT('',#2460);
#792=VERTEX_POINT('',#2462);
#793=VERTEX_POINT('',#2464);
#794=VERTEX_POINT('',#2467);
#795=VERTEX_POINT('',#2471);
#796=VERTEX_POINT('',#2473);
#797=VERTEX_POINT('',#2477);
#798=VERTEX_POINT('',#2479);
#799=VERTEX_POINT('',#2484);
#800=VERTEX_POINT('',#2486);
#801=VERTEX_POINT('',#2490);
#802=VERTEX_POINT('',#2495);
#803=VERTEX_POINT('',#2497);
#804=VERTEX_POINT('',#2499);
#805=VERTEX_POINT('',#2501);
#806=VERTEX_POINT('',#2503);
#807=VERTEX_POINT('',#2506);
#808=VERTEX_POINT('',#2508);
#809=VERTEX_POINT('',#2512);
#810=VERTEX_POINT('',#2517);
#811=VERTEX_POINT('',#2521);
#812=VERTEX_POINT('',#2524);
#813=VERTEX_POINT('',#2528);
#814=VERTEX_POINT('',#2530);
#815=VERTEX_POINT('',#2533);
#816=VERTEX_POINT('',#2535);
#817=VERTEX_POINT('',#2537);
#818=VERTEX_POINT('',#2539);
#819=VERTEX_POINT('',#2541);
#820=VERTEX_POINT('',#2543);
#821=VERTEX_POINT('',#2545);
#822=VERTEX_POINT('',#2547);
#823=VERTEX_POINT('',#2550);
#824=VERTEX_POINT('',#2553);
#825=VERTEX_POINT('',#2559);
#826=VERTEX_POINT('',#2562);
#827=VERTEX_POINT('',#2569);
#828=VERTEX_POINT('',#2577);
#829=VERTEX_POINT('',#2581);
#830=VERTEX_POINT('',#2584);
#831=VERTEX_POINT('',#2588);
#832=VERTEX_POINT('',#2594);
#833=VERTEX_POINT('',#2605);
#834=VERTEX_POINT('',#2621);
#835=VERTEX_POINT('',#2623);
#836=VERTEX_POINT('',#2627);
#837=VERTEX_POINT('',#2629);
#838=VERTEX_POINT('',#2633);
#839=VERTEX_POINT('',#2635);
#840=VERTEX_POINT('',#2639);
#841=VERTEX_POINT('',#2641);
#842=VERTEX_POINT('',#2645);
#843=VERTEX_POINT('',#2647);
#844=VERTEX_POINT('',#2651);
#845=VERTEX_POINT('',#2653);
#846=VERTEX_POINT('',#2658);
#847=EDGE_CURVE('',#699,#700,#331,.T.);
#848=EDGE_CURVE('',#701,#699,#285,.T.);
#849=EDGE_CURVE('',#702,#701,#332,.T.);
#850=EDGE_CURVE('',#700,#702,#286,.T.);
#851=EDGE_CURVE('',#703,#704,#333,.T.);
#852=EDGE_CURVE('',#705,#703,#287,.T.);
#853=EDGE_CURVE('',#706,#705,#334,.T.);
#854=EDGE_CURVE('',#704,#706,#288,.T.);
#855=EDGE_CURVE('',#707,#708,#335,.T.);
#856=EDGE_CURVE('',#709,#707,#289,.T.);
#857=EDGE_CURVE('',#710,#709,#336,.T.);
#858=EDGE_CURVE('',#708,#710,#290,.T.);
#859=EDGE_CURVE('',#711,#706,#337,.T.);
#860=EDGE_CURVE('',#704,#711,#338,.T.);
#861=EDGE_CURVE('',#708,#703,#339,.T.);
#862=EDGE_CURVE('',#711,#712,#340,.T.);
#863=EDGE_CURVE('',#712,#713,#341,.T.);
#864=EDGE_CURVE('',#714,#713,#342,.T.);
#865=EDGE_CURVE('',#714,#715,#343,.T.);
#866=EDGE_CURVE('',#716,#715,#344,.T.);
#867=EDGE_CURVE('',#717,#716,#345,.T.);
#868=EDGE_CURVE('',#718,#717,#346,.T.);
#869=EDGE_CURVE('',#719,#718,#347,.T.);
#870=EDGE_CURVE('',#719,#720,#348,.T.);
#871=EDGE_CURVE('',#720,#721,#349,.T.);
#872=EDGE_CURVE('',#722,#721,#350,.T.);
#873=EDGE_CURVE('',#723,#722,#351,.T.);
#874=EDGE_CURVE('',#723,#724,#352,.T.);
#875=EDGE_CURVE('',#724,#725,#353,.T.);
#876=EDGE_CURVE('',#725,#726,#354,.T.);
#877=EDGE_CURVE('',#726,#727,#355,.T.);
#878=EDGE_CURVE('',#727,#728,#356,.T.);
#879=EDGE_CURVE('',#728,#729,#357,.T.);
#880=EDGE_CURVE('',#729,#730,#358,.T.);
#881=EDGE_CURVE('',#730,#731,#359,.T.);
#882=EDGE_CURVE('',#731,#732,#360,.T.);
#883=EDGE_CURVE('',#732,#707,#361,.T.);
#884=EDGE_CURVE('',#733,#702,#362,.T.);
#885=EDGE_CURVE('',#700,#733,#363,.T.);
#886=EDGE_CURVE('',#705,#699,#364,.T.);
#887=EDGE_CURVE('',#734,#733,#365,.T.);
#888=EDGE_CURVE('',#712,#734,#366,.T.);
#889=EDGE_CURVE('',#735,#736,#367,.T.);
#890=EDGE_CURVE('',#735,#737,#368,.T.);
#891=EDGE_CURVE('',#738,#737,#369,.T.);
#892=EDGE_CURVE('',#736,#738,#370,.T.);
#893=EDGE_CURVE('',#739,#740,#371,.T.);
#894=EDGE_CURVE('',#740,#741,#372,.T.);
#895=EDGE_CURVE('',#741,#742,#373,.T.);
#896=EDGE_CURVE('',#715,#742,#374,.T.);
#897=EDGE_CURVE('',#714,#743,#375,.T.);
#898=EDGE_CURVE('',#743,#744,#376,.T.);
#899=EDGE_CURVE('',#744,#745,#377,.T.);
#900=EDGE_CURVE('',#745,#746,#378,.T.);
#901=EDGE_CURVE('',#746,#746,#291,.T.);
#902=EDGE_CURVE('',#746,#747,#379,.T.);
#903=EDGE_CURVE('',#747,#747,#292,.T.);
#904=EDGE_CURVE('',#747,#748,#380,.T.);
#905=EDGE_CURVE('',#748,#739,#381,.T.);
#906=EDGE_CURVE('',#749,#749,#293,.T.);
#907=EDGE_CURVE('',#750,#735,#382,.T.);
#908=EDGE_CURVE('',#736,#751,#383,.T.);
#909=EDGE_CURVE('',#751,#752,#384,.T.);
#910=EDGE_CURVE('',#752,#753,#294,.T.);
#911=EDGE_CURVE('',#753,#729,#385,.T.);
#912=EDGE_CURVE('',#728,#754,#386,.T.);
#913=EDGE_CURVE('',#754,#755,#387,.T.);
#914=EDGE_CURVE('',#755,#756,#388,.T.);
#915=EDGE_CURVE('',#756,#757,#295,.T.);
#916=EDGE_CURVE('',#757,#750,#389,.T.);
#917=EDGE_CURVE('',#744,#758,#390,.T.);
#918=EDGE_CURVE('',#759,#758,#391,.T.);
#919=EDGE_CURVE('',#745,#759,#392,.T.);
#920=EDGE_CURVE('',#760,#761,#393,.T.);
#921=EDGE_CURVE('',#762,#760,#394,.T.);
#922=EDGE_CURVE('',#762,#747,#395,.T.);
#923=EDGE_CURVE('',#763,#746,#396,.T.);
#924=EDGE_CURVE('',#763,#761,#397,.T.);
#925=EDGE_CURVE('',#761,#759,#398,.T.);
#926=EDGE_CURVE('',#763,#746,#399,.T.);
#927=EDGE_CURVE('',#764,#739,#400,.T.);
#928=EDGE_CURVE('',#748,#765,#401,.T.);
#929=EDGE_CURVE('',#764,#765,#402,.T.);
#930=EDGE_CURVE('',#765,#760,#403,.T.);
#931=EDGE_CURVE('',#762,#747,#404,.T.);
#932=EDGE_CURVE('',#766,#752,#405,.T.);
#933=EDGE_CURVE('',#767,#766,#296,.T.);
#934=EDGE_CURVE('',#767,#768,#406,.T.);
#935=EDGE_CURVE('',#768,#768,#297,.T.);
#936=EDGE_CURVE('',#769,#767,#298,.T.);
#937=EDGE_CURVE('',#753,#769,#407,.T.);
#938=EDGE_CURVE('',#770,#770,#299,.T.);
#939=EDGE_CURVE('',#762,#762,#300,.T.);
#940=EDGE_CURVE('',#771,#771,#301,.T.);
#941=EDGE_CURVE('',#763,#763,#302,.T.);
#942=EDGE_CURVE('',#772,#772,#303,.T.);
#943=EDGE_CURVE('',#773,#756,#408,.T.);
#944=EDGE_CURVE('',#774,#773,#304,.T.);
#945=EDGE_CURVE('',#774,#775,#409,.T.);
#946=EDGE_CURVE('',#775,#775,#305,.T.);
#947=EDGE_CURVE('',#776,#774,#306,.T.);
#948=EDGE_CURVE('',#757,#776,#410,.T.);
#949=EDGE_CURVE('',#777,#777,#307,.T.);
#950=EDGE_CURVE('',#769,#766,#411,.T.);
#951=EDGE_CURVE('',#770,#778,#412,.T.);
#952=EDGE_CURVE('',#778,#778,#308,.T.);
#953=EDGE_CURVE('',#771,#779,#413,.T.);
#954=EDGE_CURVE('',#779,#779,#309,.T.);
#955=EDGE_CURVE('',#772,#780,#414,.T.);
#956=EDGE_CURVE('',#780,#780,#310,.T.);
#957=EDGE_CURVE('',#776,#773,#415,.T.);
#958=EDGE_CURVE('',#777,#781,#416,.T.);
#959=EDGE_CURVE('',#781,#781,#311,.T.);
#960=EDGE_CURVE('',#751,#782,#417,.T.);
#961=EDGE_CURVE('',#782,#783,#418,.T.);
#962=EDGE_CURVE('',#783,#750,#419,.T.);
#963=EDGE_CURVE('',#784,#755,#420,.T.);
#964=EDGE_CURVE('',#784,#730,#421,.T.);
#965=EDGE_CURVE('',#785,#786,#422,.T.);
#966=EDGE_CURVE('',#787,#785,#423,.T.);
#967=EDGE_CURVE('',#788,#787,#424,.T.);
#968=EDGE_CURVE('',#788,#786,#425,.T.);
#969=EDGE_CURVE('',#789,#790,#426,.T.);
#970=EDGE_CURVE('',#791,#789,#427,.T.);
#971=EDGE_CURVE('',#792,#791,#428,.T.);
#972=EDGE_CURVE('',#792,#793,#429,.T.);
#973=EDGE_CURVE('',#793,#788,#430,.T.);
#974=EDGE_CURVE('',#787,#794,#431,.T.);
#975=EDGE_CURVE('',#794,#790,#432,.T.);
#976=EDGE_CURVE('',#795,#793,#433,.T.);
#977=EDGE_CURVE('',#796,#795,#434,.T.);
#978=EDGE_CURVE('',#786,#796,#435,.T.);
#979=EDGE_CURVE('',#797,#786,#436,.T.);
#980=EDGE_CURVE('',#797,#798,#437,.T.);
#981=EDGE_CURVE('',#798,#718,#438,.T.);
#982=EDGE_CURVE('',#785,#717,#439,.T.);
#983=EDGE_CURVE('',#799,#791,#440,.T.);
#984=EDGE_CURVE('',#800,#799,#441,.T.);
#985=EDGE_CURVE('',#800,#792,#442,.T.);
#986=EDGE_CURVE('',#801,#743,#443,.T.);
#987=EDGE_CURVE('',#801,#782,#444,.T.);
#988=EDGE_CURVE('',#758,#738,#445,.T.);
#989=EDGE_CURVE('',#802,#727,#446,.T.);
#990=EDGE_CURVE('',#803,#802,#447,.T.);
#991=EDGE_CURVE('',#804,#803,#448,.T.);
#992=EDGE_CURVE('',#805,#804,#449,.T.);
#993=EDGE_CURVE('',#806,#805,#450,.T.);
#994=EDGE_CURVE('',#754,#806,#451,.T.);
#995=EDGE_CURVE('',#800,#807,#452,.T.);
#996=EDGE_CURVE('',#799,#808,#453,.T.);
#997=EDGE_CURVE('',#808,#807,#454,.T.);
#998=EDGE_CURVE('',#794,#809,#455,.T.);
#999=EDGE_CURVE('',#795,#809,#456,.T.);
#1000=EDGE_CURVE('',#790,#807,#457,.T.);
#1001=EDGE_CURVE('',#737,#764,#458,.T.);
#1002=EDGE_CURVE('',#810,#810,#312,.T.);
#1003=EDGE_CURVE('',#701,#710,#459,.T.);
#1004=EDGE_CURVE('',#811,#811,#313,.T.);
#1005=EDGE_CURVE('',#811,#812,#460,.T.);
#1006=EDGE_CURVE('',#812,#812,#314,.T.);
#1007=EDGE_CURVE('',#709,#813,#461,.T.);
#1008=EDGE_CURVE('',#813,#814,#462,.T.);
#1009=EDGE_CURVE('',#814,#784,#463,.T.);
#1010=EDGE_CURVE('',#806,#815,#464,.T.);
#1011=EDGE_CURVE('',#815,#816,#465,.T.);
#1012=EDGE_CURVE('',#817,#816,#466,.T.);
#1013=EDGE_CURVE('',#817,#818,#467,.T.);
#1014=EDGE_CURVE('',#818,#819,#468,.T.);
#1015=EDGE_CURVE('',#820,#819,#469,.T.);
#1016=EDGE_CURVE('',#820,#821,#470,.T.);
#1017=EDGE_CURVE('',#821,#822,#471,.T.);
#1018=EDGE_CURVE('',#822,#798,#472,.T.);
#1019=EDGE_CURVE('',#797,#823,#473,.T.);
#1020=EDGE_CURVE('',#742,#823,#474,.T.);
#1021=EDGE_CURVE('',#824,#741,#475,.T.);
#1022=EDGE_CURVE('',#734,#824,#476,.T.);
#1023=EDGE_CURVE('',#813,#732,#477,.T.);
#1024=EDGE_CURVE('',#825,#825,#315,.T.);
#1025=EDGE_CURVE('',#826,#826,#316,.T.);
#1026=EDGE_CURVE('',#826,#825,#478,.T.);
#1027=EDGE_CURVE('',#808,#789,#479,.T.);
#1028=EDGE_CURVE('',#783,#827,#480,.T.);
#1029=EDGE_CURVE('',#740,#827,#481,.T.);
#1030=EDGE_CURVE('',#827,#801,#482,.T.);
#1031=EDGE_CURVE('',#713,#824,#483,.T.);
#1032=EDGE_CURVE('',#749,#828,#484,.T.);
#1033=EDGE_CURVE('',#828,#828,#317,.T.);
#1034=EDGE_CURVE('',#829,#829,#318,.T.);
#1035=EDGE_CURVE('',#802,#830,#485,.T.);
#1036=EDGE_CURVE('',#830,#726,#486,.T.);
#1037=EDGE_CURVE('',#831,#805,#487,.T.);
#1038=EDGE_CURVE('',#815,#831,#488,.T.);
#1039=EDGE_CURVE('',#731,#814,#489,.T.);
#1040=EDGE_CURVE('',#830,#832,#490,.T.);
#1041=EDGE_CURVE('',#803,#832,#491,.T.);
#1042=EDGE_CURVE('',#832,#725,#492,.T.);
#1043=EDGE_CURVE('',#804,#822,#493,.T.);
#1044=EDGE_CURVE('',#719,#803,#494,.T.);
#1045=EDGE_CURVE('',#823,#796,#495,.T.);
#1046=EDGE_CURVE('',#833,#716,#496,.T.);
#1047=EDGE_CURVE('',#785,#833,#497,.T.);
#1048=EDGE_CURVE('',#804,#803,#498,.T.);
#1049=EDGE_CURVE('',#821,#720,#499,.T.);
#1050=EDGE_CURVE('',#829,#810,#500,.T.);
#1051=EDGE_CURVE('',#809,#833,#501,.T.);
#1052=EDGE_CURVE('',#721,#820,#502,.T.);
#1053=EDGE_CURVE('',#819,#722,#503,.T.);
#1054=EDGE_CURVE('',#834,#834,#319,.T.);
#1055=EDGE_CURVE('',#834,#835,#504,.T.);
#1056=EDGE_CURVE('',#835,#835,#320,.T.);
#1057=EDGE_CURVE('',#836,#836,#321,.T.);
#1058=EDGE_CURVE('',#836,#837,#505,.T.);
#1059=EDGE_CURVE('',#837,#837,#322,.T.);
#1060=EDGE_CURVE('',#838,#838,#323,.T.);
#1061=EDGE_CURVE('',#838,#839,#506,.T.);
#1062=EDGE_CURVE('',#839,#839,#324,.T.);
#1063=EDGE_CURVE('',#840,#840,#325,.T.);
#1064=EDGE_CURVE('',#840,#841,#507,.T.);
#1065=EDGE_CURVE('',#841,#841,#326,.T.);
#1066=EDGE_CURVE('',#842,#842,#327,.T.);
#1067=EDGE_CURVE('',#842,#843,#508,.T.);
#1068=EDGE_CURVE('',#843,#843,#328,.T.);
#1069=EDGE_CURVE('',#844,#844,#329,.T.);
#1070=EDGE_CURVE('',#844,#845,#509,.T.);
#1071=EDGE_CURVE('',#845,#845,#330,.T.);
#1072=EDGE_CURVE('',#846,#804,#510,.T.);
#1073=EDGE_CURVE('',#846,#831,#511,.T.);
#1074=EDGE_CURVE('',#724,#817,#512,.T.);
#1075=EDGE_CURVE('',#816,#846,#513,.T.);
#1076=EDGE_CURVE('',#818,#723,#514,.T.);
#1077=ORIENTED_EDGE('',*,*,#847,.F.);
#1078=ORIENTED_EDGE('',*,*,#848,.F.);
#1079=ORIENTED_EDGE('',*,*,#849,.F.);
#1080=ORIENTED_EDGE('',*,*,#850,.F.);
#1081=ORIENTED_EDGE('',*,*,#851,.F.);
#1082=ORIENTED_EDGE('',*,*,#852,.F.);
#1083=ORIENTED_EDGE('',*,*,#853,.F.);
#1084=ORIENTED_EDGE('',*,*,#854,.F.);
#1085=ORIENTED_EDGE('',*,*,#855,.F.);
#1086=ORIENTED_EDGE('',*,*,#856,.F.);
#1087=ORIENTED_EDGE('',*,*,#857,.F.);
#1088=ORIENTED_EDGE('',*,*,#858,.F.);
#1089=ORIENTED_EDGE('',*,*,#854,.T.);
#1090=ORIENTED_EDGE('',*,*,#859,.F.);
#1091=ORIENTED_EDGE('',*,*,#860,.F.);
#1092=ORIENTED_EDGE('',*,*,#855,.T.);
#1093=ORIENTED_EDGE('',*,*,#861,.T.);
#1094=ORIENTED_EDGE('',*,*,#851,.T.);
#1095=ORIENTED_EDGE('',*,*,#860,.T.);
#1096=ORIENTED_EDGE('',*,*,#862,.T.);
#1097=ORIENTED_EDGE('',*,*,#863,.T.);
#1098=ORIENTED_EDGE('',*,*,#864,.F.);
#1099=ORIENTED_EDGE('',*,*,#865,.T.);
#1100=ORIENTED_EDGE('',*,*,#866,.F.);
#1101=ORIENTED_EDGE('',*,*,#867,.F.);
#1102=ORIENTED_EDGE('',*,*,#868,.F.);
#1103=ORIENTED_EDGE('',*,*,#869,.F.);
#1104=ORIENTED_EDGE('',*,*,#870,.T.);
#1105=ORIENTED_EDGE('',*,*,#871,.T.);
#1106=ORIENTED_EDGE('',*,*,#872,.F.);
#1107=ORIENTED_EDGE('',*,*,#873,.F.);
#1108=ORIENTED_EDGE('',*,*,#874,.T.);
#1109=ORIENTED_EDGE('',*,*,#875,.T.);
#1110=ORIENTED_EDGE('',*,*,#876,.T.);
#1111=ORIENTED_EDGE('',*,*,#877,.T.);
#1112=ORIENTED_EDGE('',*,*,#878,.T.);
#1113=ORIENTED_EDGE('',*,*,#879,.T.);
#1114=ORIENTED_EDGE('',*,*,#880,.T.);
#1115=ORIENTED_EDGE('',*,*,#881,.T.);
#1116=ORIENTED_EDGE('',*,*,#882,.T.);
#1117=ORIENTED_EDGE('',*,*,#883,.T.);
#1118=ORIENTED_EDGE('',*,*,#850,.T.);
#1119=ORIENTED_EDGE('',*,*,#884,.F.);
#1120=ORIENTED_EDGE('',*,*,#885,.F.);
#1121=ORIENTED_EDGE('',*,*,#853,.T.);
#1122=ORIENTED_EDGE('',*,*,#886,.T.);
#1123=ORIENTED_EDGE('',*,*,#847,.T.);
#1124=ORIENTED_EDGE('',*,*,#885,.T.);
#1125=ORIENTED_EDGE('',*,*,#887,.F.);
#1126=ORIENTED_EDGE('',*,*,#888,.F.);
#1127=ORIENTED_EDGE('',*,*,#862,.F.);
#1128=ORIENTED_EDGE('',*,*,#859,.T.);
#1129=ORIENTED_EDGE('',*,*,#889,.F.);
#1130=ORIENTED_EDGE('',*,*,#890,.T.);
#1131=ORIENTED_EDGE('',*,*,#891,.F.);
#1132=ORIENTED_EDGE('',*,*,#892,.F.);
#1133=ORIENTED_EDGE('',*,*,#893,.T.);
#1134=ORIENTED_EDGE('',*,*,#894,.T.);
#1135=ORIENTED_EDGE('',*,*,#895,.T.);
#1136=ORIENTED_EDGE('',*,*,#896,.F.);
#1137=ORIENTED_EDGE('',*,*,#865,.F.);
#1138=ORIENTED_EDGE('',*,*,#897,.T.);
#1139=ORIENTED_EDGE('',*,*,#898,.T.);
#1140=ORIENTED_EDGE('',*,*,#899,.T.);
#1141=ORIENTED_EDGE('',*,*,#900,.T.);
#1142=ORIENTED_EDGE('',*,*,#901,.T.);
#1143=ORIENTED_EDGE('',*,*,#902,.T.);
#1144=ORIENTED_EDGE('',*,*,#903,.T.);
#1145=ORIENTED_EDGE('',*,*,#904,.T.);
#1146=ORIENTED_EDGE('',*,*,#905,.T.);
#1147=ORIENTED_EDGE('',*,*,#906,.T.);
#1148=ORIENTED_EDGE('',*,*,#907,.T.);
#1149=ORIENTED_EDGE('',*,*,#889,.T.);
#1150=ORIENTED_EDGE('',*,*,#908,.T.);
#1151=ORIENTED_EDGE('',*,*,#909,.T.);
#1152=ORIENTED_EDGE('',*,*,#910,.T.);
#1153=ORIENTED_EDGE('',*,*,#911,.T.);
#1154=ORIENTED_EDGE('',*,*,#879,.F.);
#1155=ORIENTED_EDGE('',*,*,#912,.T.);
#1156=ORIENTED_EDGE('',*,*,#913,.T.);
#1157=ORIENTED_EDGE('',*,*,#914,.T.);
#1158=ORIENTED_EDGE('',*,*,#915,.T.);
#1159=ORIENTED_EDGE('',*,*,#916,.T.);
#1160=ORIENTED_EDGE('',*,*,#917,.T.);
#1161=ORIENTED_EDGE('',*,*,#918,.F.);
#1162=ORIENTED_EDGE('',*,*,#919,.F.);
#1163=ORIENTED_EDGE('',*,*,#899,.F.);
#1164=ORIENTED_EDGE('',*,*,#920,.F.);
#1165=ORIENTED_EDGE('',*,*,#921,.F.);
#1166=ORIENTED_EDGE('',*,*,#922,.T.);
#1167=ORIENTED_EDGE('',*,*,#902,.F.);
#1168=ORIENTED_EDGE('',*,*,#923,.F.);
#1169=ORIENTED_EDGE('',*,*,#924,.T.);
#1170=ORIENTED_EDGE('',*,*,#925,.F.);
#1171=ORIENTED_EDGE('',*,*,#924,.F.);
#1172=ORIENTED_EDGE('',*,*,#926,.T.);
#1173=ORIENTED_EDGE('',*,*,#900,.F.);
#1174=ORIENTED_EDGE('',*,*,#919,.T.);
#1175=ORIENTED_EDGE('',*,*,#927,.T.);
#1176=ORIENTED_EDGE('',*,*,#905,.F.);
#1177=ORIENTED_EDGE('',*,*,#928,.T.);
#1178=ORIENTED_EDGE('',*,*,#929,.F.);
#1179=ORIENTED_EDGE('',*,*,#930,.F.);
#1180=ORIENTED_EDGE('',*,*,#928,.F.);
#1181=ORIENTED_EDGE('',*,*,#904,.F.);
#1182=ORIENTED_EDGE('',*,*,#931,.F.);
#1183=ORIENTED_EDGE('',*,*,#921,.T.);
#1184=ORIENTED_EDGE('',*,*,#932,.F.);
#1185=ORIENTED_EDGE('',*,*,#933,.F.);
#1186=ORIENTED_EDGE('',*,*,#934,.T.);
#1187=ORIENTED_EDGE('',*,*,#935,.T.);
#1188=ORIENTED_EDGE('',*,*,#934,.F.);
#1189=ORIENTED_EDGE('',*,*,#936,.F.);
#1190=ORIENTED_EDGE('',*,*,#937,.F.);
#1191=ORIENTED_EDGE('',*,*,#910,.F.);
#1192=ORIENTED_EDGE('',*,*,#935,.F.);
#1193=ORIENTED_EDGE('',*,*,#938,.F.);
#1194=ORIENTED_EDGE('',*,*,#903,.F.);
#1195=ORIENTED_EDGE('',*,*,#922,.F.);
#1196=ORIENTED_EDGE('',*,*,#939,.T.);
#1197=ORIENTED_EDGE('',*,*,#931,.T.);
#1198=ORIENTED_EDGE('',*,*,#939,.F.);
#1199=ORIENTED_EDGE('',*,*,#940,.F.);
#1200=ORIENTED_EDGE('',*,*,#941,.T.);
#1201=ORIENTED_EDGE('',*,*,#923,.T.);
#1202=ORIENTED_EDGE('',*,*,#901,.F.);
#1203=ORIENTED_EDGE('',*,*,#926,.F.);
#1204=ORIENTED_EDGE('',*,*,#941,.F.);
#1205=ORIENTED_EDGE('',*,*,#942,.F.);
#1206=ORIENTED_EDGE('',*,*,#943,.F.);
#1207=ORIENTED_EDGE('',*,*,#944,.F.);
#1208=ORIENTED_EDGE('',*,*,#945,.T.);
#1209=ORIENTED_EDGE('',*,*,#946,.T.);
#1210=ORIENTED_EDGE('',*,*,#945,.F.);
#1211=ORIENTED_EDGE('',*,*,#947,.F.);
#1212=ORIENTED_EDGE('',*,*,#948,.F.);
#1213=ORIENTED_EDGE('',*,*,#915,.F.);
#1214=ORIENTED_EDGE('',*,*,#946,.F.);
#1215=ORIENTED_EDGE('',*,*,#949,.F.);
#1216=ORIENTED_EDGE('',*,*,#950,.F.);
#1217=ORIENTED_EDGE('',*,*,#936,.T.);
#1218=ORIENTED_EDGE('',*,*,#933,.T.);
#1219=ORIENTED_EDGE('',*,*,#938,.T.);
#1220=ORIENTED_EDGE('',*,*,#951,.T.);
#1221=ORIENTED_EDGE('',*,*,#952,.F.);
#1222=ORIENTED_EDGE('',*,*,#951,.F.);
#1223=ORIENTED_EDGE('',*,*,#940,.T.);
#1224=ORIENTED_EDGE('',*,*,#953,.T.);
#1225=ORIENTED_EDGE('',*,*,#954,.F.);
#1226=ORIENTED_EDGE('',*,*,#953,.F.);
#1227=ORIENTED_EDGE('',*,*,#942,.T.);
#1228=ORIENTED_EDGE('',*,*,#955,.T.);
#1229=ORIENTED_EDGE('',*,*,#956,.F.);
#1230=ORIENTED_EDGE('',*,*,#955,.F.);
#1231=ORIENTED_EDGE('',*,*,#957,.F.);
#1232=ORIENTED_EDGE('',*,*,#947,.T.);
#1233=ORIENTED_EDGE('',*,*,#944,.T.);
#1234=ORIENTED_EDGE('',*,*,#949,.T.);
#1235=ORIENTED_EDGE('',*,*,#958,.T.);
#1236=ORIENTED_EDGE('',*,*,#959,.F.);
#1237=ORIENTED_EDGE('',*,*,#958,.F.);
#1238=ORIENTED_EDGE('',*,*,#932,.T.);
#1239=ORIENTED_EDGE('',*,*,#909,.F.);
#1240=ORIENTED_EDGE('',*,*,#960,.T.);
#1241=ORIENTED_EDGE('',*,*,#961,.T.);
#1242=ORIENTED_EDGE('',*,*,#962,.T.);
#1243=ORIENTED_EDGE('',*,*,#916,.F.);
#1244=ORIENTED_EDGE('',*,*,#948,.T.);
#1245=ORIENTED_EDGE('',*,*,#957,.T.);
#1246=ORIENTED_EDGE('',*,*,#943,.T.);
#1247=ORIENTED_EDGE('',*,*,#914,.F.);
#1248=ORIENTED_EDGE('',*,*,#963,.F.);
#1249=ORIENTED_EDGE('',*,*,#964,.T.);
#1250=ORIENTED_EDGE('',*,*,#880,.F.);
#1251=ORIENTED_EDGE('',*,*,#911,.F.);
#1252=ORIENTED_EDGE('',*,*,#937,.T.);
#1253=ORIENTED_EDGE('',*,*,#950,.T.);
#1254=ORIENTED_EDGE('',*,*,#965,.F.);
#1255=ORIENTED_EDGE('',*,*,#966,.F.);
#1256=ORIENTED_EDGE('',*,*,#967,.F.);
#1257=ORIENTED_EDGE('',*,*,#968,.T.);
#1258=ORIENTED_EDGE('',*,*,#969,.F.);
#1259=ORIENTED_EDGE('',*,*,#970,.F.);
#1260=ORIENTED_EDGE('',*,*,#971,.F.);
#1261=ORIENTED_EDGE('',*,*,#972,.T.);
#1262=ORIENTED_EDGE('',*,*,#973,.T.);
#1263=ORIENTED_EDGE('',*,*,#967,.T.);
#1264=ORIENTED_EDGE('',*,*,#974,.T.);
#1265=ORIENTED_EDGE('',*,*,#975,.T.);
#1266=ORIENTED_EDGE('',*,*,#976,.F.);
#1267=ORIENTED_EDGE('',*,*,#977,.F.);
#1268=ORIENTED_EDGE('',*,*,#978,.F.);
#1269=ORIENTED_EDGE('',*,*,#968,.F.);
#1270=ORIENTED_EDGE('',*,*,#973,.F.);
#1271=ORIENTED_EDGE('',*,*,#965,.T.);
#1272=ORIENTED_EDGE('',*,*,#979,.F.);
#1273=ORIENTED_EDGE('',*,*,#980,.T.);
#1274=ORIENTED_EDGE('',*,*,#981,.T.);
#1275=ORIENTED_EDGE('',*,*,#868,.T.);
#1276=ORIENTED_EDGE('',*,*,#982,.F.);
#1277=ORIENTED_EDGE('',*,*,#971,.T.);
#1278=ORIENTED_EDGE('',*,*,#983,.F.);
#1279=ORIENTED_EDGE('',*,*,#984,.F.);
#1280=ORIENTED_EDGE('',*,*,#985,.T.);
#1281=ORIENTED_EDGE('',*,*,#986,.F.);
#1282=ORIENTED_EDGE('',*,*,#987,.T.);
#1283=ORIENTED_EDGE('',*,*,#960,.F.);
#1284=ORIENTED_EDGE('',*,*,#908,.F.);
#1285=ORIENTED_EDGE('',*,*,#892,.T.);
#1286=ORIENTED_EDGE('',*,*,#988,.F.);
#1287=ORIENTED_EDGE('',*,*,#917,.F.);
#1288=ORIENTED_EDGE('',*,*,#898,.F.);
#1289=ORIENTED_EDGE('',*,*,#912,.F.);
#1290=ORIENTED_EDGE('',*,*,#878,.F.);
#1291=ORIENTED_EDGE('',*,*,#989,.F.);
#1292=ORIENTED_EDGE('',*,*,#990,.F.);
#1293=ORIENTED_EDGE('',*,*,#991,.F.);
#1294=ORIENTED_EDGE('',*,*,#992,.F.);
#1295=ORIENTED_EDGE('',*,*,#993,.F.);
#1296=ORIENTED_EDGE('',*,*,#994,.F.);
#1297=ORIENTED_EDGE('',*,*,#995,.F.);
#1298=ORIENTED_EDGE('',*,*,#984,.T.);
#1299=ORIENTED_EDGE('',*,*,#996,.T.);
#1300=ORIENTED_EDGE('',*,*,#997,.T.);
#1301=ORIENTED_EDGE('',*,*,#998,.T.);
#1302=ORIENTED_EDGE('',*,*,#999,.F.);
#1303=ORIENTED_EDGE('',*,*,#976,.T.);
#1304=ORIENTED_EDGE('',*,*,#972,.F.);
#1305=ORIENTED_EDGE('',*,*,#985,.F.);
#1306=ORIENTED_EDGE('',*,*,#995,.T.);
#1307=ORIENTED_EDGE('',*,*,#1000,.F.);
#1308=ORIENTED_EDGE('',*,*,#975,.F.);
#1309=ORIENTED_EDGE('',*,*,#1001,.T.);
#1310=ORIENTED_EDGE('',*,*,#929,.T.);
#1311=ORIENTED_EDGE('',*,*,#930,.T.);
#1312=ORIENTED_EDGE('',*,*,#920,.T.);
#1313=ORIENTED_EDGE('',*,*,#925,.T.);
#1314=ORIENTED_EDGE('',*,*,#918,.T.);
#1315=ORIENTED_EDGE('',*,*,#988,.T.);
#1316=ORIENTED_EDGE('',*,*,#891,.T.);
#1317=ORIENTED_EDGE('',*,*,#1002,.T.);
#1318=ORIENTED_EDGE('',*,*,#959,.T.);
#1319=ORIENTED_EDGE('',*,*,#956,.T.);
#1320=ORIENTED_EDGE('',*,*,#954,.T.);
#1321=ORIENTED_EDGE('',*,*,#952,.T.);
#1322=ORIENTED_EDGE('',*,*,#886,.F.);
#1323=ORIENTED_EDGE('',*,*,#852,.T.);
#1324=ORIENTED_EDGE('',*,*,#861,.F.);
#1325=ORIENTED_EDGE('',*,*,#858,.T.);
#1326=ORIENTED_EDGE('',*,*,#1003,.F.);
#1327=ORIENTED_EDGE('',*,*,#848,.T.);
#1328=ORIENTED_EDGE('',*,*,#1004,.T.);
#1329=ORIENTED_EDGE('',*,*,#1004,.F.);
#1330=ORIENTED_EDGE('',*,*,#1005,.T.);
#1331=ORIENTED_EDGE('',*,*,#1006,.F.);
#1332=ORIENTED_EDGE('',*,*,#1005,.F.);
#1333=ORIENTED_EDGE('',*,*,#857,.T.);
#1334=ORIENTED_EDGE('',*,*,#1007,.T.);
#1335=ORIENTED_EDGE('',*,*,#1008,.T.);
#1336=ORIENTED_EDGE('',*,*,#1009,.T.);
#1337=ORIENTED_EDGE('',*,*,#963,.T.);
#1338=ORIENTED_EDGE('',*,*,#913,.F.);
#1339=ORIENTED_EDGE('',*,*,#994,.T.);
#1340=ORIENTED_EDGE('',*,*,#1010,.T.);
#1341=ORIENTED_EDGE('',*,*,#1011,.T.);
#1342=ORIENTED_EDGE('',*,*,#1012,.F.);
#1343=ORIENTED_EDGE('',*,*,#1013,.T.);
#1344=ORIENTED_EDGE('',*,*,#1014,.T.);
#1345=ORIENTED_EDGE('',*,*,#1015,.F.);
#1346=ORIENTED_EDGE('',*,*,#1016,.T.);
#1347=ORIENTED_EDGE('',*,*,#1017,.T.);
#1348=ORIENTED_EDGE('',*,*,#1018,.T.);
#1349=ORIENTED_EDGE('',*,*,#980,.F.);
#1350=ORIENTED_EDGE('',*,*,#1019,.T.);
#1351=ORIENTED_EDGE('',*,*,#1020,.F.);
#1352=ORIENTED_EDGE('',*,*,#895,.F.);
#1353=ORIENTED_EDGE('',*,*,#1021,.F.);
#1354=ORIENTED_EDGE('',*,*,#1022,.F.);
#1355=ORIENTED_EDGE('',*,*,#887,.T.);
#1356=ORIENTED_EDGE('',*,*,#884,.T.);
#1357=ORIENTED_EDGE('',*,*,#849,.T.);
#1358=ORIENTED_EDGE('',*,*,#1003,.T.);
#1359=ORIENTED_EDGE('',*,*,#856,.T.);
#1360=ORIENTED_EDGE('',*,*,#883,.F.);
#1361=ORIENTED_EDGE('',*,*,#1023,.F.);
#1362=ORIENTED_EDGE('',*,*,#1007,.F.);
#1363=ORIENTED_EDGE('',*,*,#1006,.T.);
#1364=ORIENTED_EDGE('',*,*,#1024,.T.);
#1365=ORIENTED_EDGE('',*,*,#1025,.F.);
#1366=ORIENTED_EDGE('',*,*,#1026,.T.);
#1367=ORIENTED_EDGE('',*,*,#1024,.F.);
#1368=ORIENTED_EDGE('',*,*,#1026,.F.);
#1369=ORIENTED_EDGE('',*,*,#970,.T.);
#1370=ORIENTED_EDGE('',*,*,#1027,.F.);
#1371=ORIENTED_EDGE('',*,*,#996,.F.);
#1372=ORIENTED_EDGE('',*,*,#983,.T.);
#1373=ORIENTED_EDGE('',*,*,#969,.T.);
#1374=ORIENTED_EDGE('',*,*,#1000,.T.);
#1375=ORIENTED_EDGE('',*,*,#997,.F.);
#1376=ORIENTED_EDGE('',*,*,#1027,.T.);
#1377=ORIENTED_EDGE('',*,*,#962,.F.);
#1378=ORIENTED_EDGE('',*,*,#1028,.T.);
#1379=ORIENTED_EDGE('',*,*,#1029,.F.);
#1380=ORIENTED_EDGE('',*,*,#893,.F.);
#1381=ORIENTED_EDGE('',*,*,#927,.F.);
#1382=ORIENTED_EDGE('',*,*,#1001,.F.);
#1383=ORIENTED_EDGE('',*,*,#890,.F.);
#1384=ORIENTED_EDGE('',*,*,#907,.F.);
#1385=ORIENTED_EDGE('',*,*,#961,.F.);
#1386=ORIENTED_EDGE('',*,*,#987,.F.);
#1387=ORIENTED_EDGE('',*,*,#1030,.F.);
#1388=ORIENTED_EDGE('',*,*,#1028,.F.);
#1389=ORIENTED_EDGE('',*,*,#1029,.T.);
#1390=ORIENTED_EDGE('',*,*,#1030,.T.);
#1391=ORIENTED_EDGE('',*,*,#986,.T.);
#1392=ORIENTED_EDGE('',*,*,#897,.F.);
#1393=ORIENTED_EDGE('',*,*,#864,.T.);
#1394=ORIENTED_EDGE('',*,*,#1031,.T.);
#1395=ORIENTED_EDGE('',*,*,#1021,.T.);
#1396=ORIENTED_EDGE('',*,*,#894,.F.);
#1397=ORIENTED_EDGE('',*,*,#906,.F.);
#1398=ORIENTED_EDGE('',*,*,#1032,.T.);
#1399=ORIENTED_EDGE('',*,*,#1033,.T.);
#1400=ORIENTED_EDGE('',*,*,#1032,.F.);
#1401=ORIENTED_EDGE('',*,*,#1033,.F.);
#1402=ORIENTED_EDGE('',*,*,#1034,.T.);
#1403=ORIENTED_EDGE('',*,*,#1035,.F.);
#1404=ORIENTED_EDGE('',*,*,#989,.T.);
#1405=ORIENTED_EDGE('',*,*,#877,.F.);
#1406=ORIENTED_EDGE('',*,*,#1036,.F.);
#1407=ORIENTED_EDGE('',*,*,#1037,.F.);
#1408=ORIENTED_EDGE('',*,*,#1038,.F.);
#1409=ORIENTED_EDGE('',*,*,#1010,.F.);
#1410=ORIENTED_EDGE('',*,*,#993,.T.);
#1411=ORIENTED_EDGE('',*,*,#1023,.T.);
#1412=ORIENTED_EDGE('',*,*,#882,.F.);
#1413=ORIENTED_EDGE('',*,*,#1039,.T.);
#1414=ORIENTED_EDGE('',*,*,#1008,.F.);
#1415=ORIENTED_EDGE('',*,*,#1035,.T.);
#1416=ORIENTED_EDGE('',*,*,#1040,.T.);
#1417=ORIENTED_EDGE('',*,*,#1041,.F.);
#1418=ORIENTED_EDGE('',*,*,#990,.T.);
#1419=ORIENTED_EDGE('',*,*,#1036,.T.);
#1420=ORIENTED_EDGE('',*,*,#876,.F.);
#1421=ORIENTED_EDGE('',*,*,#1042,.F.);
#1422=ORIENTED_EDGE('',*,*,#1040,.F.);
#1423=ORIENTED_EDGE('',*,*,#1043,.F.);
#1424=ORIENTED_EDGE('',*,*,#991,.T.);
#1425=ORIENTED_EDGE('',*,*,#1044,.F.);
#1426=ORIENTED_EDGE('',*,*,#869,.T.);
#1427=ORIENTED_EDGE('',*,*,#981,.F.);
#1428=ORIENTED_EDGE('',*,*,#1018,.F.);
#1429=ORIENTED_EDGE('',*,*,#979,.T.);
#1430=ORIENTED_EDGE('',*,*,#978,.T.);
#1431=ORIENTED_EDGE('',*,*,#1045,.F.);
#1432=ORIENTED_EDGE('',*,*,#1019,.F.);
#1433=ORIENTED_EDGE('',*,*,#982,.T.);
#1434=ORIENTED_EDGE('',*,*,#867,.T.);
#1435=ORIENTED_EDGE('',*,*,#1046,.F.);
#1436=ORIENTED_EDGE('',*,*,#1047,.F.);
#1437=ORIENTED_EDGE('',*,*,#1044,.T.);
#1438=ORIENTED_EDGE('',*,*,#1048,.F.);
#1439=ORIENTED_EDGE('',*,*,#1043,.T.);
#1440=ORIENTED_EDGE('',*,*,#1017,.F.);
#1441=ORIENTED_EDGE('',*,*,#1049,.T.);
#1442=ORIENTED_EDGE('',*,*,#870,.F.);
#1443=ORIENTED_EDGE('',*,*,#1034,.F.);
#1444=ORIENTED_EDGE('',*,*,#1050,.T.);
#1445=ORIENTED_EDGE('',*,*,#1002,.F.);
#1446=ORIENTED_EDGE('',*,*,#1050,.F.);
#1447=ORIENTED_EDGE('',*,*,#1047,.T.);
#1448=ORIENTED_EDGE('',*,*,#1051,.F.);
#1449=ORIENTED_EDGE('',*,*,#998,.F.);
#1450=ORIENTED_EDGE('',*,*,#974,.F.);
#1451=ORIENTED_EDGE('',*,*,#966,.T.);
#1452=ORIENTED_EDGE('',*,*,#1051,.T.);
#1453=ORIENTED_EDGE('',*,*,#1046,.T.);
#1454=ORIENTED_EDGE('',*,*,#866,.T.);
#1455=ORIENTED_EDGE('',*,*,#896,.T.);
#1456=ORIENTED_EDGE('',*,*,#1020,.T.);
#1457=ORIENTED_EDGE('',*,*,#1045,.T.);
#1458=ORIENTED_EDGE('',*,*,#977,.T.);
#1459=ORIENTED_EDGE('',*,*,#999,.T.);
#1460=ORIENTED_EDGE('',*,*,#871,.F.);
#1461=ORIENTED_EDGE('',*,*,#1049,.F.);
#1462=ORIENTED_EDGE('',*,*,#1016,.F.);
#1463=ORIENTED_EDGE('',*,*,#1052,.F.);
#1464=ORIENTED_EDGE('',*,*,#1052,.T.);
#1465=ORIENTED_EDGE('',*,*,#1015,.T.);
#1466=ORIENTED_EDGE('',*,*,#1053,.T.);
#1467=ORIENTED_EDGE('',*,*,#872,.T.);
#1468=ORIENTED_EDGE('',*,*,#1054,.F.);
#1469=ORIENTED_EDGE('',*,*,#1055,.T.);
#1470=ORIENTED_EDGE('',*,*,#1056,.F.);
#1471=ORIENTED_EDGE('',*,*,#1055,.F.);
#1472=ORIENTED_EDGE('',*,*,#1057,.F.);
#1473=ORIENTED_EDGE('',*,*,#1058,.T.);
#1474=ORIENTED_EDGE('',*,*,#1059,.F.);
#1475=ORIENTED_EDGE('',*,*,#1058,.F.);
#1476=ORIENTED_EDGE('',*,*,#1060,.F.);
#1477=ORIENTED_EDGE('',*,*,#1061,.T.);
#1478=ORIENTED_EDGE('',*,*,#1062,.F.);
#1479=ORIENTED_EDGE('',*,*,#1061,.F.);
#1480=ORIENTED_EDGE('',*,*,#1063,.F.);
#1481=ORIENTED_EDGE('',*,*,#1064,.T.);
#1482=ORIENTED_EDGE('',*,*,#1065,.F.);
#1483=ORIENTED_EDGE('',*,*,#1064,.F.);
#1484=ORIENTED_EDGE('',*,*,#1066,.F.);
#1485=ORIENTED_EDGE('',*,*,#1067,.T.);
#1486=ORIENTED_EDGE('',*,*,#1068,.F.);
#1487=ORIENTED_EDGE('',*,*,#1067,.F.);
#1488=ORIENTED_EDGE('',*,*,#1069,.F.);
#1489=ORIENTED_EDGE('',*,*,#1070,.T.);
#1490=ORIENTED_EDGE('',*,*,#1071,.T.);
#1491=ORIENTED_EDGE('',*,*,#1070,.F.);
#1492=ORIENTED_EDGE('',*,*,#1071,.F.);
#1493=ORIENTED_EDGE('',*,*,#1066,.T.);
#1494=ORIENTED_EDGE('',*,*,#1063,.T.);
#1495=ORIENTED_EDGE('',*,*,#1060,.T.);
#1496=ORIENTED_EDGE('',*,*,#1057,.T.);
#1497=ORIENTED_EDGE('',*,*,#1054,.T.);
#1498=ORIENTED_EDGE('',*,*,#1037,.T.);
#1499=ORIENTED_EDGE('',*,*,#992,.T.);
#1500=ORIENTED_EDGE('',*,*,#1072,.F.);
#1501=ORIENTED_EDGE('',*,*,#1073,.T.);
#1502=ORIENTED_EDGE('',*,*,#1048,.T.);
#1503=ORIENTED_EDGE('',*,*,#1041,.T.);
#1504=ORIENTED_EDGE('',*,*,#1042,.T.);
#1505=ORIENTED_EDGE('',*,*,#875,.F.);
#1506=ORIENTED_EDGE('',*,*,#1074,.T.);
#1507=ORIENTED_EDGE('',*,*,#1012,.T.);
#1508=ORIENTED_EDGE('',*,*,#1075,.T.);
#1509=ORIENTED_EDGE('',*,*,#1072,.T.);
#1510=ORIENTED_EDGE('',*,*,#1069,.T.);
#1511=ORIENTED_EDGE('',*,*,#1038,.T.);
#1512=ORIENTED_EDGE('',*,*,#1073,.F.);
#1513=ORIENTED_EDGE('',*,*,#1075,.F.);
#1514=ORIENTED_EDGE('',*,*,#1011,.F.);
#1515=ORIENTED_EDGE('',*,*,#1014,.F.);
#1516=ORIENTED_EDGE('',*,*,#1076,.T.);
#1517=ORIENTED_EDGE('',*,*,#873,.T.);
#1518=ORIENTED_EDGE('',*,*,#1053,.F.);
#1519=ORIENTED_EDGE('',*,*,#1068,.T.);
#1520=ORIENTED_EDGE('',*,*,#1065,.T.);
#1521=ORIENTED_EDGE('',*,*,#1062,.T.);
#1522=ORIENTED_EDGE('',*,*,#1059,.T.);
#1523=ORIENTED_EDGE('',*,*,#1056,.T.);
#1524=ORIENTED_EDGE('',*,*,#1074,.F.);
#1525=ORIENTED_EDGE('',*,*,#874,.F.);
#1526=ORIENTED_EDGE('',*,*,#1076,.F.);
#1527=ORIENTED_EDGE('',*,*,#1013,.F.);
#1528=ORIENTED_EDGE('',*,*,#888,.T.);
#1529=ORIENTED_EDGE('',*,*,#1022,.T.);
#1530=ORIENTED_EDGE('',*,*,#1031,.F.);
#1531=ORIENTED_EDGE('',*,*,#863,.F.);
#1532=ORIENTED_EDGE('',*,*,#1025,.T.);
#1533=ORIENTED_EDGE('',*,*,#1009,.F.);
#1534=ORIENTED_EDGE('',*,*,#1039,.F.);
#1535=ORIENTED_EDGE('',*,*,#881,.F.);
#1536=ORIENTED_EDGE('',*,*,#964,.F.);
#1537=CYLINDRICAL_SURFACE('',#1651,21.5);
#1538=CYLINDRICAL_SURFACE('',#1654,21.5);
#1539=CYLINDRICAL_SURFACE('',#1657,21.5);
#1540=CYLINDRICAL_SURFACE('',#1677,2.3);
#1541=CYLINDRICAL_SURFACE('',#1683,2.3);
#1542=CYLINDRICAL_SURFACE('',#1687,2.3);
#1543=CYLINDRICAL_SURFACE('',#1691,2.3);
#1544=CYLINDRICAL_SURFACE('',#1698,1.20000000000001);
#1545=CYLINDRICAL_SURFACE('',#1700,1.20000000000001);
#1546=CYLINDRICAL_SURFACE('',#1702,1.20000000000001);
#1547=CYLINDRICAL_SURFACE('',#1705,1.20000000000001);
#1548=CYLINDRICAL_SURFACE('',#1719,8.00000000000001);
#1549=CYLINDRICAL_SURFACE('',#1725,5.15000000000001);
#1550=CYLINDRICAL_SURFACE('',#1732,5.);
#1551=CYLINDRICAL_SURFACE('',#1745,3.24999999999999);
#1552=CYLINDRICAL_SURFACE('',#1750,1.7);
#1553=CYLINDRICAL_SURFACE('',#1753,1.7);
#1554=CYLINDRICAL_SURFACE('',#1756,1.7);
#1555=CYLINDRICAL_SURFACE('',#1759,1.7);
#1556=CYLINDRICAL_SURFACE('',#1762,3.15);
#1557=CYLINDRICAL_SURFACE('',#1765,10.4);
#1558=ADVANCED_FACE('',(#100),#1537,.F.);
#1559=ADVANCED_FACE('',(#101),#1538,.F.);
#1560=ADVANCED_FACE('',(#102),#1539,.F.);
#1561=ADVANCED_FACE('',(#103),#42,.F.);
#1562=ADVANCED_FACE('',(#104),#43,.T.);
#1563=ADVANCED_FACE('',(#105),#44,.F.);
#1564=ADVANCED_FACE('',(#106),#45,.F.);
#1565=ADVANCED_FACE('',(#107),#46,.F.);
#1566=ADVANCED_FACE('',(#108,#15),#47,.T.);
#1567=ADVANCED_FACE('',(#109),#48,.T.);
#1568=ADVANCED_FACE('',(#110),#49,.F.);
#1569=ADVANCED_FACE('',(#111),#50,.F.);
#1570=ADVANCED_FACE('',(#112),#51,.F.);
#1571=ADVANCED_FACE('',(#113),#52,.F.);
#1572=ADVANCED_FACE('',(#114),#53,.F.);
#1573=ADVANCED_FACE('',(#115),#1540,.F.);
#1574=ADVANCED_FACE('',(#116,#16),#54,.F.);
#1575=ADVANCED_FACE('',(#117),#1541,.F.);
#1576=ADVANCED_FACE('',(#118,#17),#55,.F.);
#1577=ADVANCED_FACE('',(#119),#1542,.F.);
#1578=ADVANCED_FACE('',(#120,#18),#56,.F.);
#1579=ADVANCED_FACE('',(#121),#1543,.F.);
#1580=ADVANCED_FACE('',(#122,#19),#57,.F.);
#1581=ADVANCED_FACE('',(#123),#58,.T.);
#1582=ADVANCED_FACE('',(#124),#1544,.F.);
#1583=ADVANCED_FACE('',(#125),#1545,.F.);
#1584=ADVANCED_FACE('',(#126),#1546,.F.);
#1585=ADVANCED_FACE('',(#127),#59,.T.);
#1586=ADVANCED_FACE('',(#128),#1547,.F.);
#1587=ADVANCED_FACE('',(#129),#60,.F.);
#1588=ADVANCED_FACE('',(#130),#61,.F.);
#1589=ADVANCED_FACE('',(#131),#62,.T.);
#1590=ADVANCED_FACE('',(#132),#63,.T.);
#1591=ADVANCED_FACE('',(#133),#64,.T.);
#1592=ADVANCED_FACE('',(#134),#65,.F.);
#1593=ADVANCED_FACE('',(#135),#66,.F.);
#1594=ADVANCED_FACE('',(#136,#20),#67,.F.);
#1595=ADVANCED_FACE('',(#137,#21,#22,#23,#24,#25,#26),#68,.T.);
#1596=ADVANCED_FACE('',(#138,#27),#69,.T.);
#1597=ADVANCED_FACE('',(#139),#1548,.T.);
#1598=ADVANCED_FACE('',(#140),#70,.T.);
#1599=ADVANCED_FACE('',(#141),#71,.F.);
#1600=ADVANCED_FACE('',(#142,#28),#72,.F.);
#1601=ADVANCED_FACE('',(#143),#1549,.F.);
#1602=ADVANCED_FACE('',(#144),#73,.F.);
#1603=ADVANCED_FACE('',(#145),#74,.F.);
#1604=ADVANCED_FACE('',(#146),#75,.F.);
#1605=ADVANCED_FACE('',(#147),#76,.T.);
#1606=ADVANCED_FACE('',(#148),#77,.T.);
#1607=ADVANCED_FACE('',(#149),#1550,.T.);
#1608=ADVANCED_FACE('',(#150,#29),#78,.F.);
#1609=ADVANCED_FACE('',(#151),#79,.F.);
#1610=ADVANCED_FACE('',(#152),#80,.F.);
#1611=ADVANCED_FACE('',(#153),#81,.T.);
#1612=ADVANCED_FACE('',(#154),#82,.T.);
#1613=ADVANCED_FACE('',(#155),#83,.F.);
#1614=ADVANCED_FACE('',(#156),#84,.T.);
#1615=ADVANCED_FACE('',(#157),#85,.T.);
#1616=ADVANCED_FACE('',(#158),#86,.T.);
#1617=ADVANCED_FACE('',(#159),#87,.T.);
#1618=ADVANCED_FACE('',(#160),#1551,.F.);
#1619=ADVANCED_FACE('',(#161),#88,.T.);
#1620=ADVANCED_FACE('',(#162),#89,.T.);
#1621=ADVANCED_FACE('',(#163),#90,.F.);
#1622=ADVANCED_FACE('',(#164),#91,.T.);
#1623=ADVANCED_FACE('',(#165),#1552,.F.);
#1624=ADVANCED_FACE('',(#166),#1553,.F.);
#1625=ADVANCED_FACE('',(#167),#1554,.F.);
#1626=ADVANCED_FACE('',(#168),#1555,.F.);
#1627=ADVANCED_FACE('',(#169),#1556,.F.);
#1628=ADVANCED_FACE('',(#170),#1557,.F.);
#1629=ADVANCED_FACE('',(#171,#30,#31,#32,#33,#34),#92,.F.);
#1630=ADVANCED_FACE('',(#172),#93,.T.);
#1631=ADVANCED_FACE('',(#173,#35),#94,.T.);
#1632=ADVANCED_FACE('',(#174),#95,.F.);
#1633=ADVANCED_FACE('',(#175,#36,#37,#38,#39,#40),#96,.T.);
#1634=ADVANCED_FACE('',(#176),#97,.F.);
#1635=ADVANCED_FACE('',(#177,#41),#98,.T.);
#1636=ADVANCED_FACE('',(#178),#99,.F.);
#1637=CLOSED_SHELL('',(#1558,#1559,#1560,#1561,#1562,#1563,#1564,#1565,
#1566,#1567,#1568,#1569,#1570,#1571,#1572,#1573,#1574,#1575,#1576,#1577,
#1578,#1579,#1580,#1581,#1582,#1583,#1584,#1585,#1586,#1587,#1588,#1589,
#1590,#1591,#1592,#1593,#1594,#1595,#1596,#1597,#1598,#1599,#1600,#1601,
#1602,#1603,#1604,#1605,#1606,#1607,#1608,#1609,#1610,#1611,#1612,#1613,
#1614,#1615,#1616,#1617,#1618,#1619,#1620,#1621,#1622,#1623,#1624,#1625,
#1626,#1627,#1628,#1629,#1630,#1631,#1632,#1633,#1634,#1635,#1636));
#1638=DERIVED_UNIT_ELEMENT(#1640,1.);
#1639=DERIVED_UNIT_ELEMENT(#2675,-3.);
#1640=(
MASS_UNIT()
NAMED_UNIT(*)
SI_UNIT(.KILO.,.GRAM.)
);
#1641=DERIVED_UNIT((#1638,#1639));
#1642=MEASURE_REPRESENTATION_ITEM('density measure',
POSITIVE_RATIO_MEASURE(7850.),#1641);
#1643=PROPERTY_DEFINITION_REPRESENTATION(#1648,#1645);
#1644=PROPERTY_DEFINITION_REPRESENTATION(#1649,#1646);
#1645=REPRESENTATION('material name',(#1647),#2672);
#1646=REPRESENTATION('density',(#1642),#2672);
#1647=DESCRIPTIVE_REPRESENTATION_ITEM('\X2\92FC\X0\','\X2\92FC\X0\');
#1648=PROPERTY_DEFINITION('material property','material name',#2682);
#1649=PROPERTY_DEFINITION('material property','density of part',#2682);
#1650=AXIS2_PLACEMENT_3D('',#2212,#1776,#1777);
#1651=AXIS2_PLACEMENT_3D('',#2213,#1778,#1779);
#1652=AXIS2_PLACEMENT_3D('',#2218,#1781,#1782);
#1653=AXIS2_PLACEMENT_3D('',#2221,#1784,#1785);
#1654=AXIS2_PLACEMENT_3D('',#2222,#1786,#1787);
#1655=AXIS2_PLACEMENT_3D('',#2227,#1789,#1790);
#1656=AXIS2_PLACEMENT_3D('',#2230,#1792,#1793);
#1657=AXIS2_PLACEMENT_3D('',#2231,#1794,#1795);
#1658=AXIS2_PLACEMENT_3D('',#2236,#1797,#1798);
#1659=AXIS2_PLACEMENT_3D('',#2239,#1800,#1801);
#1660=AXIS2_PLACEMENT_3D('',#2240,#1802,#1803);
#1661=AXIS2_PLACEMENT_3D('',#2244,#1806,#1807);
#1662=AXIS2_PLACEMENT_3D('',#2289,#1831,#1832);
#1663=AXIS2_PLACEMENT_3D('',#2293,#1835,#1836);
#1664=AXIS2_PLACEMENT_3D('',#2298,#1840,#1841);
#1665=AXIS2_PLACEMENT_3D('',#2307,#1846,#1847);
#1666=AXIS2_PLACEMENT_3D('',#2324,#1856,#1857);
#1667=AXIS2_PLACEMENT_3D('',#2327,#1859,#1860);
#1668=AXIS2_PLACEMENT_3D('',#2332,#1863,#1864);
#1669=AXIS2_PLACEMENT_3D('',#2333,#1865,#1866);
#1670=AXIS2_PLACEMENT_3D('',#2341,#1870,#1871);
#1671=AXIS2_PLACEMENT_3D('',#2350,#1876,#1877);
#1672=AXIS2_PLACEMENT_3D('',#2352,#1879,#1880);
#1673=AXIS2_PLACEMENT_3D('',#2358,#1884,#1885);
#1674=AXIS2_PLACEMENT_3D('',#2368,#1891,#1892);
#1675=AXIS2_PLACEMENT_3D('',#2371,#1895,#1896);
#1676=AXIS2_PLACEMENT_3D('',#2377,#1900,#1901);
#1677=AXIS2_PLACEMENT_3D('',#2380,#1904,#1905);
#1678=AXIS2_PLACEMENT_3D('',#2384,#1907,#1908);
#1679=AXIS2_PLACEMENT_3D('',#2387,#1910,#1911);
#1680=AXIS2_PLACEMENT_3D('',#2389,#1912,#1913);
#1681=AXIS2_PLACEMENT_3D('',#2391,#1915,#1916);
#1682=AXIS2_PLACEMENT_3D('',#2393,#1917,#1918);
#1683=AXIS2_PLACEMENT_3D('',#2394,#1919,#1920);
#1684=AXIS2_PLACEMENT_3D('',#2395,#1921,#1922);
#1685=AXIS2_PLACEMENT_3D('',#2396,#1923,#1924);
#1686=AXIS2_PLACEMENT_3D('',#2398,#1925,#1926);
#1687=AXIS2_PLACEMENT_3D('',#2399,#1927,#1928);
#1688=AXIS2_PLACEMENT_3D('',#2400,#1929,#1930);
#1689=AXIS2_PLACEMENT_3D('',#2401,#1931,#1932);
#1690=AXIS2_PLACEMENT_3D('',#2403,#1933,#1934);
#1691=AXIS2_PLACEMENT_3D('',#2404,#1935,#1936);
#1692=AXIS2_PLACEMENT_3D('',#2408,#1938,#1939);
#1693=AXIS2_PLACEMENT_3D('',#2411,#1941,#1942);
#1694=AXIS2_PLACEMENT_3D('',#2413,#1943,#1944);
#1695=AXIS2_PLACEMENT_3D('',#2415,#1946,#1947);
#1696=AXIS2_PLACEMENT_3D('',#2417,#1948,#1949);
#1697=AXIS2_PLACEMENT_3D('',#2418,#1950,#1951);
#1698=AXIS2_PLACEMENT_3D('',#2420,#1953,#1954);
#1699=AXIS2_PLACEMENT_3D('',#2423,#1956,#1957);
#1700=AXIS2_PLACEMENT_3D('',#2424,#1958,#1959);
#1701=AXIS2_PLACEMENT_3D('',#2427,#1961,#1962);
#1702=AXIS2_PLACEMENT_3D('',#2428,#1963,#1964);
#1703=AXIS2_PLACEMENT_3D('',#2431,#1966,#1967);
#1704=AXIS2_PLACEMENT_3D('',#2432,#1968,#1969);
#1705=AXIS2_PLACEMENT_3D('',#2434,#1971,#1972);
#1706=AXIS2_PLACEMENT_3D('',#2437,#1974,#1975);
#1707=AXIS2_PLACEMENT_3D('',#2438,#1976,#1977);
#1708=AXIS2_PLACEMENT_3D('',#2447,#1983,#1984);
#1709=AXIS2_PLACEMENT_3D('',#2456,#1989,#1990);
#1710=AXIS2_PLACEMENT_3D('',#2470,#1998,#1999);
#1711=AXIS2_PLACEMENT_3D('',#2476,#2003,#2004);
#1712=AXIS2_PLACEMENT_3D('',#2483,#2009,#2010);
#1713=AXIS2_PLACEMENT_3D('',#2489,#2014,#2015);
#1714=AXIS2_PLACEMENT_3D('',#2494,#2019,#2020);
#1715=AXIS2_PLACEMENT_3D('',#2511,#2030,#2031);
#1716=AXIS2_PLACEMENT_3D('',#2518,#2036,#2037);
#1717=AXIS2_PLACEMENT_3D('',#2519,#2038,#2039);
#1718=AXIS2_PLACEMENT_3D('',#2522,#2041,#2042);
#1719=AXIS2_PLACEMENT_3D('',#2523,#2043,#2044);
#1720=AXIS2_PLACEMENT_3D('',#2526,#2046,#2047);
#1721=AXIS2_PLACEMENT_3D('',#2527,#2048,#2049);
#1722=AXIS2_PLACEMENT_3D('',#2556,#2066,#2067);
#1723=AXIS2_PLACEMENT_3D('',#2558,#2069,#2070);
#1724=AXIS2_PLACEMENT_3D('',#2560,#2071,#2072);
#1725=AXIS2_PLACEMENT_3D('',#2561,#2073,#2074);
#1726=AXIS2_PLACEMENT_3D('',#2563,#2075,#2076);
#1727=AXIS2_PLACEMENT_3D('',#2565,#2078,#2079);
#1728=AXIS2_PLACEMENT_3D('',#2567,#2081,#2082);
#1729=AXIS2_PLACEMENT_3D('',#2568,#2083,#2084);
#1730=AXIS2_PLACEMENT_3D('',#2572,#2087,#2088);
#1731=AXIS2_PLACEMENT_3D('',#2574,#2090,#2091);
#1732=AXIS2_PLACEMENT_3D('',#2576,#2093,#2094);
#1733=AXIS2_PLACEMENT_3D('',#2579,#2096,#2097);
#1734=AXIS2_PLACEMENT_3D('',#2580,#2098,#2099);
#1735=AXIS2_PLACEMENT_3D('',#2582,#2100,#2101);
#1736=AXIS2_PLACEMENT_3D('',#2583,#2102,#2103);
#1737=AXIS2_PLACEMENT_3D('',#2587,#2106,#2107);
#1738=AXIS2_PLACEMENT_3D('',#2591,#2110,#2111);
#1739=AXIS2_PLACEMENT_3D('',#2593,#2113,#2114);
#1740=AXIS2_PLACEMENT_3D('',#2597,#2117,#2118);
#1741=AXIS2_PLACEMENT_3D('',#2599,#2120,#2121);
#1742=AXIS2_PLACEMENT_3D('',#2602,#2124,#2125);
#1743=AXIS2_PLACEMENT_3D('',#2604,#2127,#2128);
#1744=AXIS2_PLACEMENT_3D('',#2608,#2131,#2132);
#1745=AXIS2_PLACEMENT_3D('',#2611,#2135,#2136);
#1746=AXIS2_PLACEMENT_3D('',#2613,#2138,#2139);
#1747=AXIS2_PLACEMENT_3D('',#2615,#2141,#2142);
#1748=AXIS2_PLACEMENT_3D('',#2616,#2143,#2144);
#1749=AXIS2_PLACEMENT_3D('',#2618,#2146,#2147);
#1750=AXIS2_PLACEMENT_3D('',#2620,#2149,#2150);
#1751=AXIS2_PLACEMENT_3D('',#2622,#2151,#2152);
#1752=AXIS2_PLACEMENT_3D('',#2625,#2154,#2155);
#1753=AXIS2_PLACEMENT_3D('',#2626,#2156,#2157);
#1754=AXIS2_PLACEMENT_3D('',#2628,#2158,#2159);
#1755=AXIS2_PLACEMENT_3D('',#2631,#2161,#2162);
#1756=AXIS2_PLACEMENT_3D('',#2632,#2163,#2164);
#1757=AXIS2_PLACEMENT_3D('',#2634,#2165,#2166);
#1758=AXIS2_PLACEMENT_3D('',#2637,#2168,#2169);
#1759=AXIS2_PLACEMENT_3D('',#2638,#2170,#2171);
#1760=AXIS2_PLACEMENT_3D('',#2640,#2172,#2173);
#1761=AXIS2_PLACEMENT_3D('',#2643,#2175,#2176);
#1762=AXIS2_PLACEMENT_3D('',#2644,#2177,#2178);
#1763=AXIS2_PLACEMENT_3D('',#2646,#2179,#2180);
#1764=AXIS2_PLACEMENT_3D('',#2649,#2182,#2183);
#1765=AXIS2_PLACEMENT_3D('',#2650,#2184,#2185);
#1766=AXIS2_PLACEMENT_3D('',#2652,#2186,#2187);
#1767=AXIS2_PLACEMENT_3D('',#2655,#2189,#2190);
#1768=AXIS2_PLACEMENT_3D('',#2656,#2191,#2192);
#1769=AXIS2_PLACEMENT_3D('',#2657,#2193,#2194);
#1770=AXIS2_PLACEMENT_3D('',#2661,#2197,#2198);
#1771=AXIS2_PLACEMENT_3D('',#2664,#2201,#2202);
#1772=AXIS2_PLACEMENT_3D('',#2665,#2203,#2204);
#1773=AXIS2_PLACEMENT_3D('',#2667,#2206,#2207);
#1774=AXIS2_PLACEMENT_3D('',#2668,#2208,#2209);
#1775=AXIS2_PLACEMENT_3D('',#2669,#2210,#2211);
#1776=DIRECTION('axis',(0.,0.,1.));
#1777=DIRECTION('refdir',(1.,0.,0.));
#1778=DIRECTION('center_axis',(1.,0.,0.));
#1779=DIRECTION('ref_axis',(0.,0.,-1.));
#1780=DIRECTION('',(1.,0.,0.));
#1781=DIRECTION('center_axis',(1.,-4.48747931060676E-47,0.));
#1782=DIRECTION('ref_axis',(0.,0.,-1.));
#1783=DIRECTION('',(-1.,0.,0.));
#1784=DIRECTION('center_axis',(-1.,0.,0.));
#1785=DIRECTION('ref_axis',(0.,0.,-1.));
#1786=DIRECTION('center_axis',(1.,0.,0.));
#1787=DIRECTION('ref_axis',(0.,0.,-1.));
#1788=DIRECTION('',(1.,0.,0.));
#1789=DIRECTION('center_axis',(1.,-4.48747931060676E-47,0.));
#1790=DIRECTION('ref_axis',(0.,0.,-1.));
#1791=DIRECTION('',(-1.,0.,0.));
#1792=DIRECTION('center_axis',(-1.,0.,0.));
#1793=DIRECTION('ref_axis',(0.,0.,-1.));
#1794=DIRECTION('center_axis',(1.,0.,0.));
#1795=DIRECTION('ref_axis',(0.,1.22464679914735E-16,1.));
#1796=DIRECTION('',(-1.,0.,0.));
#1797=DIRECTION('center_axis',(-1.,0.,0.));
#1798=DIRECTION('ref_axis',(0.,0.,-1.));
#1799=DIRECTION('',(1.,0.,0.));
#1800=DIRECTION('center_axis',(1.,-4.48747931060676E-47,0.));
#1801=DIRECTION('ref_axis',(0.,0.,-1.));
#1802=DIRECTION('center_axis',(-1.,0.,0.));
#1803=DIRECTION('ref_axis',(0.,-1.,0.));
#1804=DIRECTION('',(0.,-1.,0.));
#1805=DIRECTION('',(0.,0.,-1.));
#1806=DIRECTION('center_axis',(0.,1.,0.));
#1807=DIRECTION('ref_axis',(-1.,0.,0.));
#1808=DIRECTION('',(0.,0.,-1.));
#1809=DIRECTION('',(-1.,0.,0.));
#1810=DIRECTION('',(0.,0.,1.));
#1811=DIRECTION('',(-1.,0.,0.));
#1812=DIRECTION('',(0.,0.,1.));
#1813=DIRECTION('',(-1.,0.,0.));
#1814=DIRECTION('',(0.,0.,1.));
#1815=DIRECTION('',(-1.,0.,0.));
#1816=DIRECTION('',(0.,0.,1.));
#1817=DIRECTION('',(1.,0.,0.));
#1818=DIRECTION('',(0.,0.,1.));
#1819=DIRECTION('',(-1.,0.,0.));
#1820=DIRECTION('',(0.,0.,1.));
#1821=DIRECTION('',(-1.,0.,0.));
#1822=DIRECTION('',(0.,0.,1.));
#1823=DIRECTION('',(-1.,0.,0.));
#1824=DIRECTION('',(0.,0.,1.));
#1825=DIRECTION('',(-1.,0.,0.));
#1826=DIRECTION('',(0.,0.,1.));
#1827=DIRECTION('',(-1.,0.,0.));
#1828=DIRECTION('',(0.,0.,-1.));
#1829=DIRECTION('',(1.,0.,0.));
#1830=DIRECTION('',(0.,0.,-1.));
#1831=DIRECTION('center_axis',(-1.,0.,0.));
#1832=DIRECTION('ref_axis',(0.,-1.,0.));
#1833=DIRECTION('',(0.,0.,1.));
#1834=DIRECTION('',(0.,-1.,0.));
#1835=DIRECTION('center_axis',(0.,0.,1.));
#1836=DIRECTION('ref_axis',(1.,0.,0.));
#1837=DIRECTION('',(-4.48747931060676E-47,-1.,0.));
#1838=DIRECTION('',(1.,0.,0.));
#1839=DIRECTION('',(0.,-1.,0.));
#1840=DIRECTION('center_axis',(0.,0.,-1.));
#1841=DIRECTION('ref_axis',(4.48747931060676E-47,1.,0.));
#1842=DIRECTION('',(0.,1.,0.));
#1843=DIRECTION('',(1.,0.,0.));
#1844=DIRECTION('',(0.,-1.,0.));
#1845=DIRECTION('',(1.,0.,0.));
#1846=DIRECTION('center_axis',(-1.,0.,0.));
#1847=DIRECTION('ref_axis',(0.,-1.,0.));
#1848=DIRECTION('',(0.,0.,-1.));
#1849=DIRECTION('',(0.,-1.,0.));
#1850=DIRECTION('',(0.,0.,1.));
#1851=DIRECTION('',(0.,-1.,0.));
#1852=DIRECTION('',(0.,-1.,0.));
#1853=DIRECTION('',(0.,0.,1.));
#1854=DIRECTION('',(0.,1.,0.));
#1855=DIRECTION('',(0.,0.,1.));
#1856=DIRECTION('center_axis',(1.,0.,0.));
#1857=DIRECTION('ref_axis',(0.,0.,-1.));
#1858=DIRECTION('',(0.,-1.,0.));
#1859=DIRECTION('center_axis',(1.,0.,0.));
#1860=DIRECTION('ref_axis',(0.,0.,-1.));
#1861=DIRECTION('',(0.,0.,-1.));
#1862=DIRECTION('',(0.,1.,0.));
#1863=DIRECTION('center_axis',(1.,0.,0.));
#1864=DIRECTION('ref_axis',(0.,0.,-1.));
#1865=DIRECTION('center_axis',(-1.,0.,0.));
#1866=DIRECTION('ref_axis',(0.,-1.,0.));
#1867=DIRECTION('',(0.,0.,-1.));
#1868=DIRECTION('',(0.,0.,1.));
#1869=DIRECTION('',(0.,1.,0.));
#1870=DIRECTION('center_axis',(1.,0.,0.));
#1871=DIRECTION('ref_axis',(0.,0.,-1.));
#1872=DIRECTION('',(0.,1.,0.));
#1873=DIRECTION('',(0.,-1.,0.));
#1874=DIRECTION('',(0.,0.,1.));
#1875=DIRECTION('',(0.,1.,0.));
#1876=DIRECTION('center_axis',(1.,0.,0.));
#1877=DIRECTION('ref_axis',(0.,0.,-1.));
#1878=DIRECTION('',(0.,1.,0.));
#1879=DIRECTION('center_axis',(0.,0.,-1.));
#1880=DIRECTION('ref_axis',(4.48747931060676E-47,1.,0.));
#1881=DIRECTION('',(1.,0.,0.));
#1882=DIRECTION('',(0.,-1.,0.));
#1883=DIRECTION('',(1.,0.,0.));
#1884=DIRECTION('center_axis',(0.,0.,1.));
#1885=DIRECTION('ref_axis',(-4.48747931060676E-47,-1.,0.));
#1886=DIRECTION('',(0.,1.,0.));
#1887=DIRECTION('',(1.,0.,0.));
#1888=DIRECTION('',(-1.,0.,0.));
#1889=DIRECTION('',(-1.,0.,0.));
#1890=DIRECTION('',(1.,0.,0.));
#1891=DIRECTION('center_axis',(0.,1.,0.));
#1892=DIRECTION('ref_axis',(0.,0.,1.));
#1893=DIRECTION('',(0.,0.,-1.));
#1894=DIRECTION('',(-1.,0.,0.));
#1895=DIRECTION('center_axis',(0.,0.,-1.));
#1896=DIRECTION('ref_axis',(4.48747931060676E-47,1.,0.));
#1897=DIRECTION('',(-1.,0.,0.));
#1898=DIRECTION('',(1.,0.,0.));
#1899=DIRECTION('',(0.,-1.,0.));
#1900=DIRECTION('center_axis',(0.,-1.,0.));
#1901=DIRECTION('ref_axis',(0.,0.,-1.));
#1902=DIRECTION('',(0.,0.,1.));
#1903=DIRECTION('',(-1.,0.,0.));
#1904=DIRECTION('center_axis',(1.,0.,0.));
#1905=DIRECTION('ref_axis',(0.,0.,-1.));
#1906=DIRECTION('',(1.,0.,0.));
#1907=DIRECTION('center_axis',(1.,-4.48747931060676E-47,0.));
#1908=DIRECTION('ref_axis',(0.,0.,-1.));
#1909=DIRECTION('',(1.,0.,0.));
#1910=DIRECTION('center_axis',(1.,-4.48747931060676E-47,0.));
#1911=DIRECTION('ref_axis',(0.,0.,-1.));
#1912=DIRECTION('center_axis',(1.,-4.48747931060676E-47,0.));
#1913=DIRECTION('ref_axis',(0.,0.,-1.));
#1914=DIRECTION('',(-1.,0.,0.));
#1915=DIRECTION('center_axis',(1.,-4.48747931060676E-47,0.));
#1916=DIRECTION('ref_axis',(0.,0.,-1.));
#1917=DIRECTION('center_axis',(-1.,4.48747931060676E-47,0.));
#1918=DIRECTION('ref_axis',(0.,0.,-1.));
#1919=DIRECTION('center_axis',(1.,0.,0.));
#1920=DIRECTION('ref_axis',(0.,1.22464679914735E-16,1.));
#1921=DIRECTION('center_axis',(1.,-4.48747931060676E-47,0.));
#1922=DIRECTION('ref_axis',(0.,0.,-1.));
#1923=DIRECTION('center_axis',(1.,-4.48747931060676E-47,0.));
#1924=DIRECTION('ref_axis',(0.,0.,-1.));
#1925=DIRECTION('center_axis',(-1.,4.48747931060676E-47,0.));
#1926=DIRECTION('ref_axis',(0.,0.,-1.));
#1927=DIRECTION('center_axis',(1.,0.,0.));
#1928=DIRECTION('ref_axis',(0.,1.22464679914735E-16,1.));
#1929=DIRECTION('center_axis',(1.,-4.48747931060676E-47,0.));
#1930=DIRECTION('ref_axis',(0.,0.,-1.));
#1931=DIRECTION('center_axis',(1.,-4.48747931060676E-47,0.));
#1932=DIRECTION('ref_axis',(0.,0.,-1.));
#1933=DIRECTION('center_axis',(-1.,4.48747931060676E-47,0.));
#1934=DIRECTION('ref_axis',(0.,0.,-1.));
#1935=DIRECTION('center_axis',(1.,0.,0.));
#1936=DIRECTION('ref_axis',(0.,0.,-1.));
#1937=DIRECTION('',(1.,0.,0.));
#1938=DIRECTION('center_axis',(1.,-4.48747931060676E-47,0.));
#1939=DIRECTION('ref_axis',(0.,0.,-1.));
#1940=DIRECTION('',(1.,0.,0.));
#1941=DIRECTION('center_axis',(1.,-4.48747931060676E-47,0.));
#1942=DIRECTION('ref_axis',(0.,0.,-1.));
#1943=DIRECTION('center_axis',(1.,-4.48747931060676E-47,0.));
#1944=DIRECTION('ref_axis',(0.,0.,-1.));
#1945=DIRECTION('',(-1.,0.,0.));
#1946=DIRECTION('center_axis',(1.,-4.48747931060676E-47,0.));
#1947=DIRECTION('ref_axis',(0.,0.,-1.));
#1948=DIRECTION('center_axis',(-1.,4.48747931060676E-47,0.));
#1949=DIRECTION('ref_axis',(0.,0.,-1.));
#1950=DIRECTION('center_axis',(1.,-4.48747931060676E-47,0.));
#1951=DIRECTION('ref_axis',(0.,0.,-1.));
#1952=DIRECTION('',(-4.48747931060676E-47,-1.,0.));
#1953=DIRECTION('center_axis',(1.,0.,0.));
#1954=DIRECTION('ref_axis',(0.,0.,-1.));
#1955=DIRECTION('',(1.,0.,0.));
#1956=DIRECTION('center_axis',(-1.,0.,0.));
#1957=DIRECTION('ref_axis',(0.,0.,-1.));
#1958=DIRECTION('center_axis',(1.,0.,0.));
#1959=DIRECTION('ref_axis',(0.,0.,-1.));
#1960=DIRECTION('',(1.,0.,0.));
#1961=DIRECTION('center_axis',(-1.,0.,0.));
#1962=DIRECTION('ref_axis',(0.,0.,-1.));
#1963=DIRECTION('center_axis',(1.,0.,0.));
#1964=DIRECTION('ref_axis',(0.,0.,-1.));
#1965=DIRECTION('',(1.,0.,0.));
#1966=DIRECTION('center_axis',(-1.,0.,0.));
#1967=DIRECTION('ref_axis',(0.,0.,-1.));
#1968=DIRECTION('center_axis',(1.,-4.48747931060676E-47,0.));
#1969=DIRECTION('ref_axis',(0.,0.,-1.));
#1970=DIRECTION('',(-4.48747931060676E-47,-1.,0.));
#1971=DIRECTION('center_axis',(1.,0.,0.));
#1972=DIRECTION('ref_axis',(0.,0.,-1.));
#1973=DIRECTION('',(1.,0.,0.));
#1974=DIRECTION('center_axis',(-1.,0.,0.));
#1975=DIRECTION('ref_axis',(0.,0.,-1.));
#1976=DIRECTION('center_axis',(0.,0.,1.));
#1977=DIRECTION('ref_axis',(1.,0.,0.));
#1978=DIRECTION('',(-1.,0.,0.));
#1979=DIRECTION('',(1.27946157796502E-47,-1.,0.));
#1980=DIRECTION('',(1.,0.,0.));
#1981=DIRECTION('',(1.,0.,0.));
#1982=DIRECTION('',(0.,1.,0.));
#1983=DIRECTION('center_axis',(1.,0.,0.));
#1984=DIRECTION('ref_axis',(0.,1.,0.));
#1985=DIRECTION('',(0.,-1.,0.));
#1986=DIRECTION('',(0.,0.,1.));
#1987=DIRECTION('',(0.,1.,0.));
#1988=DIRECTION('',(0.,0.,1.));
#1989=DIRECTION('center_axis',(0.,0.,1.));
#1990=DIRECTION('ref_axis',(1.,0.,0.));
#1991=DIRECTION('',(-1.,0.,0.));
#1992=DIRECTION('',(5.84327907697451E-17,1.,0.));
#1993=DIRECTION('',(1.,0.,0.));
#1994=DIRECTION('',(0.,-1.,0.));
#1995=DIRECTION('',(1.,0.,0.));
#1996=DIRECTION('',(-1.,0.,0.));
#1997=DIRECTION('',(0.,-1.,0.));
#1998=DIRECTION('center_axis',(0.,1.,0.));
#1999=DIRECTION('ref_axis',(-1.,0.,0.));
#2000=DIRECTION('',(0.,0.,-1.));
#2001=DIRECTION('',(-1.,0.,0.));
#2002=DIRECTION('',(0.,0.,1.));
#2003=DIRECTION('center_axis',(0.,0.,1.));
#2004=DIRECTION('ref_axis',(1.,0.,0.));
#2005=DIRECTION('',(0.,1.,0.));
#2006=DIRECTION('',(1.,0.,0.));
#2007=DIRECTION('',(0.,1.,0.));
#2008=DIRECTION('',(0.,1.,0.));
#2009=DIRECTION('center_axis',(0.,-1.,0.));
#2010=DIRECTION('ref_axis',(1.,0.,0.));
#2011=DIRECTION('',(0.,0.,1.));
#2012=DIRECTION('',(1.,0.,0.));
#2013=DIRECTION('',(0.,0.,1.));
#2014=DIRECTION('center_axis',(0.,1.,0.));
#2015=DIRECTION('ref_axis',(0.,0.,1.));
#2016=DIRECTION('',(1.,0.,0.));
#2017=DIRECTION('',(0.,0.,-1.));
#2018=DIRECTION('',(0.,0.,-1.));
#2019=DIRECTION('center_axis',(0.,0.,1.));
#2020=DIRECTION('ref_axis',(1.,0.,0.));
#2021=DIRECTION('',(0.,1.,0.));
#2022=DIRECTION('',(-1.,0.,0.));
#2023=DIRECTION('',(0.,1.,0.));
#2024=DIRECTION('',(1.,0.,0.));
#2025=DIRECTION('',(0.,1.,0.));
#2026=DIRECTION('',(1.,0.,0.));
#2027=DIRECTION('',(0.,1.,0.));
#2028=DIRECTION('',(5.84327907697451E-17,1.,0.));
#2029=DIRECTION('',(-1.,0.,0.));
#2030=DIRECTION('center_axis',(1.,0.,0.));
#2031=DIRECTION('ref_axis',(0.,1.,0.));
#2032=DIRECTION('',(0.,0.,1.));
#2033=DIRECTION('',(0.,1.,0.));
#2034=DIRECTION('',(0.,0.,-1.));
#2035=DIRECTION('',(0.,0.,1.));
#2036=DIRECTION('center_axis',(-1.,0.,0.));
#2037=DIRECTION('ref_axis',(0.,0.,-1.));
#2038=DIRECTION('center_axis',(1.,1.27946157796502E-47,0.));
#2039=DIRECTION('ref_axis',(0.,0.,-1.));
#2040=DIRECTION('',(0.,0.,1.));
#2041=DIRECTION('center_axis',(-1.,-1.27946157796502E-47,0.));
#2042=DIRECTION('ref_axis',(0.,0.,-1.));
#2043=DIRECTION('center_axis',(1.,0.,0.));
#2044=DIRECTION('ref_axis',(0.,0.,-1.));
#2045=DIRECTION('',(1.,0.,0.));
#2046=DIRECTION('center_axis',(1.,0.,0.));
#2047=DIRECTION('ref_axis',(0.,0.,-1.));
#2048=DIRECTION('center_axis',(0.,-1.,0.));
#2049=DIRECTION('ref_axis',(1.,0.,0.));
#2050=DIRECTION('',(0.,0.,1.));
#2051=DIRECTION('',(-1.,0.,0.));
#2052=DIRECTION('',(0.,0.,1.));
#2053=DIRECTION('',(0.,0.,-1.));
#2054=DIRECTION('',(1.,0.,0.));
#2055=DIRECTION('',(0.,0.,1.));
#2056=DIRECTION('',(1.,0.,0.));
#2057=DIRECTION('',(0.,0.,1.));
#2058=DIRECTION('',(1.,0.,0.));
#2059=DIRECTION('',(0.,0.,-1.));
#2060=DIRECTION('',(-1.,0.,0.));
#2061=DIRECTION('',(0.,0.,1.));
#2062=DIRECTION('',(0.,0.,1.));
#2063=DIRECTION('',(1.,0.,0.));
#2064=DIRECTION('',(1.,0.,0.));
#2065=DIRECTION('',(0.,0.,1.));
#2066=DIRECTION('center_axis',(-1.,0.,0.));
#2067=DIRECTION('ref_axis',(0.,-1.,0.));
#2068=DIRECTION('',(0.,1.,0.));
#2069=DIRECTION('center_axis',(-1.,0.,0.));
#2070=DIRECTION('ref_axis',(0.,-1.,0.));
#2071=DIRECTION('center_axis',(-1.,0.,0.));
#2072=DIRECTION('ref_axis',(0.,0.,-1.));
#2073=DIRECTION('center_axis',(1.,0.,0.));
#2074=DIRECTION('ref_axis',(0.,0.,-1.));
#2075=DIRECTION('center_axis',(1.,0.,0.));
#2076=DIRECTION('ref_axis',(0.,0.,-1.));
#2077=DIRECTION('',(1.,0.,0.));
#2078=DIRECTION('center_axis',(1.,-5.84327907697451E-17,0.));
#2079=DIRECTION('ref_axis',(5.84327907697451E-17,1.,0.));
#2080=DIRECTION('',(0.,0.,1.));
#2081=DIRECTION('center_axis',(0.,1.,0.));
#2082=DIRECTION('ref_axis',(-1.,0.,0.));
#2083=DIRECTION('center_axis',(0.,-1.,0.));
#2084=DIRECTION('ref_axis',(0.,0.,-1.));
#2085=DIRECTION('',(0.,0.,1.));
#2086=DIRECTION('',(-1.,0.,0.));
#2087=DIRECTION('center_axis',(1.,1.27946157796502E-47,0.));
#2088=DIRECTION('ref_axis',(0.,0.,-1.));
#2089=DIRECTION('',(-1.27946157796502E-47,1.,0.));
#2090=DIRECTION('center_axis',(0.,0.,1.));
#2091=DIRECTION('ref_axis',(1.,0.,0.));
#2092=DIRECTION('',(0.,-1.,0.));
#2093=DIRECTION('center_axis',(1.,0.,0.));
#2094=DIRECTION('ref_axis',(0.,0.,-1.));
#2095=DIRECTION('',(-1.,0.,0.));
#2096=DIRECTION('center_axis',(1.,1.27946157796502E-47,0.));
#2097=DIRECTION('ref_axis',(0.,0.,-1.));
#2098=DIRECTION('center_axis',(1.,1.27946157796502E-47,0.));
#2099=DIRECTION('ref_axis',(0.,0.,-1.));
#2100=DIRECTION('center_axis',(1.,1.27946157796502E-47,0.));
#2101=DIRECTION('ref_axis',(0.,0.,-1.));
#2102=DIRECTION('center_axis',(1.,0.,0.));
#2103=DIRECTION('ref_axis',(0.,1.,0.));
#2104=DIRECTION('',(0.,0.,-1.));
#2105=DIRECTION('',(0.,1.,0.));
#2106=DIRECTION('center_axis',(1.,0.,0.));
#2107=DIRECTION('ref_axis',(0.,1.,0.));
#2108=DIRECTION('',(0.,0.,1.));
#2109=DIRECTION('',(0.,1.,0.));
#2110=DIRECTION('center_axis',(0.,0.,1.));
#2111=DIRECTION('ref_axis',(1.,0.,0.));
#2112=DIRECTION('',(0.,-1.,0.));
#2113=DIRECTION('center_axis',(0.,-1.,0.));
#2114=DIRECTION('ref_axis',(1.,0.,0.));
#2115=DIRECTION('',(1.,0.,0.));
#2116=DIRECTION('',(0.,0.,-1.));
#2117=DIRECTION('center_axis',(0.,0.,1.));
#2118=DIRECTION('ref_axis',(1.,0.,0.));
#2119=DIRECTION('',(0.,1.,0.));
#2120=DIRECTION('center_axis',(1.,0.,0.));
#2121=DIRECTION('ref_axis',(0.,1.,0.));
#2122=DIRECTION('',(0.,-1.,0.));
#2123=DIRECTION('',(0.,-1.,0.));
#2124=DIRECTION('center_axis',(1.,0.,0.));
#2125=DIRECTION('ref_axis',(0.,1.,0.));
#2126=DIRECTION('',(0.,1.,0.));
#2127=DIRECTION('center_axis',(1.,0.,0.));
#2128=DIRECTION('ref_axis',(0.,1.,0.));
#2129=DIRECTION('',(0.,1.,0.));
#2130=DIRECTION('',(0.,0.,1.));
#2131=DIRECTION('center_axis',(0.,0.,1.));
#2132=DIRECTION('ref_axis',(1.,0.,0.));
#2133=DIRECTION('',(0.,1.,0.));
#2134=DIRECTION('',(0.,1.,0.));
#2135=DIRECTION('center_axis',(1.,9.66741305417907E-32,0.));
#2136=DIRECTION('ref_axis',(0.,0.,-1.));
#2137=DIRECTION('',(1.,9.66741305417907E-32,0.));
#2138=DIRECTION('center_axis',(0.,-1.,0.));
#2139=DIRECTION('ref_axis',(1.,0.,0.));
#2140=DIRECTION('',(1.,0.,0.));
#2141=DIRECTION('center_axis',(0.,0.,1.));
#2142=DIRECTION('ref_axis',(1.,0.,0.));
#2143=DIRECTION('center_axis',(1.,0.,0.));
#2144=DIRECTION('ref_axis',(0.,1.,0.));
#2145=DIRECTION('',(0.,-1.,0.));
#2146=DIRECTION('center_axis',(0.,0.,1.));
#2147=DIRECTION('ref_axis',(1.,0.,0.));
#2148=DIRECTION('',(0.,1.,0.));
#2149=DIRECTION('center_axis',(1.,0.,0.));
#2150=DIRECTION('ref_axis',(0.,0.,-1.));
#2151=DIRECTION('center_axis',(1.,0.,0.));
#2152=DIRECTION('ref_axis',(0.,0.,-1.));
#2153=DIRECTION('',(1.,0.,0.));
#2154=DIRECTION('center_axis',(-1.,0.,0.));
#2155=DIRECTION('ref_axis',(0.,0.,-1.));
#2156=DIRECTION('center_axis',(1.,0.,0.));
#2157=DIRECTION('ref_axis',(0.,0.,-1.));
#2158=DIRECTION('center_axis',(1.,0.,0.));
#2159=DIRECTION('ref_axis',(0.,0.,-1.));
#2160=DIRECTION('',(1.,0.,0.));
#2161=DIRECTION('center_axis',(-1.,0.,0.));
#2162=DIRECTION('ref_axis',(0.,0.,-1.));
#2163=DIRECTION('center_axis',(1.,0.,0.));
#2164=DIRECTION('ref_axis',(0.,0.,-1.));
#2165=DIRECTION('center_axis',(1.,0.,0.));
#2166=DIRECTION('ref_axis',(0.,0.,-1.));
#2167=DIRECTION('',(1.,0.,0.));
#2168=DIRECTION('center_axis',(-1.,0.,0.));
#2169=DIRECTION('ref_axis',(0.,0.,-1.));
#2170=DIRECTION('center_axis',(1.,0.,0.));
#2171=DIRECTION('ref_axis',(0.,0.,-1.));
#2172=DIRECTION('center_axis',(1.,0.,0.));
#2173=DIRECTION('ref_axis',(0.,0.,-1.));
#2174=DIRECTION('',(1.,0.,0.));
#2175=DIRECTION('center_axis',(-1.,0.,0.));
#2176=DIRECTION('ref_axis',(0.,0.,-1.));
#2177=DIRECTION('center_axis',(1.,0.,0.));
#2178=DIRECTION('ref_axis',(0.,0.,-1.));
#2179=DIRECTION('center_axis',(1.,0.,0.));
#2180=DIRECTION('ref_axis',(0.,0.,-1.));
#2181=DIRECTION('',(1.,0.,0.));
#2182=DIRECTION('center_axis',(-1.,0.,0.));
#2183=DIRECTION('ref_axis',(0.,0.,-1.));
#2184=DIRECTION('center_axis',(1.,0.,0.));
#2185=DIRECTION('ref_axis',(0.,0.,-1.));
#2186=DIRECTION('center_axis',(1.,0.,0.));
#2187=DIRECTION('ref_axis',(0.,0.,-1.));
#2188=DIRECTION('',(1.,0.,0.));
#2189=DIRECTION('center_axis',(1.,0.,0.));
#2190=DIRECTION('ref_axis',(0.,0.,-1.));
#2191=DIRECTION('center_axis',(1.,0.,0.));
#2192=DIRECTION('ref_axis',(0.,0.,-1.));
#2193=DIRECTION('center_axis',(0.,1.,0.));
#2194=DIRECTION('ref_axis',(-1.,0.,0.));
#2195=DIRECTION('',(0.,0.,1.));
#2196=DIRECTION('',(-1.,0.,0.));
#2197=DIRECTION('center_axis',(-1.,0.,0.));
#2198=DIRECTION('ref_axis',(0.,-1.,0.));
#2199=DIRECTION('',(0.,-1.,0.));
#2200=DIRECTION('',(0.,1.,0.));
#2201=DIRECTION('center_axis',(0.,0.,1.));
#2202=DIRECTION('ref_axis',(1.,0.,0.));
#2203=DIRECTION('center_axis',(1.,0.,0.));
#2204=DIRECTION('ref_axis',(0.,1.,0.));
#2205=DIRECTION('',(0.,1.,0.));
#2206=DIRECTION('center_axis',(0.,0.,1.));
#2207=DIRECTION('ref_axis',(1.,0.,0.));
#2208=DIRECTION('center_axis',(-1.,0.,0.));
#2209=DIRECTION('ref_axis',(0.,-1.,0.));
#2210=DIRECTION('center_axis',(-1.,0.,0.));
#2211=DIRECTION('ref_axis',(0.,-1.,0.));
#2212=CARTESIAN_POINT('',(0.,0.,0.));
#2213=CARTESIAN_POINT('Origin',(-25.2,1.1308447862729E-45,107.95));
#2214=CARTESIAN_POINT('',(-25.2,-13.2267720929938,91.));
#2215=CARTESIAN_POINT('',(-22.25,-13.2267720929938,91.));
#2216=CARTESIAN_POINT('',(-25.2,-13.2267720929938,91.));
#2217=CARTESIAN_POINT('',(-25.2,-15.55,93.1025254672722));
#2218=CARTESIAN_POINT('Origin',(-25.2,1.1308447862729E-45,107.95));
#2219=CARTESIAN_POINT('',(-22.25,-15.55,93.1025254672722));
#2220=CARTESIAN_POINT('',(-25.2,-15.55,93.1025254672722));
#2221=CARTESIAN_POINT('Origin',(-22.25,1.1308447862729E-45,107.95));
#2222=CARTESIAN_POINT('Origin',(-25.2,1.1308447862729E-45,107.95));
#2223=CARTESIAN_POINT('',(-25.2,15.55,93.1025254672722));
#2224=CARTESIAN_POINT('',(-22.25,15.55,93.1025254672722));
#2225=CARTESIAN_POINT('',(-25.2,15.55,93.1025254672722));
#2226=CARTESIAN_POINT('',(-25.2,13.2267720929938,91.));
#2227=CARTESIAN_POINT('Origin',(-25.2,1.1308447862729E-45,107.95));
#2228=CARTESIAN_POINT('',(-22.25,13.2267720929938,91.));
#2229=CARTESIAN_POINT('',(-25.2,13.2267720929938,91.));
#2230=CARTESIAN_POINT('Origin',(-22.25,1.1308447862729E-45,107.95));
#2231=CARTESIAN_POINT('Origin',(-25.2,1.1308447862729E-45,107.95));
#2232=CARTESIAN_POINT('',(-22.25,15.55,122.797474532728));
#2233=CARTESIAN_POINT('',(-25.2,15.55,122.797474532728));
#2234=CARTESIAN_POINT('',(-25.2,15.55,122.797474532728));
#2235=CARTESIAN_POINT('',(-22.25,-15.55,122.797474532728));
#2236=CARTESIAN_POINT('Origin',(-22.25,1.1308447862729E-45,107.95));
#2237=CARTESIAN_POINT('',(-25.2,-15.55,122.797474532728));
#2238=CARTESIAN_POINT('',(-25.2,-15.55,122.797474532728));
#2239=CARTESIAN_POINT('Origin',(-25.2,1.1308447862729E-45,107.95));
#2240=CARTESIAN_POINT('Origin',(-22.25,16.,90.));
#2241=CARTESIAN_POINT('',(-22.25,15.55,91.));
#2242=CARTESIAN_POINT('',(-22.25,8.,91.));
#2243=CARTESIAN_POINT('',(-22.25,15.55,90.5));
#2244=CARTESIAN_POINT('Origin',(25.8,15.55,91.));
#2245=CARTESIAN_POINT('',(-25.2,15.55,99.475));
#2246=CARTESIAN_POINT('',(-28.2,15.55,91.));
#2247=CARTESIAN_POINT('',(-22.2,15.55,91.));
#2248=CARTESIAN_POINT('',(-28.2,15.55,182.));
#2249=CARTESIAN_POINT('',(-28.2,15.55,91.));
#2250=CARTESIAN_POINT('',(-21.7,15.55,182.));
#2251=CARTESIAN_POINT('',(-21.7,15.55,182.));
#2252=CARTESIAN_POINT('',(-21.7,15.55,219.95));
#2253=CARTESIAN_POINT('',(-21.7,15.55,170.));
#2254=CARTESIAN_POINT('',(17.3,15.55,219.95));
#2255=CARTESIAN_POINT('',(17.3,15.55,219.95));
#2256=CARTESIAN_POINT('',(17.3,15.55,174.));
#2257=CARTESIAN_POINT('',(17.3,15.55,170.));
#2258=CARTESIAN_POINT('',(19.8,15.55,174.));
#2259=CARTESIAN_POINT('',(19.8,15.55,174.));
#2260=CARTESIAN_POINT('',(19.8,15.55,170.));
#2261=CARTESIAN_POINT('',(19.8,15.55,170.));
#2262=CARTESIAN_POINT('',(25.,15.55,170.));
#2263=CARTESIAN_POINT('',(12.9,15.55,170.));
#2264=CARTESIAN_POINT('',(25.,15.55,174.));
#2265=CARTESIAN_POINT('',(25.,15.55,130.5));
#2266=CARTESIAN_POINT('',(25.8,15.55,174.));
#2267=CARTESIAN_POINT('',(25.8,15.55,174.));
#2268=CARTESIAN_POINT('',(25.8,15.55,91.));
#2269=CARTESIAN_POINT('',(25.8,15.55,91.));
#2270=CARTESIAN_POINT('',(19.8,15.55,91.));
#2271=CARTESIAN_POINT('',(25.8,15.55,91.));
#2272=CARTESIAN_POINT('',(19.8,15.55,126.));
#2273=CARTESIAN_POINT('',(19.8,15.55,91.));
#2274=CARTESIAN_POINT('',(-18.15,15.55,126.));
#2275=CARTESIAN_POINT('',(25.8,15.55,126.));
#2276=CARTESIAN_POINT('',(-18.15,15.55,170.));
#2277=CARTESIAN_POINT('',(-18.15,15.55,90.5));
#2278=CARTESIAN_POINT('',(-21.7,15.55,170.));
#2279=CARTESIAN_POINT('',(17.3,15.55,170.));
#2280=CARTESIAN_POINT('',(-21.7,15.55,174.));
#2281=CARTESIAN_POINT('',(-21.7,15.55,170.));
#2282=CARTESIAN_POINT('',(-25.,15.55,174.));
#2283=CARTESIAN_POINT('',(-21.7,15.55,174.));
#2284=CARTESIAN_POINT('',(-25.,15.55,170.));
#2285=CARTESIAN_POINT('',(-25.,15.55,130.5));
#2286=CARTESIAN_POINT('',(-22.25,15.55,170.));
#2287=CARTESIAN_POINT('',(12.9,15.55,170.));
#2288=CARTESIAN_POINT('',(-22.25,15.55,90.5));
#2289=CARTESIAN_POINT('Origin',(-22.25,16.,90.));
#2290=CARTESIAN_POINT('',(-22.25,-15.55,91.));
#2291=CARTESIAN_POINT('',(-22.25,-15.55,90.5));
#2292=CARTESIAN_POINT('',(-22.25,8.,91.));
#2293=CARTESIAN_POINT('Origin',(-25.2,0.,91.));
#2294=CARTESIAN_POINT('',(-25.2,5.65422393136451E-46,91.));
#2295=CARTESIAN_POINT('',(-28.2,-15.55,91.));
#2296=CARTESIAN_POINT('',(-28.2,-15.55,91.));
#2297=CARTESIAN_POINT('',(-28.2,15.55,91.));
#2298=CARTESIAN_POINT('Origin',(-21.8,-6.,170.95));
#2299=CARTESIAN_POINT('',(-21.7,-6.,170.95));
#2300=CARTESIAN_POINT('',(-21.7,6.,170.95));
#2301=CARTESIAN_POINT('',(-21.7,4.775,170.95));
#2302=CARTESIAN_POINT('',(-17.7,-6.,170.95));
#2303=CARTESIAN_POINT('',(-21.8,-6.,170.95));
#2304=CARTESIAN_POINT('',(-17.7,6.,170.95));
#2305=CARTESIAN_POINT('',(-17.7,-10.775,170.95));
#2306=CARTESIAN_POINT('',(-21.8,6.,170.95));
#2307=CARTESIAN_POINT('Origin',(-21.7,15.55,170.));
#2308=CARTESIAN_POINT('',(-21.7,-6.,190.25));
#2309=CARTESIAN_POINT('',(-21.7,-6.,182.));
#2310=CARTESIAN_POINT('',(-21.7,-6.,180.175));
#2311=CARTESIAN_POINT('',(-21.7,-15.55,182.));
#2312=CARTESIAN_POINT('',(-21.7,7.775,182.));
#2313=CARTESIAN_POINT('',(-21.7,-15.55,219.95));
#2314=CARTESIAN_POINT('',(-21.7,-15.55,170.));
#2315=CARTESIAN_POINT('',(-21.7,15.55,219.95));
#2316=CARTESIAN_POINT('',(-21.7,6.,182.));
#2317=CARTESIAN_POINT('',(-21.7,7.775,182.));
#2318=CARTESIAN_POINT('',(-21.7,6.,190.25));
#2319=CARTESIAN_POINT('',(-21.7,6.,170.475));
#2320=CARTESIAN_POINT('',(-21.7,11.,190.25));
#2321=CARTESIAN_POINT('',(-21.7,2.275,190.25));
#2322=CARTESIAN_POINT('',(-21.7,11.,196.65));
#2323=CARTESIAN_POINT('',(-21.7,11.,180.125));
#2324=CARTESIAN_POINT('Origin',(-21.7,11.,198.95));
#2325=CARTESIAN_POINT('',(-21.7,-11.,196.65));
#2326=CARTESIAN_POINT('',(-21.7,13.275,196.65));
#2327=CARTESIAN_POINT('Origin',(-21.7,-11.,198.95));
#2328=CARTESIAN_POINT('',(-21.7,-11.,190.25));
#2329=CARTESIAN_POINT('',(-21.7,-11.,183.325));
#2330=CARTESIAN_POINT('',(-21.7,2.275,190.25));
#2331=CARTESIAN_POINT('',(-21.7,-6.12323399573677E-16,212.95));
#2332=CARTESIAN_POINT('Origin',(-21.7,-3.54410857096309E-46,207.95));
#2333=CARTESIAN_POINT('Origin',(-21.7,15.55,170.));
#2334=CARTESIAN_POINT('',(-21.7,-6.,174.));
#2335=CARTESIAN_POINT('',(-21.7,-6.,180.175));
#2336=CARTESIAN_POINT('',(-21.7,6.,174.));
#2337=CARTESIAN_POINT('',(-21.7,6.,170.475));
#2338=CARTESIAN_POINT('',(-21.7,8.70054354248661,174.));
#2339=CARTESIAN_POINT('',(-21.7,7.775,174.));
#2340=CARTESIAN_POINT('',(-21.7,13.2994564575134,174.));
#2341=CARTESIAN_POINT('Origin',(-21.7,11.,173.95));
#2342=CARTESIAN_POINT('',(-21.7,7.775,174.));
#2343=CARTESIAN_POINT('',(-21.7,-15.55,170.));
#2344=CARTESIAN_POINT('',(-21.7,15.55,170.));
#2345=CARTESIAN_POINT('',(-21.7,-15.55,174.));
#2346=CARTESIAN_POINT('',(-21.7,-15.55,170.));
#2347=CARTESIAN_POINT('',(-21.7,-13.2994564575134,174.));
#2348=CARTESIAN_POINT('',(-21.7,7.775,174.));
#2349=CARTESIAN_POINT('',(-21.7,-8.70054354248661,174.));
#2350=CARTESIAN_POINT('Origin',(-21.7,-11.,173.95));
#2351=CARTESIAN_POINT('',(-21.7,7.775,174.));
#2352=CARTESIAN_POINT('Origin',(-21.8,-11.,190.25));
#2353=CARTESIAN_POINT('',(-17.7,6.,190.25));
#2354=CARTESIAN_POINT('',(-21.8,6.,190.25));
#2355=CARTESIAN_POINT('',(-17.7,11.,190.25));
#2356=CARTESIAN_POINT('',(-17.7,-13.275,190.25));
#2357=CARTESIAN_POINT('',(-21.8,11.,190.25));
#2358=CARTESIAN_POINT('Origin',(-21.8,11.,196.65));
#2359=CARTESIAN_POINT('',(-17.7,-11.,196.65));
#2360=CARTESIAN_POINT('',(-17.7,11.,196.65));
#2361=CARTESIAN_POINT('',(-17.7,-2.275,196.65));
#2362=CARTESIAN_POINT('',(-20.,-11.,196.65));
#2363=CARTESIAN_POINT('',(-21.8,-11.,196.65));
#2364=CARTESIAN_POINT('',(-21.8,-11.,196.65));
#2365=CARTESIAN_POINT('',(-20.,11.,196.65));
#2366=CARTESIAN_POINT('',(-21.8,11.,196.65));
#2367=CARTESIAN_POINT('',(-21.8,11.,196.65));
#2368=CARTESIAN_POINT('Origin',(-21.8,11.,190.25));
#2369=CARTESIAN_POINT('',(-17.7,11.,180.125));
#2370=CARTESIAN_POINT('',(-21.8,11.,196.65));
#2371=CARTESIAN_POINT('Origin',(-21.8,-11.,190.25));
#2372=CARTESIAN_POINT('',(-17.7,-6.,190.25));
#2373=CARTESIAN_POINT('',(-21.8,-6.,190.25));
#2374=CARTESIAN_POINT('',(-17.7,-11.,190.25));
#2375=CARTESIAN_POINT('',(-21.8,-11.,190.25));
#2376=CARTESIAN_POINT('',(-17.7,-13.275,190.25));
#2377=CARTESIAN_POINT('Origin',(-21.8,-11.,196.65));
#2378=CARTESIAN_POINT('',(-17.7,-11.,183.325));
#2379=CARTESIAN_POINT('',(-21.8,-11.,196.65));
#2380=CARTESIAN_POINT('Origin',(-21.8,11.,173.95));
#2381=CARTESIAN_POINT('',(-21.8,8.70054354248661,174.));
#2382=CARTESIAN_POINT('',(-21.8,8.70054354248661,174.));
#2383=CARTESIAN_POINT('',(-21.8,11.,176.25));
#2384=CARTESIAN_POINT('Origin',(-21.8,11.,173.95));
#2385=CARTESIAN_POINT('',(-20.,11.,176.25));
#2386=CARTESIAN_POINT('',(-21.8,11.,176.25));
#2387=CARTESIAN_POINT('Origin',(-20.,11.,173.95));
#2388=CARTESIAN_POINT('',(-21.8,13.2994564575134,174.));
#2389=CARTESIAN_POINT('Origin',(-21.8,11.,173.95));
#2390=CARTESIAN_POINT('',(-21.8,13.2994564575134,174.));
#2391=CARTESIAN_POINT('Origin',(-20.,11.,173.95));
#2392=CARTESIAN_POINT('',(-20.,11.,175.15));
#2393=CARTESIAN_POINT('Origin',(-20.,11.,173.95));
#2394=CARTESIAN_POINT('Origin',(-21.8,-11.,198.95));
#2395=CARTESIAN_POINT('Origin',(-20.,-11.,198.95));
#2396=CARTESIAN_POINT('Origin',(-20.,-11.,198.95));
#2397=CARTESIAN_POINT('',(-20.,-11.,200.15));
#2398=CARTESIAN_POINT('Origin',(-20.,-11.,198.95));
#2399=CARTESIAN_POINT('Origin',(-21.8,11.,198.95));
#2400=CARTESIAN_POINT('Origin',(-20.,11.,198.95));
#2401=CARTESIAN_POINT('Origin',(-20.,11.,198.95));
#2402=CARTESIAN_POINT('',(-20.,11.,200.15));
#2403=CARTESIAN_POINT('Origin',(-20.,11.,198.95));
#2404=CARTESIAN_POINT('Origin',(-21.8,-11.,173.95));
#2405=CARTESIAN_POINT('',(-21.8,-13.2994564575134,174.));
#2406=CARTESIAN_POINT('',(-21.8,-13.2994564575134,174.));
#2407=CARTESIAN_POINT('',(-21.8,-11.,176.25));
#2408=CARTESIAN_POINT('Origin',(-21.8,-11.,173.95));
#2409=CARTESIAN_POINT('',(-20.,-11.,176.25));
#2410=CARTESIAN_POINT('',(-21.8,-11.,176.25));
#2411=CARTESIAN_POINT('Origin',(-20.,-11.,173.95));
#2412=CARTESIAN_POINT('',(-21.8,-8.70054354248661,174.));
#2413=CARTESIAN_POINT('Origin',(-21.8,-11.,173.95));
#2414=CARTESIAN_POINT('',(-21.8,-8.70054354248661,174.));
#2415=CARTESIAN_POINT('Origin',(-20.,-11.,173.95));
#2416=CARTESIAN_POINT('',(-20.,-11.,175.15));
#2417=CARTESIAN_POINT('Origin',(-20.,-11.,173.95));
#2418=CARTESIAN_POINT('Origin',(-21.8,11.,173.95));
#2419=CARTESIAN_POINT('',(-21.8,5.5,174.));
#2420=CARTESIAN_POINT('Origin',(-21.8,11.,173.95));
#2421=CARTESIAN_POINT('',(-17.7,11.,175.15));
#2422=CARTESIAN_POINT('',(-21.8,11.,175.15));
#2423=CARTESIAN_POINT('Origin',(-17.7,11.,173.95));
#2424=CARTESIAN_POINT('Origin',(-21.8,-11.,198.95));
#2425=CARTESIAN_POINT('',(-17.7,-11.,200.15));
#2426=CARTESIAN_POINT('',(-21.8,-11.,200.15));
#2427=CARTESIAN_POINT('Origin',(-17.7,-11.,198.95));
#2428=CARTESIAN_POINT('Origin',(-21.8,11.,198.95));
#2429=CARTESIAN_POINT('',(-17.7,11.,200.15));
#2430=CARTESIAN_POINT('',(-21.8,11.,200.15));
#2431=CARTESIAN_POINT('Origin',(-17.7,11.,198.95));
#2432=CARTESIAN_POINT('Origin',(-21.8,-11.,173.95));
#2433=CARTESIAN_POINT('',(-21.8,-5.5,174.));
#2434=CARTESIAN_POINT('Origin',(-21.8,-11.,173.95));
#2435=CARTESIAN_POINT('',(-17.7,-11.,175.15));
#2436=CARTESIAN_POINT('',(-21.8,-11.,175.15));
#2437=CARTESIAN_POINT('Origin',(-17.7,-11.,173.95));
#2438=CARTESIAN_POINT('Origin',(-24.95,0.,174.));
#2439=CARTESIAN_POINT('',(-21.8,6.,174.));
#2440=CARTESIAN_POINT('',(-23.375,6.,174.));
#2441=CARTESIAN_POINT('',(-21.8,-6.,174.));
#2442=CARTESIAN_POINT('',(-21.8,-1.19309792145238E-46,174.));
#2443=CARTESIAN_POINT('',(-23.375,-6.,174.));
#2444=CARTESIAN_POINT('',(-25.,-15.55,174.));
#2445=CARTESIAN_POINT('',(-28.2,-15.55,174.));
#2446=CARTESIAN_POINT('',(-25.,8.5,174.));
#2447=CARTESIAN_POINT('Origin',(17.3,-12.65,170.95));
#2448=CARTESIAN_POINT('',(17.3,12.65,174.));
#2449=CARTESIAN_POINT('',(17.3,-12.65,174.));
#2450=CARTESIAN_POINT('',(17.3,-6.325,174.));
#2451=CARTESIAN_POINT('',(17.3,12.65,170.95));
#2452=CARTESIAN_POINT('',(17.3,12.65,170.95));
#2453=CARTESIAN_POINT('',(17.3,-12.65,170.95));
#2454=CARTESIAN_POINT('',(17.3,-12.65,170.95));
#2455=CARTESIAN_POINT('',(17.3,-12.65,170.95));
#2456=CARTESIAN_POINT('Origin',(-0.2,0.,170.95));
#2457=CARTESIAN_POINT('',(-6.,9.5,170.95));
#2458=CARTESIAN_POINT('',(-17.7,9.5,170.95));
#2459=CARTESIAN_POINT('',(-3.1,9.5,170.95));
#2460=CARTESIAN_POINT('',(-6.,-9.5,170.95));
#2461=CARTESIAN_POINT('',(-6.,-4.75,170.95));
#2462=CARTESIAN_POINT('',(-17.7,-9.5,170.95));
#2463=CARTESIAN_POINT('',(-10.95,-9.5,170.95));
#2464=CARTESIAN_POINT('',(-17.7,-12.65,170.95));
#2465=CARTESIAN_POINT('',(-17.7,12.65,170.95));
#2466=CARTESIAN_POINT('',(-17.7,-12.65,170.95));
#2467=CARTESIAN_POINT('',(-17.7,12.65,170.95));
#2468=CARTESIAN_POINT('',(17.3,12.65,170.95));
#2469=CARTESIAN_POINT('',(-17.7,12.65,170.95));
#2470=CARTESIAN_POINT('Origin',(17.3,-12.65,170.));
#2471=CARTESIAN_POINT('',(-17.7,-12.65,219.95));
#2472=CARTESIAN_POINT('',(-17.7,-12.65,170.));
#2473=CARTESIAN_POINT('',(17.3,-12.65,219.95));
#2474=CARTESIAN_POINT('',(17.3,-12.65,219.95));
#2475=CARTESIAN_POINT('',(17.3,-12.65,170.));
#2476=CARTESIAN_POINT('Origin',(-2.2,0.,174.));
#2477=CARTESIAN_POINT('',(17.3,-15.55,174.));
#2478=CARTESIAN_POINT('',(17.3,-7.775,174.));
#2479=CARTESIAN_POINT('',(19.8,-15.55,174.));
#2480=CARTESIAN_POINT('',(17.3,-15.55,174.));
#2481=CARTESIAN_POINT('',(19.8,-15.55,174.));
#2482=CARTESIAN_POINT('',(17.3,-7.775,174.));
#2483=CARTESIAN_POINT('Origin',(-21.7,-9.5,169.95));
#2484=CARTESIAN_POINT('',(-6.,-9.5,170.));
#2485=CARTESIAN_POINT('',(-6.,-9.5,169.95));
#2486=CARTESIAN_POINT('',(-17.7,-9.5,170.));
#2487=CARTESIAN_POINT('',(-11.95,-9.5,170.));
#2488=CARTESIAN_POINT('',(-17.7,-9.5,169.975));
#2489=CARTESIAN_POINT('Origin',(-21.8,6.,173.95));
#2490=CARTESIAN_POINT('',(-21.8,6.,182.));
#2491=CARTESIAN_POINT('',(-23.375,6.,182.));
#2492=CARTESIAN_POINT('',(-21.8,6.,193.35));
#2493=CARTESIAN_POINT('',(-17.7,6.,170.475));
#2494=CARTESIAN_POINT('Origin',(-2.2,0.,170.));
#2495=CARTESIAN_POINT('',(-18.15,12.55,170.));
#2496=CARTESIAN_POINT('',(-18.15,-16.,170.));
#2497=CARTESIAN_POINT('',(19.8,12.55,170.));
#2498=CARTESIAN_POINT('',(-9.1,12.55,170.));
#2499=CARTESIAN_POINT('',(19.8,-12.55,170.));
#2500=CARTESIAN_POINT('',(19.8,7.775,170.));
#2501=CARTESIAN_POINT('',(-18.15,-12.55,170.));
#2502=CARTESIAN_POINT('',(9.9,-12.55,170.));
#2503=CARTESIAN_POINT('',(-18.15,-15.55,170.));
#2504=CARTESIAN_POINT('',(-18.15,-16.,170.));
#2505=CARTESIAN_POINT('',(-0.2,-15.55,170.));
#2506=CARTESIAN_POINT('',(-17.7,9.5,170.));
#2507=CARTESIAN_POINT('',(-17.7,-15.55,170.));
#2508=CARTESIAN_POINT('',(-6.,9.5,170.));
#2509=CARTESIAN_POINT('',(-6.,-4.75,170.));
#2510=CARTESIAN_POINT('',(-4.1,9.5,170.));
#2511=CARTESIAN_POINT('Origin',(-17.7,-15.55,170.));
#2512=CARTESIAN_POINT('',(-17.7,12.65,219.95));
#2513=CARTESIAN_POINT('',(-17.7,12.65,170.));
#2514=CARTESIAN_POINT('',(-17.7,-15.55,219.95));
#2515=CARTESIAN_POINT('',(-17.7,9.5,169.975));
#2516=CARTESIAN_POINT('',(-17.7,-6.,180.175));
#2517=CARTESIAN_POINT('',(-17.7,3.98010209722889E-16,211.2));
#2518=CARTESIAN_POINT('Origin',(-17.7,1.24751924834868E-45,207.95));
#2519=CARTESIAN_POINT('Origin',(-25.2,-3.22424317647184E-46,107.95));
#2520=CARTESIAN_POINT('',(-25.2,-15.55,99.475));
#2521=CARTESIAN_POINT('',(-25.2,-9.79717439317884E-16,115.95));
#2522=CARTESIAN_POINT('Origin',(-25.2,-3.22424317647184E-46,107.95));
#2523=CARTESIAN_POINT('Origin',(-25.2,-3.22424317647184E-46,107.95));
#2524=CARTESIAN_POINT('',(-22.25,-9.79717439317884E-16,115.95));
#2525=CARTESIAN_POINT('',(-25.2,-9.79717439317884E-16,115.95));
#2526=CARTESIAN_POINT('Origin',(-22.25,-3.22424317647184E-46,107.95));
#2527=CARTESIAN_POINT('Origin',(19.8,-15.55,91.));
#2528=CARTESIAN_POINT('',(-22.25,-15.55,170.));
#2529=CARTESIAN_POINT('',(-22.25,-15.55,90.5));
#2530=CARTESIAN_POINT('',(-25.,-15.55,170.));
#2531=CARTESIAN_POINT('',(9.9,-15.55,170.));
#2532=CARTESIAN_POINT('',(-25.,-15.55,130.5));
#2533=CARTESIAN_POINT('',(-18.15,-15.55,126.));
#2534=CARTESIAN_POINT('',(-18.15,-15.55,90.5));
#2535=CARTESIAN_POINT('',(19.8,-15.55,126.));
#2536=CARTESIAN_POINT('',(-24.2,-15.55,126.));
#2537=CARTESIAN_POINT('',(19.8,-15.55,91.));
#2538=CARTESIAN_POINT('',(19.8,-15.55,91.));
#2539=CARTESIAN_POINT('',(25.8,-15.55,91.));
#2540=CARTESIAN_POINT('',(19.8,-15.55,91.));
#2541=CARTESIAN_POINT('',(25.8,-15.55,174.));
#2542=CARTESIAN_POINT('',(25.8,-15.55,91.));
#2543=CARTESIAN_POINT('',(25.,-15.55,174.));
#2544=CARTESIAN_POINT('',(-24.2,-15.55,174.));
#2545=CARTESIAN_POINT('',(25.,-15.55,170.));
#2546=CARTESIAN_POINT('',(25.,-15.55,130.5));
#2547=CARTESIAN_POINT('',(19.8,-15.55,170.));
#2548=CARTESIAN_POINT('',(9.9,-15.55,170.));
#2549=CARTESIAN_POINT('',(19.8,-15.55,170.));
#2550=CARTESIAN_POINT('',(17.3,-15.55,219.95));
#2551=CARTESIAN_POINT('',(17.3,-15.55,170.));
#2552=CARTESIAN_POINT('',(-21.7,-15.55,219.95));
#2553=CARTESIAN_POINT('',(-28.2,-15.55,182.));
#2554=CARTESIAN_POINT('',(-28.2,-15.55,182.));
#2555=CARTESIAN_POINT('',(-28.2,-15.55,91.));
#2556=CARTESIAN_POINT('Origin',(-22.25,16.,90.));
#2557=CARTESIAN_POINT('',(-22.25,8.,170.));
#2558=CARTESIAN_POINT('Origin',(-22.25,16.,90.));
#2559=CARTESIAN_POINT('',(-22.25,6.30693101560888E-16,113.1));
#2560=CARTESIAN_POINT('Origin',(-22.25,-3.62087626564099E-46,107.95));
#2561=CARTESIAN_POINT('Origin',(-28.3,-3.62087626564099E-46,107.95));
#2562=CARTESIAN_POINT('',(-28.2,-6.30693101560888E-16,113.1));
#2563=CARTESIAN_POINT('Origin',(-28.2,-3.62087626564099E-46,107.95));
#2564=CARTESIAN_POINT('',(-28.3,-6.30693101560888E-16,113.1));
#2565=CARTESIAN_POINT('Origin',(-6.,-9.5,169.95));
#2566=CARTESIAN_POINT('',(-6.,9.5,169.95));
#2567=CARTESIAN_POINT('Origin',(-6.,9.5,169.95));
#2568=CARTESIAN_POINT('Origin',(-21.8,-6.,193.35));
#2569=CARTESIAN_POINT('',(-21.8,-6.,182.));
#2570=CARTESIAN_POINT('',(-21.8,-6.,173.95));
#2571=CARTESIAN_POINT('',(-23.375,-6.,182.));
#2572=CARTESIAN_POINT('Origin',(-21.8,-2.78922623996373E-46,183.65));
#2573=CARTESIAN_POINT('',(-21.8,-1.19309792145238E-46,182.));
#2574=CARTESIAN_POINT('Origin',(-24.95,0.,182.));
#2575=CARTESIAN_POINT('',(-28.2,15.55,182.));
#2576=CARTESIAN_POINT('Origin',(-27.7,-3.54410857096309E-46,207.95));
#2577=CARTESIAN_POINT('',(-27.7,-6.12323399573677E-16,212.95));
#2578=CARTESIAN_POINT('',(-27.7,-6.12323399573677E-16,212.95));
#2579=CARTESIAN_POINT('Origin',(-27.7,-3.54410857096309E-46,207.95));
#2580=CARTESIAN_POINT('Origin',(-27.7,-3.54410857096309E-46,207.95));
#2581=CARTESIAN_POINT('',(-27.7,-3.98010209722889E-16,211.2));
#2582=CARTESIAN_POINT('Origin',(-27.7,-3.55690318674274E-46,207.95));
#2583=CARTESIAN_POINT('Origin',(-18.15,-16.,90.));
#2584=CARTESIAN_POINT('',(-18.15,12.55,126.));
#2585=CARTESIAN_POINT('',(-18.15,12.55,108.));
#2586=CARTESIAN_POINT('',(-18.15,-8.,126.));
#2587=CARTESIAN_POINT('Origin',(-18.15,-16.,90.));
#2588=CARTESIAN_POINT('',(-18.15,-12.55,126.));
#2589=CARTESIAN_POINT('',(-18.15,-12.55,108.));
#2590=CARTESIAN_POINT('',(-18.15,-8.,126.));
#2591=CARTESIAN_POINT('Origin',(0.,0.,170.));
#2592=CARTESIAN_POINT('',(-25.,17.,170.));
#2593=CARTESIAN_POINT('Origin',(-18.2,12.55,126.));
#2594=CARTESIAN_POINT('',(19.8,12.55,126.));
#2595=CARTESIAN_POINT('',(19.8,12.55,126.));
#2596=CARTESIAN_POINT('',(19.8,12.55,108.5));
#2597=CARTESIAN_POINT('Origin',(0.800000000000001,0.,126.));
#2598=CARTESIAN_POINT('',(19.8,7.775,126.));
#2599=CARTESIAN_POINT('Origin',(19.8,-15.55,170.));
#2600=CARTESIAN_POINT('',(19.8,-7.775,170.));
#2601=CARTESIAN_POINT('',(19.8,-7.775,170.));
#2602=CARTESIAN_POINT('Origin',(17.3,-15.55,170.));
#2603=CARTESIAN_POINT('',(17.3,-15.55,219.95));
#2604=CARTESIAN_POINT('Origin',(17.3,-15.55,170.));
#2605=CARTESIAN_POINT('',(17.3,12.65,219.95));
#2606=CARTESIAN_POINT('',(17.3,12.65,219.95));
#2607=CARTESIAN_POINT('',(17.3,12.65,170.));
#2608=CARTESIAN_POINT('Origin',(0.,0.,170.));
#2609=CARTESIAN_POINT('',(19.8,7.775,170.));
#2610=CARTESIAN_POINT('',(25.,-17.,170.));
#2611=CARTESIAN_POINT('Origin',(-27.8,-2.74129164564302E-30,207.95));
#2612=CARTESIAN_POINT('',(-27.8,-3.98010209722892E-16,211.2));
#2613=CARTESIAN_POINT('Origin',(-21.7,12.65,170.));
#2614=CARTESIAN_POINT('',(-21.7,12.65,219.95));
#2615=CARTESIAN_POINT('Origin',(-19.7,0.,219.95));
#2616=CARTESIAN_POINT('Origin',(25.,-17.,170.));
#2617=CARTESIAN_POINT('',(25.,-8.5,174.));
#2618=CARTESIAN_POINT('Origin',(0.800000000000001,0.,174.));
#2619=CARTESIAN_POINT('',(25.8,-15.55,174.));
#2620=CARTESIAN_POINT('Origin',(0.,0.,100.95));
#2621=CARTESIAN_POINT('',(22.3,-2.0818995585505E-16,102.65));
#2622=CARTESIAN_POINT('Origin',(22.3,0.,100.95));
#2623=CARTESIAN_POINT('',(25.8,2.0818995585505E-16,102.65));
#2624=CARTESIAN_POINT('',(0.,-2.0818995585505E-16,102.65));
#2625=CARTESIAN_POINT('Origin',(25.8,0.,100.95));
#2626=CARTESIAN_POINT('Origin',(0.,0.,114.95));
#2627=CARTESIAN_POINT('',(22.3,-2.0818995585505E-16,116.65));
#2628=CARTESIAN_POINT('Origin',(22.3,0.,114.95));
#2629=CARTESIAN_POINT('',(25.8,2.0818995585505E-16,116.65));
#2630=CARTESIAN_POINT('',(0.,-2.0818995585505E-16,116.65));
#2631=CARTESIAN_POINT('Origin',(25.8,0.,114.95));
#2632=CARTESIAN_POINT('Origin',(0.,-7.,107.95));
#2633=CARTESIAN_POINT('',(22.3,-7.,109.65));
#2634=CARTESIAN_POINT('Origin',(22.3,-7.,107.95));
#2635=CARTESIAN_POINT('',(25.8,-7.,109.65));
#2636=CARTESIAN_POINT('',(0.,-7.,109.65));
#2637=CARTESIAN_POINT('Origin',(25.8,-7.,107.95));
#2638=CARTESIAN_POINT('Origin',(0.,7.,107.95));
#2639=CARTESIAN_POINT('',(22.3,7.,109.65));
#2640=CARTESIAN_POINT('Origin',(22.3,7.,107.95));
#2641=CARTESIAN_POINT('',(25.8,7.,109.65));
#2642=CARTESIAN_POINT('',(0.,7.,109.65));
#2643=CARTESIAN_POINT('Origin',(25.8,7.,107.95));
#2644=CARTESIAN_POINT('Origin',(0.,0.,107.95));
#2645=CARTESIAN_POINT('',(22.3,-3.85763741731416E-16,111.1));
#2646=CARTESIAN_POINT('Origin',(22.3,0.,107.95));
#2647=CARTESIAN_POINT('',(25.8,3.85763741731416E-16,111.1));
#2648=CARTESIAN_POINT('',(0.,-3.85763741731416E-16,111.1));
#2649=CARTESIAN_POINT('Origin',(25.8,0.,107.95));
#2650=CARTESIAN_POINT('Origin',(0.,0.,107.95));
#2651=CARTESIAN_POINT('',(19.8,-1.27363267111325E-15,118.35));
#2652=CARTESIAN_POINT('Origin',(19.8,0.,107.95));
#2653=CARTESIAN_POINT('',(22.3,-1.27363267111325E-15,118.35));
#2654=CARTESIAN_POINT('',(0.,-1.27363267111325E-15,118.35));
#2655=CARTESIAN_POINT('Origin',(22.3,0.,107.95));
#2656=CARTESIAN_POINT('Origin',(22.3,0.,107.95));
#2657=CARTESIAN_POINT('Origin',(19.8,-12.55,126.));
#2658=CARTESIAN_POINT('',(19.8,-12.55,126.));
#2659=CARTESIAN_POINT('',(19.8,-12.55,108.5));
#2660=CARTESIAN_POINT('',(-18.2,-12.55,126.));
#2661=CARTESIAN_POINT('Origin',(19.8,15.55,91.));
#2662=CARTESIAN_POINT('',(19.8,15.55,91.));
#2663=CARTESIAN_POINT('',(19.8,7.775,126.));
#2664=CARTESIAN_POINT('Origin',(0.800000000000001,0.,126.));
#2665=CARTESIAN_POINT('Origin',(25.8,-15.55,91.));
#2666=CARTESIAN_POINT('',(25.8,-15.55,91.));
#2667=CARTESIAN_POINT('Origin',(22.8,0.,91.));
#2668=CARTESIAN_POINT('Origin',(-28.2,15.55,91.));
#2669=CARTESIAN_POINT('Origin',(-25.,17.,170.));
#2670=UNCERTAINTY_MEASURE_WITH_UNIT(LENGTH_MEASURE(0.01),#2674,
'DISTANCE_ACCURACY_VALUE',
'Maximum model space distance between geometric entities at asserted c
onnectivities');
#2671=UNCERTAINTY_MEASURE_WITH_UNIT(LENGTH_MEASURE(0.01),#2674,
'DISTANCE_ACCURACY_VALUE',
'Maximum model space distance between geometric entities at asserted c
onnectivities');
#2672=(
GEOMETRIC_REPRESENTATION_CONTEXT(3)
GLOBAL_UNCERTAINTY_ASSIGNED_CONTEXT((#2670))
GLOBAL_UNIT_ASSIGNED_CONTEXT((#2674,#2676,#2677))
REPRESENTATION_CONTEXT('','3D')
);
#2673=(
GEOMETRIC_REPRESENTATION_CONTEXT(3)
GLOBAL_UNCERTAINTY_ASSIGNED_CONTEXT((#2671))
GLOBAL_UNIT_ASSIGNED_CONTEXT((#2674,#2676,#2677))
REPRESENTATION_CONTEXT('','3D')
);
#2674=(
LENGTH_UNIT()
NAMED_UNIT(*)
SI_UNIT(.MILLI.,.METRE.)
);
#2675=(
LENGTH_UNIT()
NAMED_UNIT(*)
SI_UNIT($,.METRE.)
);
#2676=(
NAMED_UNIT(*)
PLANE_ANGLE_UNIT()
SI_UNIT($,.RADIAN.)
);
#2677=(
NAMED_UNIT(*)
SI_UNIT($,.STERADIAN.)
SOLID_ANGLE_UNIT()
);
#2678=SHAPE_DEFINITION_REPRESENTATION(#2679,#2680);
#2679=PRODUCT_DEFINITION_SHAPE('',$,#2682);
#2680=SHAPE_REPRESENTATION('',(#1650),#2672);
#2681=PRODUCT_DEFINITION_CONTEXT('part definition',#2686,'design');
#2682=PRODUCT_DEFINITION('2026-07-31-17-44-49-312','UpperArm_J2J3',#2683,
#2681);
#2683=PRODUCT_DEFINITION_FORMATION('',$,#2688);
#2684=PRODUCT_RELATED_PRODUCT_CATEGORY('UpperArm_J2J3','UpperArm_J2J3',
(#2688));
#2685=APPLICATION_PROTOCOL_DEFINITION('international standard',
'automotive_design',2009,#2686);
#2686=APPLICATION_CONTEXT(
'Core Data for Automotive Mechanical Design Process');
#2687=PRODUCT_CONTEXT('part definition',#2686,'mechanical');
#2688=PRODUCT('2026-07-31-17-44-49-312','UpperArm_J2J3',$,(#2687));
#2689=PRESENTATION_STYLE_ASSIGNMENT((#2690));
#2690=SURFACE_STYLE_USAGE(.BOTH.,#2691);
#2691=SURFACE_SIDE_STYLE('',(#2692));
#2692=SURFACE_STYLE_FILL_AREA(#2693);
#2693=FILL_AREA_STYLE('\X2\92FC\X0\ - \X2\30B530C630F3\X0\',(#2694));
#2694=FILL_AREA_STYLE_COLOUR('\X2\92FC\X0\ - \X2\30B530C630F3\X0\',#2695);
#2695=COLOUR_RGB('\X2\92FC\X0\ - \X2\30B530C630F3\X0\',0.627450980392157,
0.627450980392157,0.627450980392157);
ENDSEC;
END-ISO-10303-21;
