ISO-10303-21;
HEADER;
/* Generated by software containing ST-Developer
 * from STEP Tools, Inc. (www.steptools.com) 
 */

FILE_DESCRIPTION(
/* description */ (''),
/* implementation_level */ '2;1');

FILE_NAME(
/* name */ 'WristLink_J5J6.step',
/* time_stamp */ '2026-08-21T16:48:11+09:00',
/* author */ (''),
/* organization */ (''),
/* preprocessor_version */ 'ST-DEVELOPER v20.1',
/* originating_system */ 'Autodesk Translation Framework v15.8.0.0',
/* authorisation */ '');

FILE_SCHEMA (('AUTOMOTIVE_DESIGN { 1 0 10303 214 3 1 1 }'));
ENDSEC;

DATA;
#10=MECHANICAL_DESIGN_GEOMETRIC_PRESENTATION_REPRESENTATION('',(#13),#2886);
#11=SHAPE_REPRESENTATION_RELATIONSHIP('SRR','None',#2893,#12);
#12=ADVANCED_BREP_SHAPE_REPRESENTATION('',(#14),#2885);
#13=STYLED_ITEM('',(#2902),#14);
#14=MANIFOLD_SOLID_BREP('\X2\30DC30C730A3\X0\1',#1766);
#15=FACE_BOUND('',#201,.T.);
#16=FACE_BOUND('',#202,.T.);
#17=FACE_BOUND('',#210,.T.);
#18=FACE_BOUND('',#211,.T.);
#19=FACE_BOUND('',#212,.T.);
#20=FACE_BOUND('',#213,.T.);
#21=FACE_BOUND('',#232,.T.);
#22=FACE_BOUND('',#235,.T.);
#23=FACE_BOUND('',#237,.T.);
#24=FACE_BOUND('',#239,.T.);
#25=FACE_BOUND('',#249,.T.);
#26=FACE_BOUND('',#256,.T.);
#27=FACE_BOUND('',#261,.T.);
#28=FACE_BOUND('',#267,.T.);
#29=FACE_BOUND('',#281,.T.);
#30=FACE_BOUND('',#282,.T.);
#31=FACE_BOUND('',#283,.T.);
#32=FACE_BOUND('',#284,.T.);
#33=FACE_BOUND('',#285,.T.);
#34=FACE_BOUND('',#289,.T.);
#35=FACE_BOUND('',#290,.T.);
#36=FACE_BOUND('',#293,.T.);
#37=FACE_BOUND('',#294,.T.);
#38=FACE_BOUND('',#295,.T.);
#39=FACE_BOUND('',#296,.T.);
#40=FACE_BOUND('',#297,.T.);
#41=FACE_BOUND('',#299,.T.);
#42=PLANE('',#1789);
#43=PLANE('',#1790);
#44=PLANE('',#1800);
#45=PLANE('',#1801);
#46=PLANE('',#1802);
#47=PLANE('',#1803);
#48=PLANE('',#1804);
#49=PLANE('',#1806);
#50=PLANE('',#1823);
#51=PLANE('',#1824);
#52=PLANE('',#1826);
#53=PLANE('',#1827);
#54=PLANE('',#1828);
#55=PLANE('',#1829);
#56=PLANE('',#1830);
#57=PLANE('',#1831);
#58=PLANE('',#1832);
#59=PLANE('',#1833);
#60=PLANE('',#1834);
#61=PLANE('',#1835);
#62=PLANE('',#1836);
#63=PLANE('',#1846);
#64=PLANE('',#1847);
#65=PLANE('',#1848);
#66=PLANE('',#1849);
#67=PLANE('',#1850);
#68=PLANE('',#1851);
#69=PLANE('',#1852);
#70=PLANE('',#1853);
#71=PLANE('',#1854);
#72=PLANE('',#1855);
#73=PLANE('',#1856);
#74=PLANE('',#1857);
#75=PLANE('',#1858);
#76=PLANE('',#1859);
#77=PLANE('',#1860);
#78=PLANE('',#1861);
#79=PLANE('',#1862);
#80=PLANE('',#1863);
#81=PLANE('',#1864);
#82=PLANE('',#1865);
#83=PLANE('',#1867);
#84=PLANE('',#1868);
#85=PLANE('',#1872);
#86=PLANE('',#1873);
#87=PLANE('',#1874);
#88=PLANE('',#1878);
#89=PLANE('',#1879);
#90=PLANE('',#1880);
#91=PLANE('',#1881);
#92=PLANE('',#1882);
#93=PLANE('',#1883);
#94=PLANE('',#1884);
#95=PLANE('',#1885);
#96=PLANE('',#1886);
#97=PLANE('',#1887);
#98=PLANE('',#1906);
#99=PLANE('',#1907);
#100=PLANE('',#1908);
#101=PLANE('',#1909);
#102=PLANE('',#1910);
#103=PLANE('',#1911);
#104=PLANE('',#1912);
#105=PLANE('',#1913);
#106=FACE_OUTER_BOUND('',#190,.T.);
#107=FACE_OUTER_BOUND('',#191,.T.);
#108=FACE_OUTER_BOUND('',#192,.T.);
#109=FACE_OUTER_BOUND('',#193,.T.);
#110=FACE_OUTER_BOUND('',#194,.T.);
#111=FACE_OUTER_BOUND('',#195,.T.);
#112=FACE_OUTER_BOUND('',#196,.T.);
#113=FACE_OUTER_BOUND('',#197,.T.);
#114=FACE_OUTER_BOUND('',#198,.T.);
#115=FACE_OUTER_BOUND('',#199,.T.);
#116=FACE_OUTER_BOUND('',#200,.T.);
#117=FACE_OUTER_BOUND('',#203,.T.);
#118=FACE_OUTER_BOUND('',#204,.T.);
#119=FACE_OUTER_BOUND('',#205,.T.);
#120=FACE_OUTER_BOUND('',#206,.T.);
#121=FACE_OUTER_BOUND('',#207,.T.);
#122=FACE_OUTER_BOUND('',#208,.T.);
#123=FACE_OUTER_BOUND('',#209,.T.);
#124=FACE_OUTER_BOUND('',#214,.T.);
#125=FACE_OUTER_BOUND('',#215,.T.);
#126=FACE_OUTER_BOUND('',#216,.T.);
#127=FACE_OUTER_BOUND('',#217,.T.);
#128=FACE_OUTER_BOUND('',#218,.T.);
#129=FACE_OUTER_BOUND('',#219,.T.);
#130=FACE_OUTER_BOUND('',#220,.T.);
#131=FACE_OUTER_BOUND('',#221,.T.);
#132=FACE_OUTER_BOUND('',#222,.T.);
#133=FACE_OUTER_BOUND('',#223,.T.);
#134=FACE_OUTER_BOUND('',#224,.T.);
#135=FACE_OUTER_BOUND('',#225,.T.);
#136=FACE_OUTER_BOUND('',#226,.T.);
#137=FACE_OUTER_BOUND('',#227,.T.);
#138=FACE_OUTER_BOUND('',#228,.T.);
#139=FACE_OUTER_BOUND('',#229,.T.);
#140=FACE_OUTER_BOUND('',#230,.T.);
#141=FACE_OUTER_BOUND('',#231,.T.);
#142=FACE_OUTER_BOUND('',#233,.T.);
#143=FACE_OUTER_BOUND('',#234,.T.);
#144=FACE_OUTER_BOUND('',#236,.T.);
#145=FACE_OUTER_BOUND('',#238,.T.);
#146=FACE_OUTER_BOUND('',#240,.T.);
#147=FACE_OUTER_BOUND('',#241,.T.);
#148=FACE_OUTER_BOUND('',#242,.T.);
#149=FACE_OUTER_BOUND('',#243,.T.);
#150=FACE_OUTER_BOUND('',#244,.T.);
#151=FACE_OUTER_BOUND('',#245,.T.);
#152=FACE_OUTER_BOUND('',#246,.T.);
#153=FACE_OUTER_BOUND('',#247,.T.);
#154=FACE_OUTER_BOUND('',#248,.T.);
#155=FACE_OUTER_BOUND('',#250,.T.);
#156=FACE_OUTER_BOUND('',#251,.T.);
#157=FACE_OUTER_BOUND('',#252,.T.);
#158=FACE_OUTER_BOUND('',#253,.T.);
#159=FACE_OUTER_BOUND('',#254,.T.);
#160=FACE_OUTER_BOUND('',#255,.T.);
#161=FACE_OUTER_BOUND('',#257,.T.);
#162=FACE_OUTER_BOUND('',#258,.T.);
#163=FACE_OUTER_BOUND('',#259,.T.);
#164=FACE_OUTER_BOUND('',#260,.T.);
#165=FACE_OUTER_BOUND('',#262,.T.);
#166=FACE_OUTER_BOUND('',#263,.T.);
#167=FACE_OUTER_BOUND('',#264,.T.);
#168=FACE_OUTER_BOUND('',#265,.T.);
#169=FACE_OUTER_BOUND('',#266,.T.);
#170=FACE_OUTER_BOUND('',#268,.T.);
#171=FACE_OUTER_BOUND('',#269,.T.);
#172=FACE_OUTER_BOUND('',#270,.T.);
#173=FACE_OUTER_BOUND('',#271,.T.);
#174=FACE_OUTER_BOUND('',#272,.T.);
#175=FACE_OUTER_BOUND('',#273,.T.);
#176=FACE_OUTER_BOUND('',#274,.T.);
#177=FACE_OUTER_BOUND('',#275,.T.);
#178=FACE_OUTER_BOUND('',#276,.T.);
#179=FACE_OUTER_BOUND('',#277,.T.);
#180=FACE_OUTER_BOUND('',#278,.T.);
#181=FACE_OUTER_BOUND('',#279,.T.);
#182=FACE_OUTER_BOUND('',#280,.T.);
#183=FACE_OUTER_BOUND('',#286,.T.);
#184=FACE_OUTER_BOUND('',#287,.T.);
#185=FACE_OUTER_BOUND('',#288,.T.);
#186=FACE_OUTER_BOUND('',#291,.T.);
#187=FACE_OUTER_BOUND('',#292,.T.);
#188=FACE_OUTER_BOUND('',#298,.T.);
#189=FACE_OUTER_BOUND('',#300,.T.);
#190=EDGE_LOOP('',(#1164,#1165,#1166,#1167));
#191=EDGE_LOOP('',(#1168,#1169,#1170,#1171,#1172,#1173,#1174,#1175,#1176,
#1177));
#192=EDGE_LOOP('',(#1178,#1179));
#193=EDGE_LOOP('',(#1180,#1181));
#194=EDGE_LOOP('',(#1182,#1183,#1184,#1185,#1186,#1187,#1188,#1189,#1190,
#1191));
#195=EDGE_LOOP('',(#1192,#1193,#1194,#1195));
#196=EDGE_LOOP('',(#1196,#1197,#1198,#1199));
#197=EDGE_LOOP('',(#1200,#1201,#1202,#1203));
#198=EDGE_LOOP('',(#1204,#1205,#1206,#1207,#1208,#1209,#1210,#1211));
#199=EDGE_LOOP('',(#1212,#1213,#1214,#1215,#1216,#1217));
#200=EDGE_LOOP('',(#1218,#1219,#1220,#1221,#1222,#1223,#1224,#1225,#1226,
#1227,#1228,#1229,#1230,#1231));
#201=EDGE_LOOP('',(#1232));
#202=EDGE_LOOP('',(#1233,#1234,#1235,#1236));
#203=EDGE_LOOP('',(#1237,#1238,#1239,#1240,#1241,#1242,#1243,#1244,#1245,
#1246));
#204=EDGE_LOOP('',(#1247,#1248,#1249,#1250,#1251,#1252,#1253,#1254));
#205=EDGE_LOOP('',(#1255,#1256,#1257,#1258));
#206=EDGE_LOOP('',(#1259,#1260,#1261,#1262));
#207=EDGE_LOOP('',(#1263,#1264,#1265,#1266,#1267,#1268,#1269,#1270));
#208=EDGE_LOOP('',(#1271,#1272,#1273,#1274));
#209=EDGE_LOOP('',(#1275,#1276,#1277,#1278,#1279,#1280,#1281,#1282,#1283,
#1284,#1285,#1286,#1287,#1288,#1289,#1290,#1291,#1292));
#210=EDGE_LOOP('',(#1293));
#211=EDGE_LOOP('',(#1294,#1295,#1296,#1297));
#212=EDGE_LOOP('',(#1298));
#213=EDGE_LOOP('',(#1299));
#214=EDGE_LOOP('',(#1300,#1301,#1302,#1303,#1304,#1305,#1306,#1307));
#215=EDGE_LOOP('',(#1308,#1309,#1310,#1311));
#216=EDGE_LOOP('',(#1312,#1313,#1314,#1315));
#217=EDGE_LOOP('',(#1316,#1317,#1318,#1319,#1320,#1321,#1322,#1323,#1324,
#1325,#1326,#1327,#1328,#1329,#1330,#1331,#1332,#1333,#1334,#1335,#1336,
#1337));
#218=EDGE_LOOP('',(#1338,#1339,#1340,#1341,#1342,#1343,#1344,#1345,#1346,
#1347,#1348,#1349,#1350,#1351,#1352,#1353,#1354,#1355,#1356,#1357,#1358,
#1359));
#219=EDGE_LOOP('',(#1360,#1361,#1362,#1363));
#220=EDGE_LOOP('',(#1364,#1365,#1366,#1367,#1368,#1369));
#221=EDGE_LOOP('',(#1370,#1371,#1372,#1373));
#222=EDGE_LOOP('',(#1374,#1375,#1376,#1377));
#223=EDGE_LOOP('',(#1378,#1379,#1380,#1381));
#224=EDGE_LOOP('',(#1382,#1383,#1384,#1385));
#225=EDGE_LOOP('',(#1386,#1387,#1388,#1389));
#226=EDGE_LOOP('',(#1390,#1391,#1392,#1393));
#227=EDGE_LOOP('',(#1394,#1395,#1396,#1397));
#228=EDGE_LOOP('',(#1398,#1399,#1400));
#229=EDGE_LOOP('',(#1401,#1402,#1403,#1404,#1405,#1406));
#230=EDGE_LOOP('',(#1407,#1408,#1409,#1410));
#231=EDGE_LOOP('',(#1411,#1412,#1413));
#232=EDGE_LOOP('',(#1414));
#233=EDGE_LOOP('',(#1415,#1416,#1417,#1418,#1419,#1420,#1421,#1422));
#234=EDGE_LOOP('',(#1423));
#235=EDGE_LOOP('',(#1424));
#236=EDGE_LOOP('',(#1425,#1426,#1427));
#237=EDGE_LOOP('',(#1428));
#238=EDGE_LOOP('',(#1429));
#239=EDGE_LOOP('',(#1430));
#240=EDGE_LOOP('',(#1431,#1432,#1433,#1434,#1435,#1436,#1437,#1438,#1439,
#1440));
#241=EDGE_LOOP('',(#1441,#1442,#1443,#1444,#1445,#1446,#1447,#1448));
#242=EDGE_LOOP('',(#1449,#1450,#1451,#1452));
#243=EDGE_LOOP('',(#1453,#1454,#1455,#1456));
#244=EDGE_LOOP('',(#1457,#1458,#1459,#1460));
#245=EDGE_LOOP('',(#1461,#1462,#1463,#1464,#1465,#1466,#1467,#1468));
#246=EDGE_LOOP('',(#1469,#1470,#1471,#1472,#1473,#1474,#1475,#1476));
#247=EDGE_LOOP('',(#1477,#1478,#1479,#1480,#1481,#1482,#1483,#1484));
#248=EDGE_LOOP('',(#1485,#1486,#1487,#1488));
#249=EDGE_LOOP('',(#1489,#1490,#1491,#1492,#1493,#1494,#1495,#1496));
#250=EDGE_LOOP('',(#1497,#1498,#1499,#1500));
#251=EDGE_LOOP('',(#1501,#1502,#1503,#1504));
#252=EDGE_LOOP('',(#1505,#1506,#1507,#1508,#1509,#1510,#1511,#1512));
#253=EDGE_LOOP('',(#1513,#1514,#1515,#1516));
#254=EDGE_LOOP('',(#1517,#1518,#1519,#1520));
#255=EDGE_LOOP('',(#1521,#1522,#1523,#1524,#1525,#1526));
#256=EDGE_LOOP('',(#1527));
#257=EDGE_LOOP('',(#1528,#1529,#1530,#1531));
#258=EDGE_LOOP('',(#1532,#1533,#1534,#1535,#1536,#1537,#1538,#1539));
#259=EDGE_LOOP('',(#1540,#1541,#1542));
#260=EDGE_LOOP('',(#1543));
#261=EDGE_LOOP('',(#1544));
#262=EDGE_LOOP('',(#1545,#1546,#1547,#1548));
#263=EDGE_LOOP('',(#1549,#1550,#1551,#1552));
#264=EDGE_LOOP('',(#1553,#1554,#1555,#1556));
#265=EDGE_LOOP('',(#1557,#1558,#1559,#1560));
#266=EDGE_LOOP('',(#1561,#1562,#1563,#1564));
#267=EDGE_LOOP('',(#1565));
#268=EDGE_LOOP('',(#1566,#1567,#1568,#1569));
#269=EDGE_LOOP('',(#1570,#1571,#1572,#1573));
#270=EDGE_LOOP('',(#1574,#1575,#1576,#1577));
#271=EDGE_LOOP('',(#1578,#1579,#1580,#1581));
#272=EDGE_LOOP('',(#1582,#1583,#1584,#1585));
#273=EDGE_LOOP('',(#1586,#1587,#1588,#1589,#1590,#1591));
#274=EDGE_LOOP('',(#1592,#1593,#1594,#1595));
#275=EDGE_LOOP('',(#1596,#1597,#1598,#1599));
#276=EDGE_LOOP('',(#1600,#1601,#1602,#1603));
#277=EDGE_LOOP('',(#1604,#1605,#1606,#1607));
#278=EDGE_LOOP('',(#1608,#1609,#1610,#1611));
#279=EDGE_LOOP('',(#1612,#1613,#1614,#1615));
#280=EDGE_LOOP('',(#1616));
#281=EDGE_LOOP('',(#1617));
#282=EDGE_LOOP('',(#1618));
#283=EDGE_LOOP('',(#1619));
#284=EDGE_LOOP('',(#1620));
#285=EDGE_LOOP('',(#1621));
#286=EDGE_LOOP('',(#1622,#1623,#1624,#1625));
#287=EDGE_LOOP('',(#1626,#1627,#1628,#1629));
#288=EDGE_LOOP('',(#1630,#1631,#1632,#1633));
#289=EDGE_LOOP('',(#1634));
#290=EDGE_LOOP('',(#1635));
#291=EDGE_LOOP('',(#1636,#1637,#1638,#1639));
#292=EDGE_LOOP('',(#1640,#1641,#1642,#1643));
#293=EDGE_LOOP('',(#1644));
#294=EDGE_LOOP('',(#1645));
#295=EDGE_LOOP('',(#1646));
#296=EDGE_LOOP('',(#1647));
#297=EDGE_LOOP('',(#1648));
#298=EDGE_LOOP('',(#1649,#1650,#1651,#1652,#1653,#1654,#1655,#1656));
#299=EDGE_LOOP('',(#1657));
#300=EDGE_LOOP('',(#1658,#1659,#1660,#1661));
#301=LINE('',#2388,#500);
#302=LINE('',#2393,#501);
#303=LINE('',#2397,#502);
#304=LINE('',#2401,#503);
#305=LINE('',#2405,#504);
#306=LINE('',#2409,#505);
#307=LINE('',#2412,#506);
#308=LINE('',#2416,#507);
#309=LINE('',#2421,#508);
#310=LINE('',#2425,#509);
#311=LINE('',#2428,#510);
#312=LINE('',#2430,#511);
#313=LINE('',#2434,#512);
#314=LINE('',#2440,#513);
#315=LINE('',#2444,#514);
#316=LINE('',#2446,#515);
#317=LINE('',#2447,#516);
#318=LINE('',#2450,#517);
#319=LINE('',#2451,#518);
#320=LINE('',#2454,#519);
#321=LINE('',#2455,#520);
#322=LINE('',#2457,#521);
#323=LINE('',#2459,#522);
#324=LINE('',#2461,#523);
#325=LINE('',#2462,#524);
#326=LINE('',#2464,#525);
#327=LINE('',#2466,#526);
#328=LINE('',#2468,#527);
#329=LINE('',#2469,#528);
#330=LINE('',#2472,#529);
#331=LINE('',#2474,#530);
#332=LINE('',#2476,#531);
#333=LINE('',#2478,#532);
#334=LINE('',#2480,#533);
#335=LINE('',#2482,#534);
#336=LINE('',#2484,#535);
#337=LINE('',#2486,#536);
#338=LINE('',#2488,#537);
#339=LINE('',#2489,#538);
#340=LINE('',#2494,#539);
#341=LINE('',#2496,#540);
#342=LINE('',#2498,#541);
#343=LINE('',#2499,#542);
#344=LINE('',#2502,#543);
#345=LINE('',#2503,#544);
#346=LINE('',#2505,#545);
#347=LINE('',#2507,#546);
#348=LINE('',#2509,#547);
#349=LINE('',#2510,#548);
#350=LINE('',#2515,#549);
#351=LINE('',#2519,#550);
#352=LINE('',#2523,#551);
#353=LINE('',#2529,#552);
#354=LINE('',#2535,#553);
#355=LINE('',#2541,#554);
#356=LINE('',#2545,#555);
#357=LINE('',#2549,#556);
#358=LINE('',#2553,#557);
#359=LINE('',#2555,#558);
#360=LINE('',#2556,#559);
#361=LINE('',#2559,#560);
#362=LINE('',#2561,#561);
#363=LINE('',#2563,#562);
#364=LINE('',#2565,#563);
#365=LINE('',#2567,#564);
#366=LINE('',#2569,#565);
#367=LINE('',#2571,#566);
#368=LINE('',#2573,#567);
#369=LINE('',#2575,#568);
#370=LINE('',#2577,#569);
#371=LINE('',#2579,#570);
#372=LINE('',#2580,#571);
#373=LINE('',#2581,#572);
#374=LINE('',#2585,#573);
#375=LINE('',#2586,#574);
#376=LINE('',#2588,#575);
#377=LINE('',#2590,#576);
#378=LINE('',#2592,#577);
#379=LINE('',#2593,#578);
#380=LINE('',#2594,#579);
#381=LINE('',#2597,#580);
#382=LINE('',#2599,#581);
#383=LINE('',#2600,#582);
#384=LINE('',#2604,#583);
#385=LINE('',#2606,#584);
#386=LINE('',#2608,#585);
#387=LINE('',#2609,#586);
#388=LINE('',#2612,#587);
#389=LINE('',#2614,#588);
#390=LINE('',#2616,#589);
#391=LINE('',#2618,#590);
#392=LINE('',#2620,#591);
#393=LINE('',#2622,#592);
#394=LINE('',#2624,#593);
#395=LINE('',#2626,#594);
#396=LINE('',#2628,#595);
#397=LINE('',#2630,#596);
#398=LINE('',#2631,#597);
#399=LINE('',#2633,#598);
#400=LINE('',#2635,#599);
#401=LINE('',#2637,#600);
#402=LINE('',#2639,#601);
#403=LINE('',#2641,#602);
#404=LINE('',#2643,#603);
#405=LINE('',#2645,#604);
#406=LINE('',#2647,#605);
#407=LINE('',#2648,#606);
#408=LINE('',#2651,#607);
#409=LINE('',#2653,#608);
#410=LINE('',#2655,#609);
#411=LINE('',#2657,#610);
#412=LINE('',#2659,#611);
#413=LINE('',#2661,#612);
#414=LINE('',#2663,#613);
#415=LINE('',#2665,#614);
#416=LINE('',#2667,#615);
#417=LINE('',#2668,#616);
#418=LINE('',#2670,#617);
#419=LINE('',#2672,#618);
#420=LINE('',#2674,#619);
#421=LINE('',#2676,#620);
#422=LINE('',#2678,#621);
#423=LINE('',#2680,#622);
#424=LINE('',#2682,#623);
#425=LINE('',#2684,#624);
#426=LINE('',#2686,#625);
#427=LINE('',#2687,#626);
#428=LINE('',#2689,#627);
#429=LINE('',#2692,#628);
#430=LINE('',#2694,#629);
#431=LINE('',#2695,#630);
#432=LINE('',#2697,#631);
#433=LINE('',#2699,#632);
#434=LINE('',#2701,#633);
#435=LINE('',#2708,#634);
#436=LINE('',#2716,#635);
#437=LINE('',#2719,#636);
#438=LINE('',#2721,#637);
#439=LINE('',#2723,#638);
#440=LINE('',#2724,#639);
#441=LINE('',#2726,#640);
#442=LINE('',#2730,#641);
#443=LINE('',#2731,#642);
#444=LINE('',#2737,#643);
#445=LINE('',#2739,#644);
#446=LINE('',#2740,#645);
#447=LINE('',#2741,#646);
#448=LINE('',#2743,#647);
#449=LINE('',#2745,#648);
#450=LINE('',#2747,#649);
#451=LINE('',#2749,#650);
#452=LINE('',#2750,#651);
#453=LINE('',#2752,#652);
#454=LINE('',#2757,#653);
#455=LINE('',#2759,#654);
#456=LINE('',#2761,#655);
#457=LINE('',#2762,#656);
#458=LINE('',#2765,#657);
#459=LINE('',#2767,#658);
#460=LINE('',#2768,#659);
#461=LINE('',#2769,#660);
#462=LINE('',#2772,#661);
#463=LINE('',#2773,#662);
#464=LINE('',#2775,#663);
#465=LINE('',#2776,#664);
#466=LINE('',#2778,#665);
#467=LINE('',#2779,#666);
#468=LINE('',#2780,#667);
#469=LINE('',#2782,#668);
#470=LINE('',#2783,#669);
#471=LINE('',#2785,#670);
#472=LINE('',#2787,#671);
#473=LINE('',#2788,#672);
#474=LINE('',#2792,#673);
#475=LINE('',#2794,#674);
#476=LINE('',#2797,#675);
#477=LINE('',#2802,#676);
#478=LINE('',#2805,#677);
#479=LINE('',#2806,#678);
#480=LINE('',#2814,#679);
#481=LINE('',#2816,#680);
#482=LINE('',#2818,#681);
#483=LINE('',#2820,#682);
#484=LINE('',#2823,#683);
#485=LINE('',#2826,#684);
#486=LINE('',#2827,#685);
#487=LINE('',#2829,#686);
#488=LINE('',#2832,#687);
#489=LINE('',#2838,#688);
#490=LINE('',#2844,#689);
#491=LINE('',#2850,#690);
#492=LINE('',#2856,#691);
#493=LINE('',#2862,#692);
#494=LINE('',#2868,#693);
#495=LINE('',#2872,#694);
#496=LINE('',#2875,#695);
#497=LINE('',#2877,#696);
#498=LINE('',#2879,#697);
#499=LINE('',#2881,#698);
#500=VECTOR('',#1920,2.5);
#501=VECTOR('',#1925,10.);
#502=VECTOR('',#1928,10.);
#503=VECTOR('',#1931,10.);
#504=VECTOR('',#1934,10.);
#505=VECTOR('',#1937,10.);
#506=VECTOR('',#1942,10.);
#507=VECTOR('',#1945,10.);
#508=VECTOR('',#1950,10.);
#509=VECTOR('',#1953,10.);
#510=VECTOR('',#1956,10.);
#511=VECTOR('',#1957,10.);
#512=VECTOR('',#1960,10.);
#513=VECTOR('',#1967,2.5);
#514=VECTOR('',#1972,10.);
#515=VECTOR('',#1973,10.);
#516=VECTOR('',#1974,10.);
#517=VECTOR('',#1977,10.);
#518=VECTOR('',#1978,10.);
#519=VECTOR('',#1981,10.);
#520=VECTOR('',#1982,10.);
#521=VECTOR('',#1983,10.);
#522=VECTOR('',#1984,10.);
#523=VECTOR('',#1985,10.);
#524=VECTOR('',#1986,10.);
#525=VECTOR('',#1989,10.);
#526=VECTOR('',#1990,10.);
#527=VECTOR('',#1991,10.);
#528=VECTOR('',#1992,10.);
#529=VECTOR('',#1995,10.);
#530=VECTOR('',#1996,10.);
#531=VECTOR('',#1997,10.);
#532=VECTOR('',#1998,10.);
#533=VECTOR('',#1999,10.);
#534=VECTOR('',#2000,10.);
#535=VECTOR('',#2001,10.);
#536=VECTOR('',#2002,10.);
#537=VECTOR('',#2003,10.);
#538=VECTOR('',#2004,10.);
#539=VECTOR('',#2007,10.);
#540=VECTOR('',#2008,10.);
#541=VECTOR('',#2009,10.);
#542=VECTOR('',#2010,10.);
#543=VECTOR('',#2013,10.);
#544=VECTOR('',#2014,10.);
#545=VECTOR('',#2015,10.);
#546=VECTOR('',#2016,10.);
#547=VECTOR('',#2017,10.);
#548=VECTOR('',#2018,10.);
#549=VECTOR('',#2023,1.4);
#550=VECTOR('',#2026,10.);
#551=VECTOR('',#2029,10.);
#552=VECTOR('',#2036,1.4);
#553=VECTOR('',#2043,1.4);
#554=VECTOR('',#2050,1.4);
#555=VECTOR('',#2053,10.);
#556=VECTOR('',#2056,10.);
#557=VECTOR('',#2061,10.);
#558=VECTOR('',#2062,10.);
#559=VECTOR('',#2063,10.);
#560=VECTOR('',#2066,10.);
#561=VECTOR('',#2067,10.);
#562=VECTOR('',#2068,10.);
#563=VECTOR('',#2069,10.);
#564=VECTOR('',#2070,10.);
#565=VECTOR('',#2071,10.);
#566=VECTOR('',#2072,10.);
#567=VECTOR('',#2073,10.);
#568=VECTOR('',#2074,10.);
#569=VECTOR('',#2075,10.);
#570=VECTOR('',#2076,10.);
#571=VECTOR('',#2077,10.);
#572=VECTOR('',#2078,10.);
#573=VECTOR('',#2081,10.);
#574=VECTOR('',#2082,10.);
#575=VECTOR('',#2085,10.);
#576=VECTOR('',#2086,10.);
#577=VECTOR('',#2087,10.);
#578=VECTOR('',#2088,10.);
#579=VECTOR('',#2089,10.);
#580=VECTOR('',#2092,10.);
#581=VECTOR('',#2093,10.);
#582=VECTOR('',#2094,10.);
#583=VECTOR('',#2097,10.);
#584=VECTOR('',#2098,10.);
#585=VECTOR('',#2099,10.);
#586=VECTOR('',#2100,10.);
#587=VECTOR('',#2103,10.);
#588=VECTOR('',#2104,10.);
#589=VECTOR('',#2105,10.);
#590=VECTOR('',#2106,10.);
#591=VECTOR('',#2107,10.);
#592=VECTOR('',#2108,10.);
#593=VECTOR('',#2109,10.);
#594=VECTOR('',#2110,10.);
#595=VECTOR('',#2111,10.);
#596=VECTOR('',#2112,10.);
#597=VECTOR('',#2113,10.);
#598=VECTOR('',#2114,10.);
#599=VECTOR('',#2115,10.);
#600=VECTOR('',#2116,10.);
#601=VECTOR('',#2117,10.);
#602=VECTOR('',#2118,10.);
#603=VECTOR('',#2119,10.);
#604=VECTOR('',#2120,10.);
#605=VECTOR('',#2121,10.);
#606=VECTOR('',#2122,10.);
#607=VECTOR('',#2125,10.);
#608=VECTOR('',#2126,10.);
#609=VECTOR('',#2127,10.);
#610=VECTOR('',#2128,10.);
#611=VECTOR('',#2129,10.);
#612=VECTOR('',#2130,10.);
#613=VECTOR('',#2131,10.);
#614=VECTOR('',#2132,10.);
#615=VECTOR('',#2133,10.);
#616=VECTOR('',#2134,10.);
#617=VECTOR('',#2135,10.);
#618=VECTOR('',#2136,10.);
#619=VECTOR('',#2137,10.);
#620=VECTOR('',#2138,10.);
#621=VECTOR('',#2139,10.);
#622=VECTOR('',#2140,10.);
#623=VECTOR('',#2141,10.);
#624=VECTOR('',#2142,10.);
#625=VECTOR('',#2143,10.);
#626=VECTOR('',#2144,10.);
#627=VECTOR('',#2147,10.);
#628=VECTOR('',#2150,10.);
#629=VECTOR('',#2151,10.);
#630=VECTOR('',#2152,10.);
#631=VECTOR('',#2155,10.);
#632=VECTOR('',#2158,10.);
#633=VECTOR('',#2161,10.);
#634=VECTOR('',#2170,10.);
#635=VECTOR('',#2181,10.);
#636=VECTOR('',#2186,10.);
#637=VECTOR('',#2189,10.);
#638=VECTOR('',#2190,10.);
#639=VECTOR('',#2191,10.);
#640=VECTOR('',#2194,10.);
#641=VECTOR('',#2199,10.);
#642=VECTOR('',#2200,10.);
#643=VECTOR('',#2209,10.);
#644=VECTOR('',#2210,10.);
#645=VECTOR('',#2211,10.);
#646=VECTOR('',#2212,10.);
#647=VECTOR('',#2215,10.);
#648=VECTOR('',#2216,10.);
#649=VECTOR('',#2217,10.);
#650=VECTOR('',#2218,10.);
#651=VECTOR('',#2219,10.);
#652=VECTOR('',#2222,10.);
#653=VECTOR('',#2227,10.);
#654=VECTOR('',#2228,10.);
#655=VECTOR('',#2229,10.);
#656=VECTOR('',#2230,10.);
#657=VECTOR('',#2233,10.);
#658=VECTOR('',#2234,10.);
#659=VECTOR('',#2235,10.);
#660=VECTOR('',#2236,10.);
#661=VECTOR('',#2239,10.);
#662=VECTOR('',#2240,10.);
#663=VECTOR('',#2241,10.);
#664=VECTOR('',#2242,10.);
#665=VECTOR('',#2245,10.);
#666=VECTOR('',#2246,10.);
#667=VECTOR('',#2247,10.);
#668=VECTOR('',#2250,10.);
#669=VECTOR('',#2251,10.);
#670=VECTOR('',#2252,10.);
#671=VECTOR('',#2253,10.);
#672=VECTOR('',#2254,10.);
#673=VECTOR('',#2261,10.);
#674=VECTOR('',#2264,3.25);
#675=VECTOR('',#2269,10.);
#676=VECTOR('',#2274,7.99999999999997);
#677=VECTOR('',#2279,10.);
#678=VECTOR('',#2280,10.);
#679=VECTOR('',#2291,5.15000000000001);
#680=VECTOR('',#2294,10.);
#681=VECTOR('',#2297,10.);
#682=VECTOR('',#2300,10.);
#683=VECTOR('',#2305,10.);
#684=VECTOR('',#2308,10.);
#685=VECTOR('',#2309,10.);
#686=VECTOR('',#2312,10.);
#687=VECTOR('',#2317,10.);
#688=VECTOR('',#2324,1.70000000000002);
#689=VECTOR('',#2331,1.70000000000002);
#690=VECTOR('',#2338,1.70000000000002);
#691=VECTOR('',#2345,1.70000000000002);
#692=VECTOR('',#2352,3.14999999999998);
#693=VECTOR('',#2359,10.4);
#694=VECTOR('',#2366,10.);
#695=VECTOR('',#2371,10.);
#696=VECTOR('',#2374,10.);
#697=VECTOR('',#2377,10.);
#698=VECTOR('',#2380,10.);
#699=CIRCLE('',#1781,2.5);
#700=CIRCLE('',#1782,2.5);
#701=CIRCLE('',#1784,2.5);
#702=CIRCLE('',#1785,2.5);
#703=CIRCLE('',#1786,2.5);
#704=CIRCLE('',#1787,2.5);
#705=CIRCLE('',#1788,2.5);
#706=CIRCLE('',#1791,2.5);
#707=CIRCLE('',#1793,2.5);
#708=CIRCLE('',#1794,2.5);
#709=CIRCLE('',#1795,2.5);
#710=CIRCLE('',#1796,2.5);
#711=CIRCLE('',#1798,2.5);
#712=CIRCLE('',#1799,2.5);
#713=CIRCLE('',#1805,3.25);
#714=CIRCLE('',#1808,1.4);
#715=CIRCLE('',#1809,1.4);
#716=CIRCLE('',#1810,1.4);
#717=CIRCLE('',#1811,1.4);
#718=CIRCLE('',#1813,1.4);
#719=CIRCLE('',#1814,1.4);
#720=CIRCLE('',#1816,1.4);
#721=CIRCLE('',#1817,1.4);
#722=CIRCLE('',#1819,1.4);
#723=CIRCLE('',#1820,1.4);
#724=CIRCLE('',#1821,1.4);
#725=CIRCLE('',#1822,1.4);
#726=CIRCLE('',#1825,3.25);
#727=CIRCLE('',#1837,21.5);
#728=CIRCLE('',#1839,21.5);
#729=CIRCLE('',#1840,21.5);
#730=CIRCLE('',#1842,21.5);
#731=CIRCLE('',#1844,21.5);
#732=CIRCLE('',#1845,21.5);
#733=CIRCLE('',#1869,7.99999999999997);
#734=CIRCLE('',#1871,7.99999999999997);
#735=CIRCLE('',#1875,5.15000000000001);
#736=CIRCLE('',#1877,5.15000000000001);
#737=CIRCLE('',#1889,1.70000000000002);
#738=CIRCLE('',#1890,1.70000000000002);
#739=CIRCLE('',#1892,1.70000000000002);
#740=CIRCLE('',#1893,1.70000000000002);
#741=CIRCLE('',#1895,1.70000000000002);
#742=CIRCLE('',#1896,1.70000000000002);
#743=CIRCLE('',#1898,1.70000000000002);
#744=CIRCLE('',#1899,1.70000000000002);
#745=CIRCLE('',#1901,3.14999999999998);
#746=CIRCLE('',#1902,3.14999999999998);
#747=CIRCLE('',#1904,10.4);
#748=CIRCLE('',#1905,10.4);
#749=VERTEX_POINT('',#2385);
#750=VERTEX_POINT('',#2387);
#751=VERTEX_POINT('',#2391);
#752=VERTEX_POINT('',#2392);
#753=VERTEX_POINT('',#2394);
#754=VERTEX_POINT('',#2396);
#755=VERTEX_POINT('',#2398);
#756=VERTEX_POINT('',#2400);
#757=VERTEX_POINT('',#2402);
#758=VERTEX_POINT('',#2404);
#759=VERTEX_POINT('',#2406);
#760=VERTEX_POINT('',#2408);
#761=VERTEX_POINT('',#2414);
#762=VERTEX_POINT('',#2415);
#763=VERTEX_POINT('',#2419);
#764=VERTEX_POINT('',#2420);
#765=VERTEX_POINT('',#2422);
#766=VERTEX_POINT('',#2424);
#767=VERTEX_POINT('',#2426);
#768=VERTEX_POINT('',#2429);
#769=VERTEX_POINT('',#2431);
#770=VERTEX_POINT('',#2433);
#771=VERTEX_POINT('',#2437);
#772=VERTEX_POINT('',#2439);
#773=VERTEX_POINT('',#2443);
#774=VERTEX_POINT('',#2445);
#775=VERTEX_POINT('',#2449);
#776=VERTEX_POINT('',#2453);
#777=VERTEX_POINT('',#2456);
#778=VERTEX_POINT('',#2458);
#779=VERTEX_POINT('',#2460);
#780=VERTEX_POINT('',#2465);
#781=VERTEX_POINT('',#2467);
#782=VERTEX_POINT('',#2471);
#783=VERTEX_POINT('',#2473);
#784=VERTEX_POINT('',#2475);
#785=VERTEX_POINT('',#2477);
#786=VERTEX_POINT('',#2479);
#787=VERTEX_POINT('',#2481);
#788=VERTEX_POINT('',#2483);
#789=VERTEX_POINT('',#2485);
#790=VERTEX_POINT('',#2487);
#791=VERTEX_POINT('',#2490);
#792=VERTEX_POINT('',#2492);
#793=VERTEX_POINT('',#2493);
#794=VERTEX_POINT('',#2495);
#795=VERTEX_POINT('',#2497);
#796=VERTEX_POINT('',#2501);
#797=VERTEX_POINT('',#2504);
#798=VERTEX_POINT('',#2506);
#799=VERTEX_POINT('',#2508);
#800=VERTEX_POINT('',#2512);
#801=VERTEX_POINT('',#2514);
#802=VERTEX_POINT('',#2516);
#803=VERTEX_POINT('',#2518);
#804=VERTEX_POINT('',#2520);
#805=VERTEX_POINT('',#2522);
#806=VERTEX_POINT('',#2526);
#807=VERTEX_POINT('',#2528);
#808=VERTEX_POINT('',#2532);
#809=VERTEX_POINT('',#2534);
#810=VERTEX_POINT('',#2538);
#811=VERTEX_POINT('',#2540);
#812=VERTEX_POINT('',#2542);
#813=VERTEX_POINT('',#2544);
#814=VERTEX_POINT('',#2546);
#815=VERTEX_POINT('',#2548);
#816=VERTEX_POINT('',#2552);
#817=VERTEX_POINT('',#2554);
#818=VERTEX_POINT('',#2558);
#819=VERTEX_POINT('',#2560);
#820=VERTEX_POINT('',#2562);
#821=VERTEX_POINT('',#2564);
#822=VERTEX_POINT('',#2566);
#823=VERTEX_POINT('',#2568);
#824=VERTEX_POINT('',#2570);
#825=VERTEX_POINT('',#2572);
#826=VERTEX_POINT('',#2574);
#827=VERTEX_POINT('',#2576);
#828=VERTEX_POINT('',#2578);
#829=VERTEX_POINT('',#2582);
#830=VERTEX_POINT('',#2584);
#831=VERTEX_POINT('',#2589);
#832=VERTEX_POINT('',#2591);
#833=VERTEX_POINT('',#2596);
#834=VERTEX_POINT('',#2598);
#835=VERTEX_POINT('',#2602);
#836=VERTEX_POINT('',#2603);
#837=VERTEX_POINT('',#2605);
#838=VERTEX_POINT('',#2607);
#839=VERTEX_POINT('',#2611);
#840=VERTEX_POINT('',#2613);
#841=VERTEX_POINT('',#2615);
#842=VERTEX_POINT('',#2617);
#843=VERTEX_POINT('',#2619);
#844=VERTEX_POINT('',#2621);
#845=VERTEX_POINT('',#2623);
#846=VERTEX_POINT('',#2625);
#847=VERTEX_POINT('',#2627);
#848=VERTEX_POINT('',#2629);
#849=VERTEX_POINT('',#2632);
#850=VERTEX_POINT('',#2634);
#851=VERTEX_POINT('',#2636);
#852=VERTEX_POINT('',#2638);
#853=VERTEX_POINT('',#2640);
#854=VERTEX_POINT('',#2642);
#855=VERTEX_POINT('',#2644);
#856=VERTEX_POINT('',#2646);
#857=VERTEX_POINT('',#2650);
#858=VERTEX_POINT('',#2652);
#859=VERTEX_POINT('',#2654);
#860=VERTEX_POINT('',#2656);
#861=VERTEX_POINT('',#2658);
#862=VERTEX_POINT('',#2660);
#863=VERTEX_POINT('',#2662);
#864=VERTEX_POINT('',#2664);
#865=VERTEX_POINT('',#2666);
#866=VERTEX_POINT('',#2669);
#867=VERTEX_POINT('',#2671);
#868=VERTEX_POINT('',#2673);
#869=VERTEX_POINT('',#2675);
#870=VERTEX_POINT('',#2677);
#871=VERTEX_POINT('',#2679);
#872=VERTEX_POINT('',#2681);
#873=VERTEX_POINT('',#2683);
#874=VERTEX_POINT('',#2685);
#875=VERTEX_POINT('',#2691);
#876=VERTEX_POINT('',#2693);
#877=VERTEX_POINT('',#2705);
#878=VERTEX_POINT('',#2707);
#879=VERTEX_POINT('',#2713);
#880=VERTEX_POINT('',#2715);
#881=VERTEX_POINT('',#2722);
#882=VERTEX_POINT('',#2729);
#883=VERTEX_POINT('',#2736);
#884=VERTEX_POINT('',#2738);
#885=VERTEX_POINT('',#2744);
#886=VERTEX_POINT('',#2746);
#887=VERTEX_POINT('',#2748);
#888=VERTEX_POINT('',#2755);
#889=VERTEX_POINT('',#2756);
#890=VERTEX_POINT('',#2758);
#891=VERTEX_POINT('',#2760);
#892=VERTEX_POINT('',#2764);
#893=VERTEX_POINT('',#2766);
#894=VERTEX_POINT('',#2771);
#895=VERTEX_POINT('',#2774);
#896=VERTEX_POINT('',#2784);
#897=VERTEX_POINT('',#2786);
#898=VERTEX_POINT('',#2798);
#899=VERTEX_POINT('',#2801);
#900=VERTEX_POINT('',#2809);
#901=VERTEX_POINT('',#2812);
#902=VERTEX_POINT('',#2825);
#903=VERTEX_POINT('',#2835);
#904=VERTEX_POINT('',#2837);
#905=VERTEX_POINT('',#2841);
#906=VERTEX_POINT('',#2843);
#907=VERTEX_POINT('',#2847);
#908=VERTEX_POINT('',#2849);
#909=VERTEX_POINT('',#2853);
#910=VERTEX_POINT('',#2855);
#911=VERTEX_POINT('',#2859);
#912=VERTEX_POINT('',#2861);
#913=VERTEX_POINT('',#2865);
#914=VERTEX_POINT('',#2867);
#915=EDGE_CURVE('',#749,#749,#699,.T.);
#916=EDGE_CURVE('',#749,#750,#301,.T.);
#917=EDGE_CURVE('',#750,#750,#700,.T.);
#918=EDGE_CURVE('',#751,#752,#302,.T.);
#919=EDGE_CURVE('',#753,#751,#701,.T.);
#920=EDGE_CURVE('',#754,#753,#303,.T.);
#921=EDGE_CURVE('',#755,#754,#702,.T.);
#922=EDGE_CURVE('',#756,#755,#304,.T.);
#923=EDGE_CURVE('',#757,#756,#703,.T.);
#924=EDGE_CURVE('',#758,#757,#305,.T.);
#925=EDGE_CURVE('',#759,#758,#704,.T.);
#926=EDGE_CURVE('',#760,#759,#306,.T.);
#927=EDGE_CURVE('',#760,#752,#705,.T.);
#928=EDGE_CURVE('',#755,#754,#307,.T.);
#929=EDGE_CURVE('',#761,#762,#308,.T.);
#930=EDGE_CURVE('',#761,#762,#706,.T.);
#931=EDGE_CURVE('',#763,#764,#309,.T.);
#932=EDGE_CURVE('',#765,#763,#707,.T.);
#933=EDGE_CURVE('',#766,#765,#310,.T.);
#934=EDGE_CURVE('',#767,#766,#708,.T.);
#935=EDGE_CURVE('',#762,#767,#311,.T.);
#936=EDGE_CURVE('',#768,#761,#312,.T.);
#937=EDGE_CURVE('',#769,#768,#709,.T.);
#938=EDGE_CURVE('',#770,#769,#313,.T.);
#939=EDGE_CURVE('',#770,#764,#710,.T.);
#940=EDGE_CURVE('',#771,#771,#711,.T.);
#941=EDGE_CURVE('',#771,#772,#314,.T.);
#942=EDGE_CURVE('',#772,#772,#712,.T.);
#943=EDGE_CURVE('',#773,#757,#315,.T.);
#944=EDGE_CURVE('',#773,#774,#316,.T.);
#945=EDGE_CURVE('',#774,#758,#317,.T.);
#946=EDGE_CURVE('',#775,#756,#318,.T.);
#947=EDGE_CURVE('',#775,#773,#319,.T.);
#948=EDGE_CURVE('',#760,#776,#320,.T.);
#949=EDGE_CURVE('',#763,#759,#321,.T.);
#950=EDGE_CURVE('',#764,#777,#322,.T.);
#951=EDGE_CURVE('',#777,#778,#323,.T.);
#952=EDGE_CURVE('',#779,#778,#324,.T.);
#953=EDGE_CURVE('',#776,#779,#325,.T.);
#954=EDGE_CURVE('',#770,#777,#326,.T.);
#955=EDGE_CURVE('',#780,#769,#327,.T.);
#956=EDGE_CURVE('',#780,#781,#328,.T.);
#957=EDGE_CURVE('',#778,#781,#329,.T.);
#958=EDGE_CURVE('',#782,#774,#330,.T.);
#959=EDGE_CURVE('',#782,#783,#331,.T.);
#960=EDGE_CURVE('',#784,#783,#332,.T.);
#961=EDGE_CURVE('',#785,#784,#333,.T.);
#962=EDGE_CURVE('',#785,#786,#334,.T.);
#963=EDGE_CURVE('',#787,#786,#335,.T.);
#964=EDGE_CURVE('',#788,#787,#336,.T.);
#965=EDGE_CURVE('',#788,#789,#337,.T.);
#966=EDGE_CURVE('',#790,#789,#338,.T.);
#967=EDGE_CURVE('',#765,#790,#339,.T.);
#968=EDGE_CURVE('',#791,#791,#713,.T.);
#969=EDGE_CURVE('',#792,#793,#340,.T.);
#970=EDGE_CURVE('',#792,#794,#341,.T.);
#971=EDGE_CURVE('',#794,#795,#342,.T.);
#972=EDGE_CURVE('',#795,#793,#343,.T.);
#973=EDGE_CURVE('',#767,#796,#344,.T.);
#974=EDGE_CURVE('',#796,#789,#345,.T.);
#975=EDGE_CURVE('',#788,#797,#346,.T.);
#976=EDGE_CURVE('',#797,#798,#347,.T.);
#977=EDGE_CURVE('',#799,#798,#348,.T.);
#978=EDGE_CURVE('',#768,#799,#349,.T.);
#979=EDGE_CURVE('',#800,#800,#714,.T.);
#980=EDGE_CURVE('',#800,#801,#350,.T.);
#981=EDGE_CURVE('',#802,#801,#715,.T.);
#982=EDGE_CURVE('',#803,#802,#351,.T.);
#983=EDGE_CURVE('',#804,#803,#716,.T.);
#984=EDGE_CURVE('',#805,#804,#352,.T.);
#985=EDGE_CURVE('',#801,#805,#717,.T.);
#986=EDGE_CURVE('',#806,#806,#718,.T.);
#987=EDGE_CURVE('',#806,#807,#353,.T.);
#988=EDGE_CURVE('',#807,#807,#719,.T.);
#989=EDGE_CURVE('',#808,#808,#720,.T.);
#990=EDGE_CURVE('',#808,#809,#354,.T.);
#991=EDGE_CURVE('',#809,#809,#721,.T.);
#992=EDGE_CURVE('',#810,#810,#722,.T.);
#993=EDGE_CURVE('',#810,#811,#355,.T.);
#994=EDGE_CURVE('',#812,#811,#723,.T.);
#995=EDGE_CURVE('',#813,#812,#356,.T.);
#996=EDGE_CURVE('',#814,#813,#724,.T.);
#997=EDGE_CURVE('',#815,#814,#357,.T.);
#998=EDGE_CURVE('',#811,#815,#725,.T.);
#999=EDGE_CURVE('',#816,#804,#358,.T.);
#1000=EDGE_CURVE('',#816,#817,#359,.T.);
#1001=EDGE_CURVE('',#805,#817,#360,.T.);
#1002=EDGE_CURVE('',#817,#818,#361,.T.);
#1003=EDGE_CURVE('',#818,#819,#362,.T.);
#1004=EDGE_CURVE('',#819,#820,#363,.T.);
#1005=EDGE_CURVE('',#820,#821,#364,.T.);
#1006=EDGE_CURVE('',#821,#822,#365,.T.);
#1007=EDGE_CURVE('',#822,#823,#366,.T.);
#1008=EDGE_CURVE('',#823,#824,#367,.T.);
#1009=EDGE_CURVE('',#824,#825,#368,.T.);
#1010=EDGE_CURVE('',#825,#826,#369,.T.);
#1011=EDGE_CURVE('',#826,#827,#370,.T.);
#1012=EDGE_CURVE('',#827,#828,#371,.T.);
#1013=EDGE_CURVE('',#828,#812,#372,.T.);
#1014=EDGE_CURVE('',#815,#802,#373,.T.);
#1015=EDGE_CURVE('',#829,#829,#726,.T.);
#1016=EDGE_CURVE('',#781,#830,#374,.T.);
#1017=EDGE_CURVE('',#830,#779,#375,.T.);
#1018=EDGE_CURVE('',#821,#793,#376,.T.);
#1019=EDGE_CURVE('',#831,#820,#377,.T.);
#1020=EDGE_CURVE('',#832,#831,#378,.T.);
#1021=EDGE_CURVE('',#825,#832,#379,.T.);
#1022=EDGE_CURVE('',#792,#824,#380,.T.);
#1023=EDGE_CURVE('',#833,#831,#381,.T.);
#1024=EDGE_CURVE('',#834,#833,#382,.T.);
#1025=EDGE_CURVE('',#832,#834,#383,.T.);
#1026=EDGE_CURVE('',#835,#836,#384,.T.);
#1027=EDGE_CURVE('',#836,#837,#385,.T.);
#1028=EDGE_CURVE('',#838,#837,#386,.T.);
#1029=EDGE_CURVE('',#835,#838,#387,.T.);
#1030=EDGE_CURVE('',#835,#839,#388,.T.);
#1031=EDGE_CURVE('',#840,#838,#389,.T.);
#1032=EDGE_CURVE('',#841,#840,#390,.T.);
#1033=EDGE_CURVE('',#841,#842,#391,.T.);
#1034=EDGE_CURVE('',#843,#842,#392,.T.);
#1035=EDGE_CURVE('',#843,#844,#393,.T.);
#1036=EDGE_CURVE('',#845,#844,#394,.T.);
#1037=EDGE_CURVE('',#845,#846,#395,.T.);
#1038=EDGE_CURVE('',#846,#847,#396,.T.);
#1039=EDGE_CURVE('',#847,#848,#397,.T.);
#1040=EDGE_CURVE('',#848,#787,#398,.T.);
#1041=EDGE_CURVE('',#849,#786,#399,.T.);
#1042=EDGE_CURVE('',#849,#850,#400,.T.);
#1043=EDGE_CURVE('',#850,#851,#401,.T.);
#1044=EDGE_CURVE('',#851,#852,#402,.T.);
#1045=EDGE_CURVE('',#852,#853,#403,.T.);
#1046=EDGE_CURVE('',#853,#854,#404,.T.);
#1047=EDGE_CURVE('',#854,#855,#405,.T.);
#1048=EDGE_CURVE('',#855,#856,#406,.T.);
#1049=EDGE_CURVE('',#856,#839,#407,.T.);
#1050=EDGE_CURVE('',#857,#836,#408,.T.);
#1051=EDGE_CURVE('',#858,#857,#409,.T.);
#1052=EDGE_CURVE('',#858,#859,#410,.T.);
#1053=EDGE_CURVE('',#859,#860,#411,.T.);
#1054=EDGE_CURVE('',#860,#861,#412,.T.);
#1055=EDGE_CURVE('',#861,#862,#413,.T.);
#1056=EDGE_CURVE('',#862,#863,#414,.T.);
#1057=EDGE_CURVE('',#863,#864,#415,.T.);
#1058=EDGE_CURVE('',#864,#865,#416,.T.);
#1059=EDGE_CURVE('',#865,#785,#417,.T.);
#1060=EDGE_CURVE('',#784,#866,#418,.T.);
#1061=EDGE_CURVE('',#866,#867,#419,.T.);
#1062=EDGE_CURVE('',#868,#867,#420,.T.);
#1063=EDGE_CURVE('',#868,#869,#421,.T.);
#1064=EDGE_CURVE('',#869,#870,#422,.T.);
#1065=EDGE_CURVE('',#870,#871,#423,.T.);
#1066=EDGE_CURVE('',#871,#872,#424,.T.);
#1067=EDGE_CURVE('',#872,#873,#425,.T.);
#1068=EDGE_CURVE('',#873,#874,#426,.T.);
#1069=EDGE_CURVE('',#837,#874,#427,.T.);
#1070=EDGE_CURVE('',#823,#794,#428,.T.);
#1071=EDGE_CURVE('',#834,#875,#429,.T.);
#1072=EDGE_CURVE('',#876,#875,#430,.T.);
#1073=EDGE_CURVE('',#826,#876,#431,.T.);
#1074=EDGE_CURVE('',#865,#849,#432,.T.);
#1075=EDGE_CURVE('',#839,#857,#433,.T.);
#1076=EDGE_CURVE('',#850,#864,#434,.T.);
#1077=EDGE_CURVE('',#863,#851,#727,.T.);
#1078=EDGE_CURVE('',#877,#853,#728,.T.);
#1079=EDGE_CURVE('',#878,#877,#435,.T.);
#1080=EDGE_CURVE('',#854,#878,#729,.T.);
#1081=EDGE_CURVE('',#852,#862,#730,.T.);
#1082=EDGE_CURVE('',#879,#860,#731,.T.);
#1083=EDGE_CURVE('',#880,#879,#436,.T.);
#1084=EDGE_CURVE('',#861,#880,#732,.T.);
#1085=EDGE_CURVE('',#855,#878,#437,.T.);
#1086=EDGE_CURVE('',#776,#752,#438,.T.);
#1087=EDGE_CURVE('',#881,#830,#439,.T.);
#1088=EDGE_CURVE('',#751,#881,#440,.T.);
#1089=EDGE_CURVE('',#881,#780,#441,.T.);
#1090=EDGE_CURVE('',#799,#882,#442,.T.);
#1091=EDGE_CURVE('',#882,#753,#443,.T.);
#1092=EDGE_CURVE('',#883,#882,#444,.T.);
#1093=EDGE_CURVE('',#883,#884,#445,.T.);
#1094=EDGE_CURVE('',#884,#783,#446,.T.);
#1095=EDGE_CURVE('',#782,#775,#447,.T.);
#1096=EDGE_CURVE('',#803,#814,#448,.T.);
#1097=EDGE_CURVE('',#813,#885,#449,.T.);
#1098=EDGE_CURVE('',#885,#886,#450,.T.);
#1099=EDGE_CURVE('',#887,#886,#451,.T.);
#1100=EDGE_CURVE('',#887,#816,#452,.T.);
#1101=EDGE_CURVE('',#885,#828,#453,.T.);
#1102=EDGE_CURVE('',#888,#889,#454,.T.);
#1103=EDGE_CURVE('',#888,#890,#455,.T.);
#1104=EDGE_CURVE('',#891,#890,#456,.T.);
#1105=EDGE_CURVE('',#889,#891,#457,.T.);
#1106=EDGE_CURVE('',#886,#892,#458,.T.);
#1107=EDGE_CURVE('',#893,#827,#459,.T.);
#1108=EDGE_CURVE('',#890,#893,#460,.T.);
#1109=EDGE_CURVE('',#892,#888,#461,.T.);
#1110=EDGE_CURVE('',#894,#887,#462,.T.);
#1111=EDGE_CURVE('',#889,#894,#463,.T.);
#1112=EDGE_CURVE('',#895,#891,#464,.T.);
#1113=EDGE_CURVE('',#818,#895,#465,.T.);
#1114=EDGE_CURVE('',#842,#894,#466,.T.);
#1115=EDGE_CURVE('',#873,#841,#467,.T.);
#1116=EDGE_CURVE('',#892,#872,#468,.T.);
#1117=EDGE_CURVE('',#874,#840,#469,.T.);
#1118=EDGE_CURVE('',#893,#876,#470,.T.);
#1119=EDGE_CURVE('',#875,#896,#471,.T.);
#1120=EDGE_CURVE('',#896,#897,#472,.T.);
#1121=EDGE_CURVE('',#897,#895,#473,.T.);
#1122=EDGE_CURVE('',#871,#843,#474,.T.);
#1123=EDGE_CURVE('',#791,#829,#475,.T.);
#1124=EDGE_CURVE('',#877,#880,#476,.T.);
#1125=EDGE_CURVE('',#898,#898,#733,.T.);
#1126=EDGE_CURVE('',#898,#899,#477,.T.);
#1127=EDGE_CURVE('',#899,#899,#734,.T.);
#1128=EDGE_CURVE('',#879,#859,#478,.T.);
#1129=EDGE_CURVE('',#856,#858,#479,.T.);
#1130=EDGE_CURVE('',#900,#900,#735,.T.);
#1131=EDGE_CURVE('',#901,#901,#736,.T.);
#1132=EDGE_CURVE('',#901,#900,#480,.T.);
#1133=EDGE_CURVE('',#797,#848,#481,.T.);
#1134=EDGE_CURVE('',#866,#884,#482,.T.);
#1135=EDGE_CURVE('',#798,#847,#483,.T.);
#1136=EDGE_CURVE('',#833,#896,#484,.T.);
#1137=EDGE_CURVE('',#902,#796,#485,.T.);
#1138=EDGE_CURVE('',#902,#790,#486,.T.);
#1139=EDGE_CURVE('',#766,#902,#487,.T.);
#1140=EDGE_CURVE('',#819,#897,#488,.T.);
#1141=EDGE_CURVE('',#903,#903,#737,.T.);
#1142=EDGE_CURVE('',#903,#904,#489,.T.);
#1143=EDGE_CURVE('',#904,#904,#738,.T.);
#1144=EDGE_CURVE('',#905,#905,#739,.T.);
#1145=EDGE_CURVE('',#905,#906,#490,.T.);
#1146=EDGE_CURVE('',#906,#906,#740,.T.);
#1147=EDGE_CURVE('',#907,#907,#741,.T.);
#1148=EDGE_CURVE('',#907,#908,#491,.T.);
#1149=EDGE_CURVE('',#908,#908,#742,.T.);
#1150=EDGE_CURVE('',#909,#909,#743,.T.);
#1151=EDGE_CURVE('',#909,#910,#492,.T.);
#1152=EDGE_CURVE('',#910,#910,#744,.T.);
#1153=EDGE_CURVE('',#911,#911,#745,.T.);
#1154=EDGE_CURVE('',#911,#912,#493,.T.);
#1155=EDGE_CURVE('',#912,#912,#746,.T.);
#1156=EDGE_CURVE('',#913,#913,#747,.T.);
#1157=EDGE_CURVE('',#913,#914,#494,.T.);
#1158=EDGE_CURVE('',#914,#914,#748,.T.);
#1159=EDGE_CURVE('',#822,#795,#495,.T.);
#1160=EDGE_CURVE('',#870,#844,#496,.T.);
#1161=EDGE_CURVE('',#867,#883,#497,.T.);
#1162=EDGE_CURVE('',#869,#845,#498,.T.);
#1163=EDGE_CURVE('',#846,#868,#499,.T.);
#1164=ORIENTED_EDGE('',*,*,#915,.F.);
#1165=ORIENTED_EDGE('',*,*,#916,.T.);
#1166=ORIENTED_EDGE('',*,*,#917,.T.);
#1167=ORIENTED_EDGE('',*,*,#916,.F.);
#1168=ORIENTED_EDGE('',*,*,#918,.F.);
#1169=ORIENTED_EDGE('',*,*,#919,.F.);
#1170=ORIENTED_EDGE('',*,*,#920,.F.);
#1171=ORIENTED_EDGE('',*,*,#921,.F.);
#1172=ORIENTED_EDGE('',*,*,#922,.F.);
#1173=ORIENTED_EDGE('',*,*,#923,.F.);
#1174=ORIENTED_EDGE('',*,*,#924,.F.);
#1175=ORIENTED_EDGE('',*,*,#925,.F.);
#1176=ORIENTED_EDGE('',*,*,#926,.F.);
#1177=ORIENTED_EDGE('',*,*,#927,.T.);
#1178=ORIENTED_EDGE('',*,*,#928,.F.);
#1179=ORIENTED_EDGE('',*,*,#921,.T.);
#1180=ORIENTED_EDGE('',*,*,#929,.F.);
#1181=ORIENTED_EDGE('',*,*,#930,.T.);
#1182=ORIENTED_EDGE('',*,*,#931,.F.);
#1183=ORIENTED_EDGE('',*,*,#932,.F.);
#1184=ORIENTED_EDGE('',*,*,#933,.F.);
#1185=ORIENTED_EDGE('',*,*,#934,.F.);
#1186=ORIENTED_EDGE('',*,*,#935,.F.);
#1187=ORIENTED_EDGE('',*,*,#930,.F.);
#1188=ORIENTED_EDGE('',*,*,#936,.F.);
#1189=ORIENTED_EDGE('',*,*,#937,.F.);
#1190=ORIENTED_EDGE('',*,*,#938,.F.);
#1191=ORIENTED_EDGE('',*,*,#939,.T.);
#1192=ORIENTED_EDGE('',*,*,#940,.F.);
#1193=ORIENTED_EDGE('',*,*,#941,.T.);
#1194=ORIENTED_EDGE('',*,*,#942,.T.);
#1195=ORIENTED_EDGE('',*,*,#941,.F.);
#1196=ORIENTED_EDGE('',*,*,#924,.T.);
#1197=ORIENTED_EDGE('',*,*,#943,.F.);
#1198=ORIENTED_EDGE('',*,*,#944,.T.);
#1199=ORIENTED_EDGE('',*,*,#945,.T.);
#1200=ORIENTED_EDGE('',*,*,#923,.T.);
#1201=ORIENTED_EDGE('',*,*,#946,.F.);
#1202=ORIENTED_EDGE('',*,*,#947,.T.);
#1203=ORIENTED_EDGE('',*,*,#943,.T.);
#1204=ORIENTED_EDGE('',*,*,#948,.F.);
#1205=ORIENTED_EDGE('',*,*,#926,.T.);
#1206=ORIENTED_EDGE('',*,*,#949,.F.);
#1207=ORIENTED_EDGE('',*,*,#931,.T.);
#1208=ORIENTED_EDGE('',*,*,#950,.T.);
#1209=ORIENTED_EDGE('',*,*,#951,.T.);
#1210=ORIENTED_EDGE('',*,*,#952,.F.);
#1211=ORIENTED_EDGE('',*,*,#953,.F.);
#1212=ORIENTED_EDGE('',*,*,#954,.F.);
#1213=ORIENTED_EDGE('',*,*,#938,.T.);
#1214=ORIENTED_EDGE('',*,*,#955,.F.);
#1215=ORIENTED_EDGE('',*,*,#956,.T.);
#1216=ORIENTED_EDGE('',*,*,#957,.F.);
#1217=ORIENTED_EDGE('',*,*,#951,.F.);
#1218=ORIENTED_EDGE('',*,*,#925,.T.);
#1219=ORIENTED_EDGE('',*,*,#945,.F.);
#1220=ORIENTED_EDGE('',*,*,#958,.F.);
#1221=ORIENTED_EDGE('',*,*,#959,.T.);
#1222=ORIENTED_EDGE('',*,*,#960,.F.);
#1223=ORIENTED_EDGE('',*,*,#961,.F.);
#1224=ORIENTED_EDGE('',*,*,#962,.T.);
#1225=ORIENTED_EDGE('',*,*,#963,.F.);
#1226=ORIENTED_EDGE('',*,*,#964,.F.);
#1227=ORIENTED_EDGE('',*,*,#965,.T.);
#1228=ORIENTED_EDGE('',*,*,#966,.F.);
#1229=ORIENTED_EDGE('',*,*,#967,.F.);
#1230=ORIENTED_EDGE('',*,*,#932,.T.);
#1231=ORIENTED_EDGE('',*,*,#949,.T.);
#1232=ORIENTED_EDGE('',*,*,#968,.T.);
#1233=ORIENTED_EDGE('',*,*,#969,.F.);
#1234=ORIENTED_EDGE('',*,*,#970,.T.);
#1235=ORIENTED_EDGE('',*,*,#971,.T.);
#1236=ORIENTED_EDGE('',*,*,#972,.T.);
#1237=ORIENTED_EDGE('',*,*,#936,.T.);
#1238=ORIENTED_EDGE('',*,*,#929,.T.);
#1239=ORIENTED_EDGE('',*,*,#935,.T.);
#1240=ORIENTED_EDGE('',*,*,#973,.T.);
#1241=ORIENTED_EDGE('',*,*,#974,.T.);
#1242=ORIENTED_EDGE('',*,*,#965,.F.);
#1243=ORIENTED_EDGE('',*,*,#975,.T.);
#1244=ORIENTED_EDGE('',*,*,#976,.T.);
#1245=ORIENTED_EDGE('',*,*,#977,.F.);
#1246=ORIENTED_EDGE('',*,*,#978,.F.);
#1247=ORIENTED_EDGE('',*,*,#979,.F.);
#1248=ORIENTED_EDGE('',*,*,#980,.T.);
#1249=ORIENTED_EDGE('',*,*,#981,.F.);
#1250=ORIENTED_EDGE('',*,*,#982,.F.);
#1251=ORIENTED_EDGE('',*,*,#983,.F.);
#1252=ORIENTED_EDGE('',*,*,#984,.F.);
#1253=ORIENTED_EDGE('',*,*,#985,.F.);
#1254=ORIENTED_EDGE('',*,*,#980,.F.);
#1255=ORIENTED_EDGE('',*,*,#986,.F.);
#1256=ORIENTED_EDGE('',*,*,#987,.T.);
#1257=ORIENTED_EDGE('',*,*,#988,.F.);
#1258=ORIENTED_EDGE('',*,*,#987,.F.);
#1259=ORIENTED_EDGE('',*,*,#989,.F.);
#1260=ORIENTED_EDGE('',*,*,#990,.T.);
#1261=ORIENTED_EDGE('',*,*,#991,.F.);
#1262=ORIENTED_EDGE('',*,*,#990,.F.);
#1263=ORIENTED_EDGE('',*,*,#992,.F.);
#1264=ORIENTED_EDGE('',*,*,#993,.T.);
#1265=ORIENTED_EDGE('',*,*,#994,.F.);
#1266=ORIENTED_EDGE('',*,*,#995,.F.);
#1267=ORIENTED_EDGE('',*,*,#996,.F.);
#1268=ORIENTED_EDGE('',*,*,#997,.F.);
#1269=ORIENTED_EDGE('',*,*,#998,.F.);
#1270=ORIENTED_EDGE('',*,*,#993,.F.);
#1271=ORIENTED_EDGE('',*,*,#984,.T.);
#1272=ORIENTED_EDGE('',*,*,#999,.F.);
#1273=ORIENTED_EDGE('',*,*,#1000,.T.);
#1274=ORIENTED_EDGE('',*,*,#1001,.F.);
#1275=ORIENTED_EDGE('',*,*,#981,.T.);
#1276=ORIENTED_EDGE('',*,*,#985,.T.);
#1277=ORIENTED_EDGE('',*,*,#1001,.T.);
#1278=ORIENTED_EDGE('',*,*,#1002,.T.);
#1279=ORIENTED_EDGE('',*,*,#1003,.T.);
#1280=ORIENTED_EDGE('',*,*,#1004,.T.);
#1281=ORIENTED_EDGE('',*,*,#1005,.T.);
#1282=ORIENTED_EDGE('',*,*,#1006,.T.);
#1283=ORIENTED_EDGE('',*,*,#1007,.T.);
#1284=ORIENTED_EDGE('',*,*,#1008,.T.);
#1285=ORIENTED_EDGE('',*,*,#1009,.T.);
#1286=ORIENTED_EDGE('',*,*,#1010,.T.);
#1287=ORIENTED_EDGE('',*,*,#1011,.T.);
#1288=ORIENTED_EDGE('',*,*,#1012,.T.);
#1289=ORIENTED_EDGE('',*,*,#1013,.T.);
#1290=ORIENTED_EDGE('',*,*,#994,.T.);
#1291=ORIENTED_EDGE('',*,*,#998,.T.);
#1292=ORIENTED_EDGE('',*,*,#1014,.T.);
#1293=ORIENTED_EDGE('',*,*,#1015,.T.);
#1294=ORIENTED_EDGE('',*,*,#957,.T.);
#1295=ORIENTED_EDGE('',*,*,#1016,.T.);
#1296=ORIENTED_EDGE('',*,*,#1017,.T.);
#1297=ORIENTED_EDGE('',*,*,#952,.T.);
#1298=ORIENTED_EDGE('',*,*,#991,.T.);
#1299=ORIENTED_EDGE('',*,*,#988,.T.);
#1300=ORIENTED_EDGE('',*,*,#1018,.F.);
#1301=ORIENTED_EDGE('',*,*,#1005,.F.);
#1302=ORIENTED_EDGE('',*,*,#1019,.F.);
#1303=ORIENTED_EDGE('',*,*,#1020,.F.);
#1304=ORIENTED_EDGE('',*,*,#1021,.F.);
#1305=ORIENTED_EDGE('',*,*,#1009,.F.);
#1306=ORIENTED_EDGE('',*,*,#1022,.F.);
#1307=ORIENTED_EDGE('',*,*,#969,.T.);
#1308=ORIENTED_EDGE('',*,*,#1023,.F.);
#1309=ORIENTED_EDGE('',*,*,#1024,.F.);
#1310=ORIENTED_EDGE('',*,*,#1025,.F.);
#1311=ORIENTED_EDGE('',*,*,#1020,.T.);
#1312=ORIENTED_EDGE('',*,*,#1026,.T.);
#1313=ORIENTED_EDGE('',*,*,#1027,.T.);
#1314=ORIENTED_EDGE('',*,*,#1028,.F.);
#1315=ORIENTED_EDGE('',*,*,#1029,.F.);
#1316=ORIENTED_EDGE('',*,*,#1030,.F.);
#1317=ORIENTED_EDGE('',*,*,#1029,.T.);
#1318=ORIENTED_EDGE('',*,*,#1031,.F.);
#1319=ORIENTED_EDGE('',*,*,#1032,.F.);
#1320=ORIENTED_EDGE('',*,*,#1033,.T.);
#1321=ORIENTED_EDGE('',*,*,#1034,.F.);
#1322=ORIENTED_EDGE('',*,*,#1035,.T.);
#1323=ORIENTED_EDGE('',*,*,#1036,.F.);
#1324=ORIENTED_EDGE('',*,*,#1037,.T.);
#1325=ORIENTED_EDGE('',*,*,#1038,.T.);
#1326=ORIENTED_EDGE('',*,*,#1039,.T.);
#1327=ORIENTED_EDGE('',*,*,#1040,.T.);
#1328=ORIENTED_EDGE('',*,*,#963,.T.);
#1329=ORIENTED_EDGE('',*,*,#1041,.F.);
#1330=ORIENTED_EDGE('',*,*,#1042,.T.);
#1331=ORIENTED_EDGE('',*,*,#1043,.T.);
#1332=ORIENTED_EDGE('',*,*,#1044,.T.);
#1333=ORIENTED_EDGE('',*,*,#1045,.T.);
#1334=ORIENTED_EDGE('',*,*,#1046,.T.);
#1335=ORIENTED_EDGE('',*,*,#1047,.T.);
#1336=ORIENTED_EDGE('',*,*,#1048,.T.);
#1337=ORIENTED_EDGE('',*,*,#1049,.T.);
#1338=ORIENTED_EDGE('',*,*,#1050,.F.);
#1339=ORIENTED_EDGE('',*,*,#1051,.F.);
#1340=ORIENTED_EDGE('',*,*,#1052,.T.);
#1341=ORIENTED_EDGE('',*,*,#1053,.T.);
#1342=ORIENTED_EDGE('',*,*,#1054,.T.);
#1343=ORIENTED_EDGE('',*,*,#1055,.T.);
#1344=ORIENTED_EDGE('',*,*,#1056,.T.);
#1345=ORIENTED_EDGE('',*,*,#1057,.T.);
#1346=ORIENTED_EDGE('',*,*,#1058,.T.);
#1347=ORIENTED_EDGE('',*,*,#1059,.T.);
#1348=ORIENTED_EDGE('',*,*,#961,.T.);
#1349=ORIENTED_EDGE('',*,*,#1060,.T.);
#1350=ORIENTED_EDGE('',*,*,#1061,.T.);
#1351=ORIENTED_EDGE('',*,*,#1062,.F.);
#1352=ORIENTED_EDGE('',*,*,#1063,.T.);
#1353=ORIENTED_EDGE('',*,*,#1064,.T.);
#1354=ORIENTED_EDGE('',*,*,#1065,.T.);
#1355=ORIENTED_EDGE('',*,*,#1066,.T.);
#1356=ORIENTED_EDGE('',*,*,#1067,.T.);
#1357=ORIENTED_EDGE('',*,*,#1068,.T.);
#1358=ORIENTED_EDGE('',*,*,#1069,.F.);
#1359=ORIENTED_EDGE('',*,*,#1027,.F.);
#1360=ORIENTED_EDGE('',*,*,#1022,.T.);
#1361=ORIENTED_EDGE('',*,*,#1008,.F.);
#1362=ORIENTED_EDGE('',*,*,#1070,.T.);
#1363=ORIENTED_EDGE('',*,*,#970,.F.);
#1364=ORIENTED_EDGE('',*,*,#1021,.T.);
#1365=ORIENTED_EDGE('',*,*,#1025,.T.);
#1366=ORIENTED_EDGE('',*,*,#1071,.T.);
#1367=ORIENTED_EDGE('',*,*,#1072,.F.);
#1368=ORIENTED_EDGE('',*,*,#1073,.F.);
#1369=ORIENTED_EDGE('',*,*,#1010,.F.);
#1370=ORIENTED_EDGE('',*,*,#962,.F.);
#1371=ORIENTED_EDGE('',*,*,#1059,.F.);
#1372=ORIENTED_EDGE('',*,*,#1074,.T.);
#1373=ORIENTED_EDGE('',*,*,#1041,.T.);
#1374=ORIENTED_EDGE('',*,*,#1075,.T.);
#1375=ORIENTED_EDGE('',*,*,#1050,.T.);
#1376=ORIENTED_EDGE('',*,*,#1026,.F.);
#1377=ORIENTED_EDGE('',*,*,#1030,.T.);
#1378=ORIENTED_EDGE('',*,*,#1076,.F.);
#1379=ORIENTED_EDGE('',*,*,#1042,.F.);
#1380=ORIENTED_EDGE('',*,*,#1074,.F.);
#1381=ORIENTED_EDGE('',*,*,#1058,.F.);
#1382=ORIENTED_EDGE('',*,*,#1076,.T.);
#1383=ORIENTED_EDGE('',*,*,#1057,.F.);
#1384=ORIENTED_EDGE('',*,*,#1077,.T.);
#1385=ORIENTED_EDGE('',*,*,#1043,.F.);
#1386=ORIENTED_EDGE('',*,*,#1046,.F.);
#1387=ORIENTED_EDGE('',*,*,#1078,.F.);
#1388=ORIENTED_EDGE('',*,*,#1079,.F.);
#1389=ORIENTED_EDGE('',*,*,#1080,.F.);
#1390=ORIENTED_EDGE('',*,*,#1056,.F.);
#1391=ORIENTED_EDGE('',*,*,#1081,.F.);
#1392=ORIENTED_EDGE('',*,*,#1044,.F.);
#1393=ORIENTED_EDGE('',*,*,#1077,.F.);
#1394=ORIENTED_EDGE('',*,*,#1054,.F.);
#1395=ORIENTED_EDGE('',*,*,#1082,.F.);
#1396=ORIENTED_EDGE('',*,*,#1083,.F.);
#1397=ORIENTED_EDGE('',*,*,#1084,.F.);
#1398=ORIENTED_EDGE('',*,*,#1080,.T.);
#1399=ORIENTED_EDGE('',*,*,#1085,.F.);
#1400=ORIENTED_EDGE('',*,*,#1047,.F.);
#1401=ORIENTED_EDGE('',*,*,#1086,.F.);
#1402=ORIENTED_EDGE('',*,*,#953,.T.);
#1403=ORIENTED_EDGE('',*,*,#1017,.F.);
#1404=ORIENTED_EDGE('',*,*,#1087,.F.);
#1405=ORIENTED_EDGE('',*,*,#1088,.F.);
#1406=ORIENTED_EDGE('',*,*,#918,.T.);
#1407=ORIENTED_EDGE('',*,*,#1016,.F.);
#1408=ORIENTED_EDGE('',*,*,#956,.F.);
#1409=ORIENTED_EDGE('',*,*,#1089,.F.);
#1410=ORIENTED_EDGE('',*,*,#1087,.T.);
#1411=ORIENTED_EDGE('',*,*,#954,.T.);
#1412=ORIENTED_EDGE('',*,*,#950,.F.);
#1413=ORIENTED_EDGE('',*,*,#939,.F.);
#1414=ORIENTED_EDGE('',*,*,#989,.T.);
#1415=ORIENTED_EDGE('',*,*,#919,.T.);
#1416=ORIENTED_EDGE('',*,*,#1088,.T.);
#1417=ORIENTED_EDGE('',*,*,#1089,.T.);
#1418=ORIENTED_EDGE('',*,*,#955,.T.);
#1419=ORIENTED_EDGE('',*,*,#937,.T.);
#1420=ORIENTED_EDGE('',*,*,#978,.T.);
#1421=ORIENTED_EDGE('',*,*,#1090,.T.);
#1422=ORIENTED_EDGE('',*,*,#1091,.T.);
#1423=ORIENTED_EDGE('',*,*,#917,.F.);
#1424=ORIENTED_EDGE('',*,*,#979,.T.);
#1425=ORIENTED_EDGE('',*,*,#1086,.T.);
#1426=ORIENTED_EDGE('',*,*,#927,.F.);
#1427=ORIENTED_EDGE('',*,*,#948,.T.);
#1428=ORIENTED_EDGE('',*,*,#986,.T.);
#1429=ORIENTED_EDGE('',*,*,#942,.F.);
#1430=ORIENTED_EDGE('',*,*,#992,.T.);
#1431=ORIENTED_EDGE('',*,*,#920,.T.);
#1432=ORIENTED_EDGE('',*,*,#1091,.F.);
#1433=ORIENTED_EDGE('',*,*,#1092,.F.);
#1434=ORIENTED_EDGE('',*,*,#1093,.T.);
#1435=ORIENTED_EDGE('',*,*,#1094,.T.);
#1436=ORIENTED_EDGE('',*,*,#959,.F.);
#1437=ORIENTED_EDGE('',*,*,#1095,.T.);
#1438=ORIENTED_EDGE('',*,*,#946,.T.);
#1439=ORIENTED_EDGE('',*,*,#922,.T.);
#1440=ORIENTED_EDGE('',*,*,#928,.T.);
#1441=ORIENTED_EDGE('',*,*,#983,.T.);
#1442=ORIENTED_EDGE('',*,*,#1096,.T.);
#1443=ORIENTED_EDGE('',*,*,#996,.T.);
#1444=ORIENTED_EDGE('',*,*,#1097,.T.);
#1445=ORIENTED_EDGE('',*,*,#1098,.T.);
#1446=ORIENTED_EDGE('',*,*,#1099,.F.);
#1447=ORIENTED_EDGE('',*,*,#1100,.T.);
#1448=ORIENTED_EDGE('',*,*,#999,.T.);
#1449=ORIENTED_EDGE('',*,*,#995,.T.);
#1450=ORIENTED_EDGE('',*,*,#1013,.F.);
#1451=ORIENTED_EDGE('',*,*,#1101,.F.);
#1452=ORIENTED_EDGE('',*,*,#1097,.F.);
#1453=ORIENTED_EDGE('',*,*,#982,.T.);
#1454=ORIENTED_EDGE('',*,*,#1014,.F.);
#1455=ORIENTED_EDGE('',*,*,#997,.T.);
#1456=ORIENTED_EDGE('',*,*,#1096,.F.);
#1457=ORIENTED_EDGE('',*,*,#1102,.F.);
#1458=ORIENTED_EDGE('',*,*,#1103,.T.);
#1459=ORIENTED_EDGE('',*,*,#1104,.F.);
#1460=ORIENTED_EDGE('',*,*,#1105,.F.);
#1461=ORIENTED_EDGE('',*,*,#1106,.F.);
#1462=ORIENTED_EDGE('',*,*,#1098,.F.);
#1463=ORIENTED_EDGE('',*,*,#1101,.T.);
#1464=ORIENTED_EDGE('',*,*,#1012,.F.);
#1465=ORIENTED_EDGE('',*,*,#1107,.F.);
#1466=ORIENTED_EDGE('',*,*,#1108,.F.);
#1467=ORIENTED_EDGE('',*,*,#1103,.F.);
#1468=ORIENTED_EDGE('',*,*,#1109,.F.);
#1469=ORIENTED_EDGE('',*,*,#1110,.F.);
#1470=ORIENTED_EDGE('',*,*,#1111,.F.);
#1471=ORIENTED_EDGE('',*,*,#1105,.T.);
#1472=ORIENTED_EDGE('',*,*,#1112,.F.);
#1473=ORIENTED_EDGE('',*,*,#1113,.F.);
#1474=ORIENTED_EDGE('',*,*,#1002,.F.);
#1475=ORIENTED_EDGE('',*,*,#1000,.F.);
#1476=ORIENTED_EDGE('',*,*,#1100,.F.);
#1477=ORIENTED_EDGE('',*,*,#1109,.T.);
#1478=ORIENTED_EDGE('',*,*,#1102,.T.);
#1479=ORIENTED_EDGE('',*,*,#1111,.T.);
#1480=ORIENTED_EDGE('',*,*,#1114,.F.);
#1481=ORIENTED_EDGE('',*,*,#1033,.F.);
#1482=ORIENTED_EDGE('',*,*,#1115,.F.);
#1483=ORIENTED_EDGE('',*,*,#1067,.F.);
#1484=ORIENTED_EDGE('',*,*,#1116,.F.);
#1485=ORIENTED_EDGE('',*,*,#1028,.T.);
#1486=ORIENTED_EDGE('',*,*,#1069,.T.);
#1487=ORIENTED_EDGE('',*,*,#1117,.T.);
#1488=ORIENTED_EDGE('',*,*,#1031,.T.);
#1489=ORIENTED_EDGE('',*,*,#1112,.T.);
#1490=ORIENTED_EDGE('',*,*,#1104,.T.);
#1491=ORIENTED_EDGE('',*,*,#1108,.T.);
#1492=ORIENTED_EDGE('',*,*,#1118,.T.);
#1493=ORIENTED_EDGE('',*,*,#1072,.T.);
#1494=ORIENTED_EDGE('',*,*,#1119,.T.);
#1495=ORIENTED_EDGE('',*,*,#1120,.T.);
#1496=ORIENTED_EDGE('',*,*,#1121,.T.);
#1497=ORIENTED_EDGE('',*,*,#1107,.T.);
#1498=ORIENTED_EDGE('',*,*,#1011,.F.);
#1499=ORIENTED_EDGE('',*,*,#1073,.T.);
#1500=ORIENTED_EDGE('',*,*,#1118,.F.);
#1501=ORIENTED_EDGE('',*,*,#1115,.T.);
#1502=ORIENTED_EDGE('',*,*,#1032,.T.);
#1503=ORIENTED_EDGE('',*,*,#1117,.F.);
#1504=ORIENTED_EDGE('',*,*,#1068,.F.);
#1505=ORIENTED_EDGE('',*,*,#1106,.T.);
#1506=ORIENTED_EDGE('',*,*,#1116,.T.);
#1507=ORIENTED_EDGE('',*,*,#1066,.F.);
#1508=ORIENTED_EDGE('',*,*,#1122,.T.);
#1509=ORIENTED_EDGE('',*,*,#1034,.T.);
#1510=ORIENTED_EDGE('',*,*,#1114,.T.);
#1511=ORIENTED_EDGE('',*,*,#1110,.T.);
#1512=ORIENTED_EDGE('',*,*,#1099,.T.);
#1513=ORIENTED_EDGE('',*,*,#968,.F.);
#1514=ORIENTED_EDGE('',*,*,#1123,.T.);
#1515=ORIENTED_EDGE('',*,*,#1015,.F.);
#1516=ORIENTED_EDGE('',*,*,#1123,.F.);
#1517=ORIENTED_EDGE('',*,*,#958,.T.);
#1518=ORIENTED_EDGE('',*,*,#944,.F.);
#1519=ORIENTED_EDGE('',*,*,#947,.F.);
#1520=ORIENTED_EDGE('',*,*,#1095,.F.);
#1521=ORIENTED_EDGE('',*,*,#1124,.F.);
#1522=ORIENTED_EDGE('',*,*,#1078,.T.);
#1523=ORIENTED_EDGE('',*,*,#1045,.F.);
#1524=ORIENTED_EDGE('',*,*,#1081,.T.);
#1525=ORIENTED_EDGE('',*,*,#1055,.F.);
#1526=ORIENTED_EDGE('',*,*,#1084,.T.);
#1527=ORIENTED_EDGE('',*,*,#1125,.T.);
#1528=ORIENTED_EDGE('',*,*,#1125,.F.);
#1529=ORIENTED_EDGE('',*,*,#1126,.T.);
#1530=ORIENTED_EDGE('',*,*,#1127,.F.);
#1531=ORIENTED_EDGE('',*,*,#1126,.F.);
#1532=ORIENTED_EDGE('',*,*,#1083,.T.);
#1533=ORIENTED_EDGE('',*,*,#1128,.T.);
#1534=ORIENTED_EDGE('',*,*,#1052,.F.);
#1535=ORIENTED_EDGE('',*,*,#1129,.F.);
#1536=ORIENTED_EDGE('',*,*,#1048,.F.);
#1537=ORIENTED_EDGE('',*,*,#1085,.T.);
#1538=ORIENTED_EDGE('',*,*,#1079,.T.);
#1539=ORIENTED_EDGE('',*,*,#1124,.T.);
#1540=ORIENTED_EDGE('',*,*,#1082,.T.);
#1541=ORIENTED_EDGE('',*,*,#1053,.F.);
#1542=ORIENTED_EDGE('',*,*,#1128,.F.);
#1543=ORIENTED_EDGE('',*,*,#1127,.T.);
#1544=ORIENTED_EDGE('',*,*,#1130,.T.);
#1545=ORIENTED_EDGE('',*,*,#1131,.F.);
#1546=ORIENTED_EDGE('',*,*,#1132,.T.);
#1547=ORIENTED_EDGE('',*,*,#1130,.F.);
#1548=ORIENTED_EDGE('',*,*,#1132,.F.);
#1549=ORIENTED_EDGE('',*,*,#975,.F.);
#1550=ORIENTED_EDGE('',*,*,#964,.T.);
#1551=ORIENTED_EDGE('',*,*,#1040,.F.);
#1552=ORIENTED_EDGE('',*,*,#1133,.F.);
#1553=ORIENTED_EDGE('',*,*,#1094,.F.);
#1554=ORIENTED_EDGE('',*,*,#1134,.F.);
#1555=ORIENTED_EDGE('',*,*,#1060,.F.);
#1556=ORIENTED_EDGE('',*,*,#960,.T.);
#1557=ORIENTED_EDGE('',*,*,#1133,.T.);
#1558=ORIENTED_EDGE('',*,*,#1039,.F.);
#1559=ORIENTED_EDGE('',*,*,#1135,.F.);
#1560=ORIENTED_EDGE('',*,*,#976,.F.);
#1561=ORIENTED_EDGE('',*,*,#1049,.F.);
#1562=ORIENTED_EDGE('',*,*,#1129,.T.);
#1563=ORIENTED_EDGE('',*,*,#1051,.T.);
#1564=ORIENTED_EDGE('',*,*,#1075,.F.);
#1565=ORIENTED_EDGE('',*,*,#1131,.T.);
#1566=ORIENTED_EDGE('',*,*,#1024,.T.);
#1567=ORIENTED_EDGE('',*,*,#1136,.T.);
#1568=ORIENTED_EDGE('',*,*,#1119,.F.);
#1569=ORIENTED_EDGE('',*,*,#1071,.F.);
#1570=ORIENTED_EDGE('',*,*,#966,.T.);
#1571=ORIENTED_EDGE('',*,*,#974,.F.);
#1572=ORIENTED_EDGE('',*,*,#1137,.F.);
#1573=ORIENTED_EDGE('',*,*,#1138,.T.);
#1574=ORIENTED_EDGE('',*,*,#933,.T.);
#1575=ORIENTED_EDGE('',*,*,#967,.T.);
#1576=ORIENTED_EDGE('',*,*,#1138,.F.);
#1577=ORIENTED_EDGE('',*,*,#1139,.F.);
#1578=ORIENTED_EDGE('',*,*,#934,.T.);
#1579=ORIENTED_EDGE('',*,*,#1139,.T.);
#1580=ORIENTED_EDGE('',*,*,#1137,.T.);
#1581=ORIENTED_EDGE('',*,*,#973,.F.);
#1582=ORIENTED_EDGE('',*,*,#1113,.T.);
#1583=ORIENTED_EDGE('',*,*,#1121,.F.);
#1584=ORIENTED_EDGE('',*,*,#1140,.F.);
#1585=ORIENTED_EDGE('',*,*,#1003,.F.);
#1586=ORIENTED_EDGE('',*,*,#1019,.T.);
#1587=ORIENTED_EDGE('',*,*,#1004,.F.);
#1588=ORIENTED_EDGE('',*,*,#1140,.T.);
#1589=ORIENTED_EDGE('',*,*,#1120,.F.);
#1590=ORIENTED_EDGE('',*,*,#1136,.F.);
#1591=ORIENTED_EDGE('',*,*,#1023,.T.);
#1592=ORIENTED_EDGE('',*,*,#1141,.F.);
#1593=ORIENTED_EDGE('',*,*,#1142,.T.);
#1594=ORIENTED_EDGE('',*,*,#1143,.F.);
#1595=ORIENTED_EDGE('',*,*,#1142,.F.);
#1596=ORIENTED_EDGE('',*,*,#1144,.F.);
#1597=ORIENTED_EDGE('',*,*,#1145,.T.);
#1598=ORIENTED_EDGE('',*,*,#1146,.F.);
#1599=ORIENTED_EDGE('',*,*,#1145,.F.);
#1600=ORIENTED_EDGE('',*,*,#1147,.F.);
#1601=ORIENTED_EDGE('',*,*,#1148,.T.);
#1602=ORIENTED_EDGE('',*,*,#1149,.F.);
#1603=ORIENTED_EDGE('',*,*,#1148,.F.);
#1604=ORIENTED_EDGE('',*,*,#1150,.F.);
#1605=ORIENTED_EDGE('',*,*,#1151,.T.);
#1606=ORIENTED_EDGE('',*,*,#1152,.F.);
#1607=ORIENTED_EDGE('',*,*,#1151,.F.);
#1608=ORIENTED_EDGE('',*,*,#1153,.F.);
#1609=ORIENTED_EDGE('',*,*,#1154,.T.);
#1610=ORIENTED_EDGE('',*,*,#1155,.F.);
#1611=ORIENTED_EDGE('',*,*,#1154,.F.);
#1612=ORIENTED_EDGE('',*,*,#1156,.F.);
#1613=ORIENTED_EDGE('',*,*,#1157,.T.);
#1614=ORIENTED_EDGE('',*,*,#1158,.T.);
#1615=ORIENTED_EDGE('',*,*,#1157,.F.);
#1616=ORIENTED_EDGE('',*,*,#1158,.F.);
#1617=ORIENTED_EDGE('',*,*,#1153,.T.);
#1618=ORIENTED_EDGE('',*,*,#1150,.T.);
#1619=ORIENTED_EDGE('',*,*,#1147,.T.);
#1620=ORIENTED_EDGE('',*,*,#1144,.T.);
#1621=ORIENTED_EDGE('',*,*,#1141,.T.);
#1622=ORIENTED_EDGE('',*,*,#1018,.T.);
#1623=ORIENTED_EDGE('',*,*,#972,.F.);
#1624=ORIENTED_EDGE('',*,*,#1159,.F.);
#1625=ORIENTED_EDGE('',*,*,#1006,.F.);
#1626=ORIENTED_EDGE('',*,*,#1007,.F.);
#1627=ORIENTED_EDGE('',*,*,#1159,.T.);
#1628=ORIENTED_EDGE('',*,*,#971,.F.);
#1629=ORIENTED_EDGE('',*,*,#1070,.F.);
#1630=ORIENTED_EDGE('',*,*,#1160,.T.);
#1631=ORIENTED_EDGE('',*,*,#1035,.F.);
#1632=ORIENTED_EDGE('',*,*,#1122,.F.);
#1633=ORIENTED_EDGE('',*,*,#1065,.F.);
#1634=ORIENTED_EDGE('',*,*,#915,.T.);
#1635=ORIENTED_EDGE('',*,*,#940,.T.);
#1636=ORIENTED_EDGE('',*,*,#1134,.T.);
#1637=ORIENTED_EDGE('',*,*,#1093,.F.);
#1638=ORIENTED_EDGE('',*,*,#1161,.F.);
#1639=ORIENTED_EDGE('',*,*,#1061,.F.);
#1640=ORIENTED_EDGE('',*,*,#1064,.F.);
#1641=ORIENTED_EDGE('',*,*,#1162,.T.);
#1642=ORIENTED_EDGE('',*,*,#1036,.T.);
#1643=ORIENTED_EDGE('',*,*,#1160,.F.);
#1644=ORIENTED_EDGE('',*,*,#1155,.T.);
#1645=ORIENTED_EDGE('',*,*,#1152,.T.);
#1646=ORIENTED_EDGE('',*,*,#1149,.T.);
#1647=ORIENTED_EDGE('',*,*,#1146,.T.);
#1648=ORIENTED_EDGE('',*,*,#1143,.T.);
#1649=ORIENTED_EDGE('',*,*,#1135,.T.);
#1650=ORIENTED_EDGE('',*,*,#1038,.F.);
#1651=ORIENTED_EDGE('',*,*,#1163,.T.);
#1652=ORIENTED_EDGE('',*,*,#1062,.T.);
#1653=ORIENTED_EDGE('',*,*,#1161,.T.);
#1654=ORIENTED_EDGE('',*,*,#1092,.T.);
#1655=ORIENTED_EDGE('',*,*,#1090,.F.);
#1656=ORIENTED_EDGE('',*,*,#977,.T.);
#1657=ORIENTED_EDGE('',*,*,#1156,.T.);
#1658=ORIENTED_EDGE('',*,*,#1163,.F.);
#1659=ORIENTED_EDGE('',*,*,#1037,.F.);
#1660=ORIENTED_EDGE('',*,*,#1162,.F.);
#1661=ORIENTED_EDGE('',*,*,#1063,.F.);
#1662=CYLINDRICAL_SURFACE('',#1780,2.5);
#1663=CYLINDRICAL_SURFACE('',#1783,2.5);
#1664=CYLINDRICAL_SURFACE('',#1792,2.5);
#1665=CYLINDRICAL_SURFACE('',#1797,2.5);
#1666=CYLINDRICAL_SURFACE('',#1807,1.4);
#1667=CYLINDRICAL_SURFACE('',#1812,1.4);
#1668=CYLINDRICAL_SURFACE('',#1815,1.4);
#1669=CYLINDRICAL_SURFACE('',#1818,1.4);
#1670=CYLINDRICAL_SURFACE('',#1838,21.5);
#1671=CYLINDRICAL_SURFACE('',#1841,21.5);
#1672=CYLINDRICAL_SURFACE('',#1843,21.5);
#1673=CYLINDRICAL_SURFACE('',#1866,3.25);
#1674=CYLINDRICAL_SURFACE('',#1870,7.99999999999997);
#1675=CYLINDRICAL_SURFACE('',#1876,5.15000000000001);
#1676=CYLINDRICAL_SURFACE('',#1888,1.70000000000002);
#1677=CYLINDRICAL_SURFACE('',#1891,1.70000000000002);
#1678=CYLINDRICAL_SURFACE('',#1894,1.70000000000002);
#1679=CYLINDRICAL_SURFACE('',#1897,1.70000000000002);
#1680=CYLINDRICAL_SURFACE('',#1900,3.14999999999998);
#1681=CYLINDRICAL_SURFACE('',#1903,10.4);
#1682=ADVANCED_FACE('',(#106),#1662,.F.);
#1683=ADVANCED_FACE('',(#107),#1663,.F.);
#1684=ADVANCED_FACE('',(#108),#42,.T.);
#1685=ADVANCED_FACE('',(#109),#43,.T.);
#1686=ADVANCED_FACE('',(#110),#1664,.F.);
#1687=ADVANCED_FACE('',(#111),#1665,.F.);
#1688=ADVANCED_FACE('',(#112),#44,.F.);
#1689=ADVANCED_FACE('',(#113),#45,.T.);
#1690=ADVANCED_FACE('',(#114),#46,.F.);
#1691=ADVANCED_FACE('',(#115),#47,.F.);
#1692=ADVANCED_FACE('',(#116,#15,#16),#48,.F.);
#1693=ADVANCED_FACE('',(#117),#49,.T.);
#1694=ADVANCED_FACE('',(#118),#1666,.F.);
#1695=ADVANCED_FACE('',(#119),#1667,.F.);
#1696=ADVANCED_FACE('',(#120),#1668,.F.);
#1697=ADVANCED_FACE('',(#121),#1669,.F.);
#1698=ADVANCED_FACE('',(#122),#50,.F.);
#1699=ADVANCED_FACE('',(#123,#17,#18,#19,#20),#51,.F.);
#1700=ADVANCED_FACE('',(#124),#52,.T.);
#1701=ADVANCED_FACE('',(#125),#53,.T.);
#1702=ADVANCED_FACE('',(#126),#54,.T.);
#1703=ADVANCED_FACE('',(#127),#55,.T.);
#1704=ADVANCED_FACE('',(#128),#56,.T.);
#1705=ADVANCED_FACE('',(#129),#57,.F.);
#1706=ADVANCED_FACE('',(#130),#58,.F.);
#1707=ADVANCED_FACE('',(#131),#59,.T.);
#1708=ADVANCED_FACE('',(#132),#60,.T.);
#1709=ADVANCED_FACE('',(#133),#61,.F.);
#1710=ADVANCED_FACE('',(#134),#62,.F.);
#1711=ADVANCED_FACE('',(#135),#1670,.F.);
#1712=ADVANCED_FACE('',(#136),#1671,.F.);
#1713=ADVANCED_FACE('',(#137),#1672,.F.);
#1714=ADVANCED_FACE('',(#138),#63,.F.);
#1715=ADVANCED_FACE('',(#139),#64,.F.);
#1716=ADVANCED_FACE('',(#140),#65,.F.);
#1717=ADVANCED_FACE('',(#141,#21),#66,.F.);
#1718=ADVANCED_FACE('',(#142),#67,.F.);
#1719=ADVANCED_FACE('',(#143,#22),#68,.F.);
#1720=ADVANCED_FACE('',(#144,#23),#69,.F.);
#1721=ADVANCED_FACE('',(#145,#24),#70,.F.);
#1722=ADVANCED_FACE('',(#146),#71,.T.);
#1723=ADVANCED_FACE('',(#147),#72,.T.);
#1724=ADVANCED_FACE('',(#148),#73,.F.);
#1725=ADVANCED_FACE('',(#149),#74,.F.);
#1726=ADVANCED_FACE('',(#150),#75,.F.);
#1727=ADVANCED_FACE('',(#151),#76,.F.);
#1728=ADVANCED_FACE('',(#152),#77,.F.);
#1729=ADVANCED_FACE('',(#153),#78,.F.);
#1730=ADVANCED_FACE('',(#154,#25),#79,.T.);
#1731=ADVANCED_FACE('',(#155),#80,.F.);
#1732=ADVANCED_FACE('',(#156),#81,.T.);
#1733=ADVANCED_FACE('',(#157),#82,.T.);
#1734=ADVANCED_FACE('',(#158),#1673,.F.);
#1735=ADVANCED_FACE('',(#159),#83,.F.);
#1736=ADVANCED_FACE('',(#160,#26),#84,.T.);
#1737=ADVANCED_FACE('',(#161),#1674,.T.);
#1738=ADVANCED_FACE('',(#162),#85,.F.);
#1739=ADVANCED_FACE('',(#163),#86,.F.);
#1740=ADVANCED_FACE('',(#164,#27),#87,.F.);
#1741=ADVANCED_FACE('',(#165),#1675,.F.);
#1742=ADVANCED_FACE('',(#166),#88,.F.);
#1743=ADVANCED_FACE('',(#167),#89,.F.);
#1744=ADVANCED_FACE('',(#168),#90,.F.);
#1745=ADVANCED_FACE('',(#169,#28),#91,.T.);
#1746=ADVANCED_FACE('',(#170),#92,.F.);
#1747=ADVANCED_FACE('',(#171),#93,.F.);
#1748=ADVANCED_FACE('',(#172),#94,.F.);
#1749=ADVANCED_FACE('',(#173),#95,.T.);
#1750=ADVANCED_FACE('',(#174),#96,.F.);
#1751=ADVANCED_FACE('',(#175),#97,.F.);
#1752=ADVANCED_FACE('',(#176),#1676,.F.);
#1753=ADVANCED_FACE('',(#177),#1677,.F.);
#1754=ADVANCED_FACE('',(#178),#1678,.F.);
#1755=ADVANCED_FACE('',(#179),#1679,.F.);
#1756=ADVANCED_FACE('',(#180),#1680,.F.);
#1757=ADVANCED_FACE('',(#181),#1681,.F.);
#1758=ADVANCED_FACE('',(#182,#29,#30,#31,#32,#33),#98,.F.);
#1759=ADVANCED_FACE('',(#183),#99,.F.);
#1760=ADVANCED_FACE('',(#184),#100,.F.);
#1761=ADVANCED_FACE('',(#185,#34,#35),#101,.F.);
#1762=ADVANCED_FACE('',(#186),#102,.F.);
#1763=ADVANCED_FACE('',(#187,#36,#37,#38,#39,#40),#103,.T.);
#1764=ADVANCED_FACE('',(#188,#41),#104,.T.);
#1765=ADVANCED_FACE('',(#189),#105,.F.);
#1766=CLOSED_SHELL('',(#1682,#1683,#1684,#1685,#1686,#1687,#1688,#1689,
#1690,#1691,#1692,#1693,#1694,#1695,#1696,#1697,#1698,#1699,#1700,#1701,
#1702,#1703,#1704,#1705,#1706,#1707,#1708,#1709,#1710,#1711,#1712,#1713,
#1714,#1715,#1716,#1717,#1718,#1719,#1720,#1721,#1722,#1723,#1724,#1725,
#1726,#1727,#1728,#1729,#1730,#1731,#1732,#1733,#1734,#1735,#1736,#1737,
#1738,#1739,#1740,#1741,#1742,#1743,#1744,#1745,#1746,#1747,#1748,#1749,
#1750,#1751,#1752,#1753,#1754,#1755,#1756,#1757,#1758,#1759,#1760,#1761,
#1762,#1763,#1764,#1765));
#1767=DERIVED_UNIT_ELEMENT(#1769,1.);
#1768=DERIVED_UNIT_ELEMENT(#2888,-3.);
#1769=(
MASS_UNIT()
NAMED_UNIT(*)
SI_UNIT(.KILO.,.GRAM.)
);
#1770=DERIVED_UNIT((#1767,#1768));
#1771=MEASURE_REPRESENTATION_ITEM('density measure',
POSITIVE_RATIO_MEASURE(7850.),#1770);
#1772=PROPERTY_DEFINITION_REPRESENTATION(#1777,#1774);
#1773=PROPERTY_DEFINITION_REPRESENTATION(#1778,#1775);
#1774=REPRESENTATION('material name',(#1776),#2885);
#1775=REPRESENTATION('density',(#1771),#2885);
#1776=DESCRIPTIVE_REPRESENTATION_ITEM('\X2\92FC\X0\','\X2\92FC\X0\');
#1777=PROPERTY_DEFINITION('material property','material name',#2895);
#1778=PROPERTY_DEFINITION('material property','density of part',#2895);
#1779=AXIS2_PLACEMENT_3D('',#2383,#1914,#1915);
#1780=AXIS2_PLACEMENT_3D('',#2384,#1916,#1917);
#1781=AXIS2_PLACEMENT_3D('',#2386,#1918,#1919);
#1782=AXIS2_PLACEMENT_3D('',#2389,#1921,#1922);
#1783=AXIS2_PLACEMENT_3D('',#2390,#1923,#1924);
#1784=AXIS2_PLACEMENT_3D('',#2395,#1926,#1927);
#1785=AXIS2_PLACEMENT_3D('',#2399,#1929,#1930);
#1786=AXIS2_PLACEMENT_3D('',#2403,#1932,#1933);
#1787=AXIS2_PLACEMENT_3D('',#2407,#1935,#1936);
#1788=AXIS2_PLACEMENT_3D('',#2410,#1938,#1939);
#1789=AXIS2_PLACEMENT_3D('',#2411,#1940,#1941);
#1790=AXIS2_PLACEMENT_3D('',#2413,#1943,#1944);
#1791=AXIS2_PLACEMENT_3D('',#2417,#1946,#1947);
#1792=AXIS2_PLACEMENT_3D('',#2418,#1948,#1949);
#1793=AXIS2_PLACEMENT_3D('',#2423,#1951,#1952);
#1794=AXIS2_PLACEMENT_3D('',#2427,#1954,#1955);
#1795=AXIS2_PLACEMENT_3D('',#2432,#1958,#1959);
#1796=AXIS2_PLACEMENT_3D('',#2435,#1961,#1962);
#1797=AXIS2_PLACEMENT_3D('',#2436,#1963,#1964);
#1798=AXIS2_PLACEMENT_3D('',#2438,#1965,#1966);
#1799=AXIS2_PLACEMENT_3D('',#2441,#1968,#1969);
#1800=AXIS2_PLACEMENT_3D('',#2442,#1970,#1971);
#1801=AXIS2_PLACEMENT_3D('',#2448,#1975,#1976);
#1802=AXIS2_PLACEMENT_3D('',#2452,#1979,#1980);
#1803=AXIS2_PLACEMENT_3D('',#2463,#1987,#1988);
#1804=AXIS2_PLACEMENT_3D('',#2470,#1993,#1994);
#1805=AXIS2_PLACEMENT_3D('',#2491,#2005,#2006);
#1806=AXIS2_PLACEMENT_3D('',#2500,#2011,#2012);
#1807=AXIS2_PLACEMENT_3D('',#2511,#2019,#2020);
#1808=AXIS2_PLACEMENT_3D('',#2513,#2021,#2022);
#1809=AXIS2_PLACEMENT_3D('',#2517,#2024,#2025);
#1810=AXIS2_PLACEMENT_3D('',#2521,#2027,#2028);
#1811=AXIS2_PLACEMENT_3D('',#2524,#2030,#2031);
#1812=AXIS2_PLACEMENT_3D('',#2525,#2032,#2033);
#1813=AXIS2_PLACEMENT_3D('',#2527,#2034,#2035);
#1814=AXIS2_PLACEMENT_3D('',#2530,#2037,#2038);
#1815=AXIS2_PLACEMENT_3D('',#2531,#2039,#2040);
#1816=AXIS2_PLACEMENT_3D('',#2533,#2041,#2042);
#1817=AXIS2_PLACEMENT_3D('',#2536,#2044,#2045);
#1818=AXIS2_PLACEMENT_3D('',#2537,#2046,#2047);
#1819=AXIS2_PLACEMENT_3D('',#2539,#2048,#2049);
#1820=AXIS2_PLACEMENT_3D('',#2543,#2051,#2052);
#1821=AXIS2_PLACEMENT_3D('',#2547,#2054,#2055);
#1822=AXIS2_PLACEMENT_3D('',#2550,#2057,#2058);
#1823=AXIS2_PLACEMENT_3D('',#2551,#2059,#2060);
#1824=AXIS2_PLACEMENT_3D('',#2557,#2064,#2065);
#1825=AXIS2_PLACEMENT_3D('',#2583,#2079,#2080);
#1826=AXIS2_PLACEMENT_3D('',#2587,#2083,#2084);
#1827=AXIS2_PLACEMENT_3D('',#2595,#2090,#2091);
#1828=AXIS2_PLACEMENT_3D('',#2601,#2095,#2096);
#1829=AXIS2_PLACEMENT_3D('',#2610,#2101,#2102);
#1830=AXIS2_PLACEMENT_3D('',#2649,#2123,#2124);
#1831=AXIS2_PLACEMENT_3D('',#2688,#2145,#2146);
#1832=AXIS2_PLACEMENT_3D('',#2690,#2148,#2149);
#1833=AXIS2_PLACEMENT_3D('',#2696,#2153,#2154);
#1834=AXIS2_PLACEMENT_3D('',#2698,#2156,#2157);
#1835=AXIS2_PLACEMENT_3D('',#2700,#2159,#2160);
#1836=AXIS2_PLACEMENT_3D('',#2702,#2162,#2163);
#1837=AXIS2_PLACEMENT_3D('',#2703,#2164,#2165);
#1838=AXIS2_PLACEMENT_3D('',#2704,#2166,#2167);
#1839=AXIS2_PLACEMENT_3D('',#2706,#2168,#2169);
#1840=AXIS2_PLACEMENT_3D('',#2709,#2171,#2172);
#1841=AXIS2_PLACEMENT_3D('',#2710,#2173,#2174);
#1842=AXIS2_PLACEMENT_3D('',#2711,#2175,#2176);
#1843=AXIS2_PLACEMENT_3D('',#2712,#2177,#2178);
#1844=AXIS2_PLACEMENT_3D('',#2714,#2179,#2180);
#1845=AXIS2_PLACEMENT_3D('',#2717,#2182,#2183);
#1846=AXIS2_PLACEMENT_3D('',#2718,#2184,#2185);
#1847=AXIS2_PLACEMENT_3D('',#2720,#2187,#2188);
#1848=AXIS2_PLACEMENT_3D('',#2725,#2192,#2193);
#1849=AXIS2_PLACEMENT_3D('',#2727,#2195,#2196);
#1850=AXIS2_PLACEMENT_3D('',#2728,#2197,#2198);
#1851=AXIS2_PLACEMENT_3D('',#2732,#2201,#2202);
#1852=AXIS2_PLACEMENT_3D('',#2733,#2203,#2204);
#1853=AXIS2_PLACEMENT_3D('',#2734,#2205,#2206);
#1854=AXIS2_PLACEMENT_3D('',#2735,#2207,#2208);
#1855=AXIS2_PLACEMENT_3D('',#2742,#2213,#2214);
#1856=AXIS2_PLACEMENT_3D('',#2751,#2220,#2221);
#1857=AXIS2_PLACEMENT_3D('',#2753,#2223,#2224);
#1858=AXIS2_PLACEMENT_3D('',#2754,#2225,#2226);
#1859=AXIS2_PLACEMENT_3D('',#2763,#2231,#2232);
#1860=AXIS2_PLACEMENT_3D('',#2770,#2237,#2238);
#1861=AXIS2_PLACEMENT_3D('',#2777,#2243,#2244);
#1862=AXIS2_PLACEMENT_3D('',#2781,#2248,#2249);
#1863=AXIS2_PLACEMENT_3D('',#2789,#2255,#2256);
#1864=AXIS2_PLACEMENT_3D('',#2790,#2257,#2258);
#1865=AXIS2_PLACEMENT_3D('',#2791,#2259,#2260);
#1866=AXIS2_PLACEMENT_3D('',#2793,#2262,#2263);
#1867=AXIS2_PLACEMENT_3D('',#2795,#2265,#2266);
#1868=AXIS2_PLACEMENT_3D('',#2796,#2267,#2268);
#1869=AXIS2_PLACEMENT_3D('',#2799,#2270,#2271);
#1870=AXIS2_PLACEMENT_3D('',#2800,#2272,#2273);
#1871=AXIS2_PLACEMENT_3D('',#2803,#2275,#2276);
#1872=AXIS2_PLACEMENT_3D('',#2804,#2277,#2278);
#1873=AXIS2_PLACEMENT_3D('',#2807,#2281,#2282);
#1874=AXIS2_PLACEMENT_3D('',#2808,#2283,#2284);
#1875=AXIS2_PLACEMENT_3D('',#2810,#2285,#2286);
#1876=AXIS2_PLACEMENT_3D('',#2811,#2287,#2288);
#1877=AXIS2_PLACEMENT_3D('',#2813,#2289,#2290);
#1878=AXIS2_PLACEMENT_3D('',#2815,#2292,#2293);
#1879=AXIS2_PLACEMENT_3D('',#2817,#2295,#2296);
#1880=AXIS2_PLACEMENT_3D('',#2819,#2298,#2299);
#1881=AXIS2_PLACEMENT_3D('',#2821,#2301,#2302);
#1882=AXIS2_PLACEMENT_3D('',#2822,#2303,#2304);
#1883=AXIS2_PLACEMENT_3D('',#2824,#2306,#2307);
#1884=AXIS2_PLACEMENT_3D('',#2828,#2310,#2311);
#1885=AXIS2_PLACEMENT_3D('',#2830,#2313,#2314);
#1886=AXIS2_PLACEMENT_3D('',#2831,#2315,#2316);
#1887=AXIS2_PLACEMENT_3D('',#2833,#2318,#2319);
#1888=AXIS2_PLACEMENT_3D('',#2834,#2320,#2321);
#1889=AXIS2_PLACEMENT_3D('',#2836,#2322,#2323);
#1890=AXIS2_PLACEMENT_3D('',#2839,#2325,#2326);
#1891=AXIS2_PLACEMENT_3D('',#2840,#2327,#2328);
#1892=AXIS2_PLACEMENT_3D('',#2842,#2329,#2330);
#1893=AXIS2_PLACEMENT_3D('',#2845,#2332,#2333);
#1894=AXIS2_PLACEMENT_3D('',#2846,#2334,#2335);
#1895=AXIS2_PLACEMENT_3D('',#2848,#2336,#2337);
#1896=AXIS2_PLACEMENT_3D('',#2851,#2339,#2340);
#1897=AXIS2_PLACEMENT_3D('',#2852,#2341,#2342);
#1898=AXIS2_PLACEMENT_3D('',#2854,#2343,#2344);
#1899=AXIS2_PLACEMENT_3D('',#2857,#2346,#2347);
#1900=AXIS2_PLACEMENT_3D('',#2858,#2348,#2349);
#1901=AXIS2_PLACEMENT_3D('',#2860,#2350,#2351);
#1902=AXIS2_PLACEMENT_3D('',#2863,#2353,#2354);
#1903=AXIS2_PLACEMENT_3D('',#2864,#2355,#2356);
#1904=AXIS2_PLACEMENT_3D('',#2866,#2357,#2358);
#1905=AXIS2_PLACEMENT_3D('',#2869,#2360,#2361);
#1906=AXIS2_PLACEMENT_3D('',#2870,#2362,#2363);
#1907=AXIS2_PLACEMENT_3D('',#2871,#2364,#2365);
#1908=AXIS2_PLACEMENT_3D('',#2873,#2367,#2368);
#1909=AXIS2_PLACEMENT_3D('',#2874,#2369,#2370);
#1910=AXIS2_PLACEMENT_3D('',#2876,#2372,#2373);
#1911=AXIS2_PLACEMENT_3D('',#2878,#2375,#2376);
#1912=AXIS2_PLACEMENT_3D('',#2880,#2378,#2379);
#1913=AXIS2_PLACEMENT_3D('',#2882,#2381,#2382);
#1914=DIRECTION('axis',(0.,0.,1.));
#1915=DIRECTION('refdir',(1.,0.,0.));
#1916=DIRECTION('center_axis',(0.,0.,1.));
#1917=DIRECTION('ref_axis',(1.,0.,0.));
#1918=DIRECTION('center_axis',(0.,0.,1.));
#1919=DIRECTION('ref_axis',(1.,0.,0.));
#1920=DIRECTION('',(0.,0.,1.));
#1921=DIRECTION('center_axis',(0.,0.,1.));
#1922=DIRECTION('ref_axis',(1.,0.,0.));
#1923=DIRECTION('center_axis',(0.,0.,1.));
#1924=DIRECTION('ref_axis',(-0.934846922834953,-0.355051025721682,0.));
#1925=DIRECTION('',(0.,0.,1.));
#1926=DIRECTION('center_axis',(0.,0.,1.));
#1927=DIRECTION('ref_axis',(1.,0.,0.));
#1928=DIRECTION('',(0.,0.,1.));
#1929=DIRECTION('center_axis',(0.,0.,1.));
#1930=DIRECTION('ref_axis',(1.,0.,0.));
#1931=DIRECTION('',(0.,0.,-1.));
#1932=DIRECTION('center_axis',(0.,0.,-1.));
#1933=DIRECTION('ref_axis',(1.,0.,0.));
#1934=DIRECTION('',(0.,0.,-1.));
#1935=DIRECTION('center_axis',(0.,0.,1.));
#1936=DIRECTION('ref_axis',(1.,0.,0.));
#1937=DIRECTION('',(0.,0.,-1.));
#1938=DIRECTION('center_axis',(0.,0.,1.));
#1939=DIRECTION('ref_axis',(1.,0.,0.));
#1940=DIRECTION('center_axis',(0.,0.,1.));
#1941=DIRECTION('ref_axis',(1.,0.,0.));
#1942=DIRECTION('',(1.,0.,0.));
#1943=DIRECTION('center_axis',(0.,0.,1.));
#1944=DIRECTION('ref_axis',(1.,0.,0.));
#1945=DIRECTION('',(-1.,0.,0.));
#1946=DIRECTION('center_axis',(0.,0.,1.));
#1947=DIRECTION('ref_axis',(1.,0.,0.));
#1948=DIRECTION('center_axis',(0.,0.,1.));
#1949=DIRECTION('ref_axis',(-0.934846922834953,0.355051025721682,0.));
#1950=DIRECTION('',(0.,0.,1.));
#1951=DIRECTION('center_axis',(0.,0.,1.));
#1952=DIRECTION('ref_axis',(1.,0.,0.));
#1953=DIRECTION('',(0.,0.,1.));
#1954=DIRECTION('center_axis',(0.,0.,-1.));
#1955=DIRECTION('ref_axis',(1.,0.,0.));
#1956=DIRECTION('',(0.,0.,1.));
#1957=DIRECTION('',(0.,0.,-1.));
#1958=DIRECTION('center_axis',(0.,0.,1.));
#1959=DIRECTION('ref_axis',(1.,0.,0.));
#1960=DIRECTION('',(0.,0.,-1.));
#1961=DIRECTION('center_axis',(0.,0.,1.));
#1962=DIRECTION('ref_axis',(1.,0.,0.));
#1963=DIRECTION('center_axis',(0.,0.,1.));
#1964=DIRECTION('ref_axis',(1.,0.,0.));
#1965=DIRECTION('center_axis',(0.,0.,1.));
#1966=DIRECTION('ref_axis',(1.,0.,0.));
#1967=DIRECTION('',(0.,0.,1.));
#1968=DIRECTION('center_axis',(0.,0.,1.));
#1969=DIRECTION('ref_axis',(1.,0.,0.));
#1970=DIRECTION('center_axis',(0.,-1.,0.));
#1971=DIRECTION('ref_axis',(1.,0.,0.));
#1972=DIRECTION('',(1.,0.,0.));
#1973=DIRECTION('',(0.,0.,1.));
#1974=DIRECTION('',(1.,0.,0.));
#1975=DIRECTION('center_axis',(0.,0.,1.));
#1976=DIRECTION('ref_axis',(1.,0.,0.));
#1977=DIRECTION('',(1.,0.,0.));
#1978=DIRECTION('',(0.,-1.,0.));
#1979=DIRECTION('center_axis',(-1.,0.,0.));
#1980=DIRECTION('ref_axis',(0.,-1.,0.));
#1981=DIRECTION('',(0.,-1.,0.));
#1982=DIRECTION('',(0.,-1.,0.));
#1983=DIRECTION('',(0.,1.,0.));
#1984=DIRECTION('',(0.,0.,1.));
#1985=DIRECTION('',(0.,1.,0.));
#1986=DIRECTION('',(0.,0.,1.));
#1987=DIRECTION('center_axis',(0.,1.,0.));
#1988=DIRECTION('ref_axis',(-1.,0.,0.));
#1989=DIRECTION('',(-1.,0.,0.));
#1990=DIRECTION('',(-1.,0.,0.));
#1991=DIRECTION('',(0.,0.,1.));
#1992=DIRECTION('',(1.,0.,0.));
#1993=DIRECTION('center_axis',(0.,0.,1.));
#1994=DIRECTION('ref_axis',(1.,0.,0.));
#1995=DIRECTION('',(0.,-1.,0.));
#1996=DIRECTION('',(-1.,0.,0.));
#1997=DIRECTION('',(0.,1.,0.));
#1998=DIRECTION('',(1.,0.,0.));
#1999=DIRECTION('',(0.,1.,0.));
#2000=DIRECTION('',(-1.,0.,0.));
#2001=DIRECTION('',(0.,1.,0.));
#2002=DIRECTION('',(1.,0.,0.));
#2003=DIRECTION('',(0.,-1.,0.));
#2004=DIRECTION('',(-1.,0.,0.));
#2005=DIRECTION('center_axis',(0.,0.,1.));
#2006=DIRECTION('ref_axis',(1.,0.,0.));
#2007=DIRECTION('',(0.,1.,0.));
#2008=DIRECTION('',(1.,0.,0.));
#2009=DIRECTION('',(0.,1.,0.));
#2010=DIRECTION('',(-1.,0.,0.));
#2011=DIRECTION('center_axis',(0.,-1.,0.));
#2012=DIRECTION('ref_axis',(1.,0.,0.));
#2013=DIRECTION('',(-1.,0.,0.));
#2014=DIRECTION('',(0.,0.,1.));
#2015=DIRECTION('',(0.,0.,-1.));
#2016=DIRECTION('',(1.,0.,0.));
#2017=DIRECTION('',(0.,0.,-1.));
#2018=DIRECTION('',(1.,0.,0.));
#2019=DIRECTION('center_axis',(0.,0.,1.));
#2020=DIRECTION('ref_axis',(1.,0.,0.));
#2021=DIRECTION('center_axis',(0.,0.,1.));
#2022=DIRECTION('ref_axis',(1.,0.,0.));
#2023=DIRECTION('',(0.,0.,1.));
#2024=DIRECTION('center_axis',(0.,0.,-1.));
#2025=DIRECTION('ref_axis',(1.,0.,0.));
#2026=DIRECTION('',(0.,0.,1.));
#2027=DIRECTION('center_axis',(0.,0.,-1.));
#2028=DIRECTION('ref_axis',(1.,0.,0.));
#2029=DIRECTION('',(0.,0.,-1.));
#2030=DIRECTION('center_axis',(0.,0.,-1.));
#2031=DIRECTION('ref_axis',(1.,0.,0.));
#2032=DIRECTION('center_axis',(0.,0.,1.));
#2033=DIRECTION('ref_axis',(1.,0.,0.));
#2034=DIRECTION('center_axis',(0.,0.,1.));
#2035=DIRECTION('ref_axis',(1.,0.,0.));
#2036=DIRECTION('',(0.,0.,1.));
#2037=DIRECTION('center_axis',(0.,0.,-1.));
#2038=DIRECTION('ref_axis',(1.,0.,0.));
#2039=DIRECTION('center_axis',(0.,0.,1.));
#2040=DIRECTION('ref_axis',(1.,0.,0.));
#2041=DIRECTION('center_axis',(0.,0.,1.));
#2042=DIRECTION('ref_axis',(1.,0.,0.));
#2043=DIRECTION('',(0.,0.,1.));
#2044=DIRECTION('center_axis',(0.,0.,-1.));
#2045=DIRECTION('ref_axis',(1.,0.,0.));
#2046=DIRECTION('center_axis',(0.,0.,1.));
#2047=DIRECTION('ref_axis',(1.,0.,0.));
#2048=DIRECTION('center_axis',(0.,0.,1.));
#2049=DIRECTION('ref_axis',(1.,0.,0.));
#2050=DIRECTION('',(0.,0.,1.));
#2051=DIRECTION('center_axis',(0.,0.,-1.));
#2052=DIRECTION('ref_axis',(1.,0.,0.));
#2053=DIRECTION('',(0.,0.,1.));
#2054=DIRECTION('center_axis',(0.,0.,-1.));
#2055=DIRECTION('ref_axis',(1.,0.,0.));
#2056=DIRECTION('',(0.,0.,-1.));
#2057=DIRECTION('center_axis',(0.,0.,-1.));
#2058=DIRECTION('ref_axis',(1.,0.,0.));
#2059=DIRECTION('center_axis',(-1.,0.,0.));
#2060=DIRECTION('ref_axis',(0.,-1.,0.));
#2061=DIRECTION('',(0.,-1.,0.));
#2062=DIRECTION('',(0.,0.,1.));
#2063=DIRECTION('',(0.,1.,0.));
#2064=DIRECTION('center_axis',(0.,0.,-1.));
#2065=DIRECTION('ref_axis',(-1.,0.,0.));
#2066=DIRECTION('',(1.,0.,0.));
#2067=DIRECTION('',(-1.75529331956546E-16,1.,0.));
#2068=DIRECTION('',(-1.,0.,0.));
#2069=DIRECTION('',(0.,-1.,0.));
#2070=DIRECTION('',(1.,0.,0.));
#2071=DIRECTION('',(0.,-1.,0.));
#2072=DIRECTION('',(-1.,0.,0.));
#2073=DIRECTION('',(0.,-1.,0.));
#2074=DIRECTION('',(1.,0.,0.));
#2075=DIRECTION('',(-1.75529331956546E-16,1.,0.));
#2076=DIRECTION('',(-1.,0.,0.));
#2077=DIRECTION('',(0.,1.,0.));
#2078=DIRECTION('',(0.,1.,0.));
#2079=DIRECTION('center_axis',(0.,0.,-1.));
#2080=DIRECTION('ref_axis',(1.,0.,0.));
#2081=DIRECTION('',(0.,-1.,0.));
#2082=DIRECTION('',(-1.,0.,0.));
#2083=DIRECTION('center_axis',(1.,0.,0.));
#2084=DIRECTION('ref_axis',(0.,1.,0.));
#2085=DIRECTION('',(0.,0.,-1.));
#2086=DIRECTION('',(0.,0.,-1.));
#2087=DIRECTION('',(0.,1.,0.));
#2088=DIRECTION('',(0.,0.,1.));
#2089=DIRECTION('',(0.,0.,1.));
#2090=DIRECTION('center_axis',(0.,0.,1.));
#2091=DIRECTION('ref_axis',(1.,0.,0.));
#2092=DIRECTION('',(1.,0.,0.));
#2093=DIRECTION('',(0.,1.,0.));
#2094=DIRECTION('',(-1.,0.,0.));
#2095=DIRECTION('center_axis',(-1.,0.,0.));
#2096=DIRECTION('ref_axis',(0.,-1.,0.));
#2097=DIRECTION('',(0.,-1.,0.));
#2098=DIRECTION('',(0.,0.,1.));
#2099=DIRECTION('',(0.,-1.,0.));
#2100=DIRECTION('',(0.,0.,1.));
#2101=DIRECTION('center_axis',(0.,1.,0.));
#2102=DIRECTION('ref_axis',(-1.,0.,0.));
#2103=DIRECTION('',(-1.,0.,0.));
#2104=DIRECTION('',(-1.,0.,0.));
#2105=DIRECTION('',(0.,0.,1.));
#2106=DIRECTION('',(-1.,0.,0.));
#2107=DIRECTION('',(0.,0.,1.));
#2108=DIRECTION('',(-1.,0.,0.));
#2109=DIRECTION('',(0.,0.,1.));
#2110=DIRECTION('',(-1.,0.,0.));
#2111=DIRECTION('',(0.,0.,1.));
#2112=DIRECTION('',(-1.,0.,0.));
#2113=DIRECTION('',(0.,0.,1.));
#2114=DIRECTION('',(0.,0.,1.));
#2115=DIRECTION('',(-1.,0.,0.));
#2116=DIRECTION('',(0.,0.,-1.));
#2117=DIRECTION('',(-1.,0.,0.));
#2118=DIRECTION('',(4.37905770101505E-47,0.,-1.));
#2119=DIRECTION('',(1.,0.,0.));
#2120=DIRECTION('',(0.,0.,-1.));
#2121=DIRECTION('',(-1.,0.,0.));
#2122=DIRECTION('',(0.,0.,1.));
#2123=DIRECTION('center_axis',(0.,-1.,0.));
#2124=DIRECTION('ref_axis',(1.,0.,0.));
#2125=DIRECTION('',(1.,0.,0.));
#2126=DIRECTION('',(0.,0.,1.));
#2127=DIRECTION('',(1.,0.,0.));
#2128=DIRECTION('',(0.,0.,1.));
#2129=DIRECTION('',(-1.,0.,0.));
#2130=DIRECTION('',(-4.37905770101505E-47,0.,1.));
#2131=DIRECTION('',(1.,0.,0.));
#2132=DIRECTION('',(0.,0.,1.));
#2133=DIRECTION('',(1.,0.,0.));
#2134=DIRECTION('',(0.,0.,1.));
#2135=DIRECTION('',(0.,0.,-1.));
#2136=DIRECTION('',(1.,0.,0.));
#2137=DIRECTION('',(0.,0.,1.));
#2138=DIRECTION('',(1.,0.,0.));
#2139=DIRECTION('',(0.,0.,1.));
#2140=DIRECTION('',(1.,0.,0.));
#2141=DIRECTION('',(0.,0.,1.));
#2142=DIRECTION('',(1.,0.,0.));
#2143=DIRECTION('',(0.,0.,1.));
#2144=DIRECTION('',(1.,0.,0.));
#2145=DIRECTION('center_axis',(0.,-1.,0.));
#2146=DIRECTION('ref_axis',(-1.,0.,0.));
#2147=DIRECTION('',(0.,0.,-1.));
#2148=DIRECTION('center_axis',(0.,-1.,0.));
#2149=DIRECTION('ref_axis',(1.,0.,0.));
#2150=DIRECTION('',(0.,0.,1.));
#2151=DIRECTION('',(-1.,0.,0.));
#2152=DIRECTION('',(0.,0.,1.));
#2153=DIRECTION('center_axis',(1.,0.,0.));
#2154=DIRECTION('ref_axis',(0.,1.,0.));
#2155=DIRECTION('',(0.,1.,0.));
#2156=DIRECTION('center_axis',(0.,0.,1.));
#2157=DIRECTION('ref_axis',(1.,0.,0.));
#2158=DIRECTION('',(0.,-1.,0.));
#2159=DIRECTION('center_axis',(0.,0.,1.));
#2160=DIRECTION('ref_axis',(1.,0.,0.));
#2161=DIRECTION('',(0.,-1.,0.));
#2162=DIRECTION('center_axis',(-1.,0.,0.));
#2163=DIRECTION('ref_axis',(0.,-1.,0.));
#2164=DIRECTION('center_axis',(-1.,0.,0.));
#2165=DIRECTION('ref_axis',(0.,0.,-1.));
#2166=DIRECTION('center_axis',(1.,0.,0.));
#2167=DIRECTION('ref_axis',(0.,0.,-1.));
#2168=DIRECTION('center_axis',(1.,-4.12724242605423E-46,4.37905770101505E-47));
#2169=DIRECTION('ref_axis',(4.37905770101505E-47,0.,-1.));
#2170=DIRECTION('',(-1.,0.,0.));
#2171=DIRECTION('center_axis',(-1.,0.,0.));
#2172=DIRECTION('ref_axis',(0.,0.,-1.));
#2173=DIRECTION('center_axis',(1.,0.,0.));
#2174=DIRECTION('ref_axis',(0.,-1.22464679914735E-16,1.));
#2175=DIRECTION('center_axis',(1.,-4.12724242605423E-46,4.37905770101505E-47));
#2176=DIRECTION('ref_axis',(4.37905770101505E-47,0.,-1.));
#2177=DIRECTION('center_axis',(1.,0.,0.));
#2178=DIRECTION('ref_axis',(0.,0.,-1.));
#2179=DIRECTION('center_axis',(-1.,0.,0.));
#2180=DIRECTION('ref_axis',(0.,0.,-1.));
#2181=DIRECTION('',(1.,0.,0.));
#2182=DIRECTION('center_axis',(1.,-4.12724242605423E-46,4.37905770101505E-47));
#2183=DIRECTION('ref_axis',(4.37905770101505E-47,0.,-1.));
#2184=DIRECTION('center_axis',(-1.,0.,0.));
#2185=DIRECTION('ref_axis',(0.,-1.,0.));
#2186=DIRECTION('',(0.,-1.,0.));
#2187=DIRECTION('center_axis',(0.,-1.,0.));
#2188=DIRECTION('ref_axis',(1.,0.,0.));
#2189=DIRECTION('',(1.,0.,0.));
#2190=DIRECTION('',(0.,0.,1.));
#2191=DIRECTION('',(1.,0.,0.));
#2192=DIRECTION('center_axis',(1.,0.,0.));
#2193=DIRECTION('ref_axis',(0.,1.,0.));
#2194=DIRECTION('',(0.,1.,0.));
#2195=DIRECTION('center_axis',(0.,0.,1.));
#2196=DIRECTION('ref_axis',(1.,0.,0.));
#2197=DIRECTION('center_axis',(0.,0.,1.));
#2198=DIRECTION('ref_axis',(1.,0.,0.));
#2199=DIRECTION('',(0.,-1.,0.));
#2200=DIRECTION('',(-1.,0.,0.));
#2201=DIRECTION('center_axis',(0.,0.,1.));
#2202=DIRECTION('ref_axis',(1.,0.,0.));
#2203=DIRECTION('center_axis',(0.,0.,1.));
#2204=DIRECTION('ref_axis',(1.,0.,0.));
#2205=DIRECTION('center_axis',(0.,0.,1.));
#2206=DIRECTION('ref_axis',(1.,0.,0.));
#2207=DIRECTION('center_axis',(0.,1.,0.));
#2208=DIRECTION('ref_axis',(-1.,0.,0.));
#2209=DIRECTION('',(0.,0.,1.));
#2210=DIRECTION('',(-1.,0.,0.));
#2211=DIRECTION('',(0.,0.,1.));
#2212=DIRECTION('',(0.,0.,-1.));
#2213=DIRECTION('center_axis',(0.,0.,1.));
#2214=DIRECTION('ref_axis',(1.,0.,0.));
#2215=DIRECTION('',(0.,-1.,0.));
#2216=DIRECTION('',(0.,-1.,0.));
#2217=DIRECTION('',(1.,0.,0.));
#2218=DIRECTION('',(1.42793958151146E-16,-1.,0.));
#2219=DIRECTION('',(-1.,0.,0.));
#2220=DIRECTION('center_axis',(-1.,0.,0.));
#2221=DIRECTION('ref_axis',(0.,-1.,0.));
#2222=DIRECTION('',(0.,0.,1.));
#2223=DIRECTION('center_axis',(-1.,0.,0.));
#2224=DIRECTION('ref_axis',(0.,-1.,0.));
#2225=DIRECTION('center_axis',(1.,0.,0.));
#2226=DIRECTION('ref_axis',(0.,1.,0.));
#2227=DIRECTION('',(0.,1.,0.));
#2228=DIRECTION('',(0.,0.,1.));
#2229=DIRECTION('',(0.,-1.,0.));
#2230=DIRECTION('',(0.,0.,1.));
#2231=DIRECTION('center_axis',(0.,-1.,0.));
#2232=DIRECTION('ref_axis',(1.,0.,0.));
#2233=DIRECTION('',(0.,0.,1.));
#2234=DIRECTION('',(0.,0.,-1.));
#2235=DIRECTION('',(-1.,0.,0.));
#2236=DIRECTION('',(1.,0.,0.));
#2237=DIRECTION('center_axis',(0.,1.,0.));
#2238=DIRECTION('ref_axis',(-1.,0.,0.));
#2239=DIRECTION('',(0.,0.,-1.));
#2240=DIRECTION('',(-1.,0.,0.));
#2241=DIRECTION('',(1.,0.,0.));
#2242=DIRECTION('',(0.,0.,1.));
#2243=DIRECTION('center_axis',(0.,0.,1.));
#2244=DIRECTION('ref_axis',(1.,0.,0.));
#2245=DIRECTION('',(1.42793958151146E-16,-1.,0.));
#2246=DIRECTION('',(0.,1.,0.));
#2247=DIRECTION('',(1.42793958151146E-16,-1.,0.));
#2248=DIRECTION('center_axis',(0.,0.,1.));
#2249=DIRECTION('ref_axis',(1.,0.,0.));
#2250=DIRECTION('',(0.,1.,0.));
#2251=DIRECTION('',(1.75529331956546E-16,-1.,0.));
#2252=DIRECTION('',(0.,1.,0.));
#2253=DIRECTION('',(1.,0.,0.));
#2254=DIRECTION('',(1.75529331956546E-16,-1.,0.));
#2255=DIRECTION('center_axis',(1.,1.75529331956546E-16,0.));
#2256=DIRECTION('ref_axis',(-1.75529331956546E-16,1.,0.));
#2257=DIRECTION('center_axis',(1.,0.,0.));
#2258=DIRECTION('ref_axis',(0.,1.,0.));
#2259=DIRECTION('center_axis',(1.,1.42793958151146E-16,0.));
#2260=DIRECTION('ref_axis',(-1.42793958151146E-16,1.,0.));
#2261=DIRECTION('',(-1.42793958151146E-16,1.,0.));
#2262=DIRECTION('center_axis',(0.,0.,1.));
#2263=DIRECTION('ref_axis',(1.,0.,0.));
#2264=DIRECTION('',(0.,0.,1.));
#2265=DIRECTION('center_axis',(-1.,0.,0.));
#2266=DIRECTION('ref_axis',(0.,-1.,0.));
#2267=DIRECTION('center_axis',(1.,-9.86076131526268E-32,0.));
#2268=DIRECTION('ref_axis',(0.,0.,-1.));
#2269=DIRECTION('',(-4.12724242605423E-46,-1.,0.));
#2270=DIRECTION('center_axis',(-1.,9.86076131526268E-32,0.));
#2271=DIRECTION('ref_axis',(0.,0.,-1.));
#2272=DIRECTION('center_axis',(1.,-8.08259124201856E-32,0.));
#2273=DIRECTION('ref_axis',(0.,0.,-1.));
#2274=DIRECTION('',(1.,-8.08259124201856E-32,0.));
#2275=DIRECTION('center_axis',(1.,0.,0.));
#2276=DIRECTION('ref_axis',(0.,0.,-1.));
#2277=DIRECTION('center_axis',(0.,0.,1.));
#2278=DIRECTION('ref_axis',(1.,0.,0.));
#2279=DIRECTION('',(0.,-1.,0.));
#2280=DIRECTION('',(0.,-1.,0.));
#2281=DIRECTION('center_axis',(-1.,0.,0.));
#2282=DIRECTION('ref_axis',(0.,-1.,0.));
#2283=DIRECTION('center_axis',(-1.,0.,0.));
#2284=DIRECTION('ref_axis',(0.,-1.,0.));
#2285=DIRECTION('center_axis',(-1.,0.,0.));
#2286=DIRECTION('ref_axis',(0.,0.,-1.));
#2287=DIRECTION('center_axis',(1.,-9.94028358393412E-32,0.));
#2288=DIRECTION('ref_axis',(0.,0.,-1.));
#2289=DIRECTION('center_axis',(1.,0.,0.));
#2290=DIRECTION('ref_axis',(0.,0.,-1.));
#2291=DIRECTION('',(1.,-9.94028358393412E-32,0.));
#2292=DIRECTION('center_axis',(1.,0.,0.));
#2293=DIRECTION('ref_axis',(0.,1.,0.));
#2294=DIRECTION('',(0.,1.,0.));
#2295=DIRECTION('center_axis',(1.,0.,0.));
#2296=DIRECTION('ref_axis',(0.,1.,0.));
#2297=DIRECTION('',(0.,1.,0.));
#2298=DIRECTION('center_axis',(0.,0.,1.));
#2299=DIRECTION('ref_axis',(1.,0.,0.));
#2300=DIRECTION('',(0.,1.,0.));
#2301=DIRECTION('center_axis',(-1.,0.,0.));
#2302=DIRECTION('ref_axis',(0.,-1.,0.));
#2303=DIRECTION('center_axis',(-1.,0.,0.));
#2304=DIRECTION('ref_axis',(0.,1.,0.));
#2305=DIRECTION('',(0.,0.,1.));
#2306=DIRECTION('center_axis',(-1.,0.,0.));
#2307=DIRECTION('ref_axis',(0.,-1.,0.));
#2308=DIRECTION('',(0.,-1.,0.));
#2309=DIRECTION('',(0.,0.,1.));
#2310=DIRECTION('center_axis',(0.,1.,0.));
#2311=DIRECTION('ref_axis',(-1.,0.,0.));
#2312=DIRECTION('',(-1.,0.,0.));
#2313=DIRECTION('center_axis',(0.,0.,1.));
#2314=DIRECTION('ref_axis',(1.,0.,0.));
#2315=DIRECTION('center_axis',(1.,1.75529331956546E-16,0.));
#2316=DIRECTION('ref_axis',(-1.75529331956546E-16,1.,0.));
#2317=DIRECTION('',(0.,0.,1.));
#2318=DIRECTION('center_axis',(0.,1.,0.));
#2319=DIRECTION('ref_axis',(-1.,0.,0.));
#2320=DIRECTION('center_axis',(1.,0.,0.));
#2321=DIRECTION('ref_axis',(0.,0.,-1.));
#2322=DIRECTION('center_axis',(1.,0.,0.));
#2323=DIRECTION('ref_axis',(0.,0.,-1.));
#2324=DIRECTION('',(1.,0.,0.));
#2325=DIRECTION('center_axis',(-1.,0.,0.));
#2326=DIRECTION('ref_axis',(0.,0.,-1.));
#2327=DIRECTION('center_axis',(1.,0.,0.));
#2328=DIRECTION('ref_axis',(0.,0.,-1.));
#2329=DIRECTION('center_axis',(1.,0.,0.));
#2330=DIRECTION('ref_axis',(0.,0.,-1.));
#2331=DIRECTION('',(1.,0.,0.));
#2332=DIRECTION('center_axis',(-1.,0.,0.));
#2333=DIRECTION('ref_axis',(0.,0.,-1.));
#2334=DIRECTION('center_axis',(1.,0.,0.));
#2335=DIRECTION('ref_axis',(0.,0.,-1.));
#2336=DIRECTION('center_axis',(1.,0.,0.));
#2337=DIRECTION('ref_axis',(0.,0.,-1.));
#2338=DIRECTION('',(1.,0.,0.));
#2339=DIRECTION('center_axis',(-1.,0.,0.));
#2340=DIRECTION('ref_axis',(0.,0.,-1.));
#2341=DIRECTION('center_axis',(1.,0.,0.));
#2342=DIRECTION('ref_axis',(0.,0.,-1.));
#2343=DIRECTION('center_axis',(1.,0.,0.));
#2344=DIRECTION('ref_axis',(0.,0.,-1.));
#2345=DIRECTION('',(1.,0.,0.));
#2346=DIRECTION('center_axis',(-1.,0.,0.));
#2347=DIRECTION('ref_axis',(0.,0.,-1.));
#2348=DIRECTION('center_axis',(1.,0.,0.));
#2349=DIRECTION('ref_axis',(0.,0.,-1.));
#2350=DIRECTION('center_axis',(1.,0.,0.));
#2351=DIRECTION('ref_axis',(0.,0.,-1.));
#2352=DIRECTION('',(1.,0.,0.));
#2353=DIRECTION('center_axis',(-1.,0.,0.));
#2354=DIRECTION('ref_axis',(0.,0.,-1.));
#2355=DIRECTION('center_axis',(1.,0.,0.));
#2356=DIRECTION('ref_axis',(0.,0.,-1.));
#2357=DIRECTION('center_axis',(1.,0.,0.));
#2358=DIRECTION('ref_axis',(0.,0.,-1.));
#2359=DIRECTION('',(1.,0.,0.));
#2360=DIRECTION('center_axis',(1.,0.,0.));
#2361=DIRECTION('ref_axis',(0.,0.,-1.));
#2362=DIRECTION('center_axis',(1.,0.,0.));
#2363=DIRECTION('ref_axis',(0.,0.,-1.));
#2364=DIRECTION('center_axis',(0.,1.,0.));
#2365=DIRECTION('ref_axis',(1.,0.,0.));
#2366=DIRECTION('',(0.,0.,-1.));
#2367=DIRECTION('center_axis',(1.,0.,0.));
#2368=DIRECTION('ref_axis',(0.,-1.,0.));
#2369=DIRECTION('center_axis',(0.,0.,1.));
#2370=DIRECTION('ref_axis',(1.,0.,0.));
#2371=DIRECTION('',(0.,1.,0.));
#2372=DIRECTION('center_axis',(0.,0.,1.));
#2373=DIRECTION('ref_axis',(1.,0.,0.));
#2374=DIRECTION('',(0.,1.,0.));
#2375=DIRECTION('center_axis',(1.,0.,0.));
#2376=DIRECTION('ref_axis',(0.,1.,0.));
#2377=DIRECTION('',(0.,1.,0.));
#2378=DIRECTION('center_axis',(-1.,0.,0.));
#2379=DIRECTION('ref_axis',(0.,-1.,0.));
#2380=DIRECTION('',(0.,-1.,0.));
#2381=DIRECTION('center_axis',(0.,0.,1.));
#2382=DIRECTION('ref_axis',(1.,0.,0.));
#2383=CARTESIAN_POINT('',(0.,0.,0.));
#2384=CARTESIAN_POINT('Origin',(34.,11.,374.95));
#2385=CARTESIAN_POINT('',(31.5,11.,375.));
#2386=CARTESIAN_POINT('Origin',(34.,11.,375.));
#2387=CARTESIAN_POINT('',(31.5,11.,376.6));
#2388=CARTESIAN_POINT('',(31.5,11.,374.95));
#2389=CARTESIAN_POINT('Origin',(34.,11.,376.6));
#2390=CARTESIAN_POINT('Origin',(9.,-11.,374.95));
#2391=CARTESIAN_POINT('',(11.4494897427832,-11.5,375.));
#2392=CARTESIAN_POINT('',(11.4494897427832,-11.5,376.6));
#2393=CARTESIAN_POINT('',(11.4494897427832,-11.5,374.95));
#2394=CARTESIAN_POINT('',(10.9615045245933,-12.55,375.));
#2395=CARTESIAN_POINT('Origin',(9.,-11.,375.));
#2396=CARTESIAN_POINT('',(10.9615045245933,-12.55,374.95));
#2397=CARTESIAN_POINT('',(10.9615045245933,-12.55,374.95));
#2398=CARTESIAN_POINT('',(7.0384954754067,-12.55,374.95));
#2399=CARTESIAN_POINT('Origin',(9.,-11.,374.95));
#2400=CARTESIAN_POINT('',(7.0384954754067,-12.55,374.99));
#2401=CARTESIAN_POINT('',(7.0384954754067,-12.55,374.95));
#2402=CARTESIAN_POINT('',(8.02020410288673,-13.3,374.99));
#2403=CARTESIAN_POINT('Origin',(9.,-11.,374.99));
#2404=CARTESIAN_POINT('',(8.02020410288673,-13.3,375.));
#2405=CARTESIAN_POINT('',(8.02020410288673,-13.3,374.95));
#2406=CARTESIAN_POINT('',(10.5,-9.,375.));
#2407=CARTESIAN_POINT('Origin',(9.,-11.,375.));
#2408=CARTESIAN_POINT('',(10.5,-9.,376.6));
#2409=CARTESIAN_POINT('',(10.5,-9.,374.95));
#2410=CARTESIAN_POINT('Origin',(9.,-11.,376.6));
#2411=CARTESIAN_POINT('Origin',(9.,-11.,374.95));
#2412=CARTESIAN_POINT('',(14.4,-12.55,374.95));
#2413=CARTESIAN_POINT('Origin',(9.,11.,374.95));
#2414=CARTESIAN_POINT('',(10.9615045245933,12.55,374.95));
#2415=CARTESIAN_POINT('',(7.0384954754067,12.55,374.95));
#2416=CARTESIAN_POINT('',(-4.6,12.55,374.95));
#2417=CARTESIAN_POINT('Origin',(9.,11.,374.95));
#2418=CARTESIAN_POINT('Origin',(9.,11.,374.95));
#2419=CARTESIAN_POINT('',(10.5,9.,375.));
#2420=CARTESIAN_POINT('',(10.5,9.,376.6));
#2421=CARTESIAN_POINT('',(10.5,9.,374.95));
#2422=CARTESIAN_POINT('',(8.02020410288673,13.3,375.));
#2423=CARTESIAN_POINT('Origin',(9.,11.,375.));
#2424=CARTESIAN_POINT('',(8.02020410288673,13.3,374.99));
#2425=CARTESIAN_POINT('',(8.02020410288673,13.3,374.95));
#2426=CARTESIAN_POINT('',(7.0384954754067,12.55,374.99));
#2427=CARTESIAN_POINT('Origin',(9.,11.,374.99));
#2428=CARTESIAN_POINT('',(7.0384954754067,12.55,374.95));
#2429=CARTESIAN_POINT('',(10.9615045245933,12.55,375.));
#2430=CARTESIAN_POINT('',(10.9615045245933,12.55,374.95));
#2431=CARTESIAN_POINT('',(11.4494897427832,11.5,375.));
#2432=CARTESIAN_POINT('Origin',(9.,11.,375.));
#2433=CARTESIAN_POINT('',(11.4494897427832,11.5,376.6));
#2434=CARTESIAN_POINT('',(11.4494897427832,11.5,374.95));
#2435=CARTESIAN_POINT('Origin',(9.,11.,376.6));
#2436=CARTESIAN_POINT('Origin',(34.,-11.,374.95));
#2437=CARTESIAN_POINT('',(31.5,-11.,375.));
#2438=CARTESIAN_POINT('Origin',(34.,-11.,375.));
#2439=CARTESIAN_POINT('',(31.5,-11.,376.6));
#2440=CARTESIAN_POINT('',(31.5,-11.,374.95));
#2441=CARTESIAN_POINT('Origin',(34.,-11.,376.6));
#2442=CARTESIAN_POINT('Origin',(3.2,-13.3,374.99));
#2443=CARTESIAN_POINT('',(3.2,-13.3,374.99));
#2444=CARTESIAN_POINT('',(3.2,-13.3,374.99));
#2445=CARTESIAN_POINT('',(3.2,-13.3,375.));
#2446=CARTESIAN_POINT('',(3.2,-13.3,374.99));
#2447=CARTESIAN_POINT('',(11.3875,-13.3,375.));
#2448=CARTESIAN_POINT('Origin',(6.,-11.,374.99));
#2449=CARTESIAN_POINT('',(3.2,-12.55,374.99));
#2450=CARTESIAN_POINT('',(12.9,-12.55,374.99));
#2451=CARTESIAN_POINT('',(3.2,-8.7,374.99));
#2452=CARTESIAN_POINT('Origin',(10.5,11.5,374.95));
#2453=CARTESIAN_POINT('',(10.5,-11.5,376.6));
#2454=CARTESIAN_POINT('',(10.5,0.249999999999999,376.6));
#2455=CARTESIAN_POINT('',(10.5,5.75,375.));
#2456=CARTESIAN_POINT('',(10.5,11.5,376.6));
#2457=CARTESIAN_POINT('',(10.5,11.25,376.6));
#2458=CARTESIAN_POINT('',(10.5,11.5,379.));
#2459=CARTESIAN_POINT('',(10.5,11.5,374.95));
#2460=CARTESIAN_POINT('',(10.5,-11.5,379.));
#2461=CARTESIAN_POINT('',(10.5,5.75,379.));
#2462=CARTESIAN_POINT('',(10.5,-11.5,374.95));
#2463=CARTESIAN_POINT('Origin',(18.5,11.5,374.95));
#2464=CARTESIAN_POINT('',(13.75,11.5,376.6));
#2465=CARTESIAN_POINT('',(18.5,11.5,375.));
#2466=CARTESIAN_POINT('',(13.7875,11.5,375.));
#2467=CARTESIAN_POINT('',(18.5,11.5,379.));
#2468=CARTESIAN_POINT('',(18.5,11.5,374.95));
#2469=CARTESIAN_POINT('',(13.7875,11.5,379.));
#2470=CARTESIAN_POINT('Origin',(9.075,0.,375.));
#2471=CARTESIAN_POINT('',(3.2,-12.55,375.));
#2472=CARTESIAN_POINT('',(3.2,-4.35,375.));
#2473=CARTESIAN_POINT('',(-18.15,-12.55,375.));
#2474=CARTESIAN_POINT('',(-18.2,-12.55,375.));
#2475=CARTESIAN_POINT('',(-18.15,-15.55,375.));
#2476=CARTESIAN_POINT('',(-18.15,-16.,375.));
#2477=CARTESIAN_POINT('',(-22.2,-15.55,375.));
#2478=CARTESIAN_POINT('',(-0.2,-15.55,375.));
#2479=CARTESIAN_POINT('',(-22.2,15.55,375.));
#2480=CARTESIAN_POINT('',(-22.2,-7.775,375.));
#2481=CARTESIAN_POINT('',(-18.15,15.55,375.));
#2482=CARTESIAN_POINT('',(2.8,15.55,375.));
#2483=CARTESIAN_POINT('',(-18.15,12.55,375.));
#2484=CARTESIAN_POINT('',(-18.15,-16.,375.));
#2485=CARTESIAN_POINT('',(3.2,12.55,375.));
#2486=CARTESIAN_POINT('',(19.8,12.55,375.));
#2487=CARTESIAN_POINT('',(3.2,13.3,375.));
#2488=CARTESIAN_POINT('',(3.2,6.65,375.));
#2489=CARTESIAN_POINT('',(14.1875,13.3,375.));
#2490=CARTESIAN_POINT('',(-3.25,-3.9801020972289E-16,375.));
#2491=CARTESIAN_POINT('Origin',(0.,0.,375.));
#2492=CARTESIAN_POINT('',(-15.,-8.,375.));
#2493=CARTESIAN_POINT('',(-15.,8.,375.));
#2494=CARTESIAN_POINT('',(-15.,-15.55,375.));
#2495=CARTESIAN_POINT('',(-12.,-8.,375.));
#2496=CARTESIAN_POINT('',(-1.4625,-8.,375.));
#2497=CARTESIAN_POINT('',(-12.,8.,375.));
#2498=CARTESIAN_POINT('',(-12.,4.,375.));
#2499=CARTESIAN_POINT('',(-3.2125,8.,375.));
#2500=CARTESIAN_POINT('Origin',(-18.2,12.55,366.));
#2501=CARTESIAN_POINT('',(3.2,12.55,374.99));
#2502=CARTESIAN_POINT('',(-6.1,12.55,374.99));
#2503=CARTESIAN_POINT('',(3.2,12.55,370.495));
#2504=CARTESIAN_POINT('',(-18.15,12.55,366.));
#2505=CARTESIAN_POINT('',(-18.15,12.55,348.));
#2506=CARTESIAN_POINT('',(19.8,12.55,366.));
#2507=CARTESIAN_POINT('',(19.8,12.55,366.));
#2508=CARTESIAN_POINT('',(19.8,12.55,375.));
#2509=CARTESIAN_POINT('',(19.8,12.55,348.5));
#2510=CARTESIAN_POINT('',(19.8,12.55,375.));
#2511=CARTESIAN_POINT('Origin',(34.,11.,376.4));
#2512=CARTESIAN_POINT('',(32.6,11.,376.6));
#2513=CARTESIAN_POINT('Origin',(34.,11.,376.6));
#2514=CARTESIAN_POINT('',(32.6,11.,379.));
#2515=CARTESIAN_POINT('',(32.6,11.,376.4));
#2516=CARTESIAN_POINT('',(34.15,9.60805890929249,379.));
#2517=CARTESIAN_POINT('Origin',(34.,11.,379.));
#2518=CARTESIAN_POINT('',(34.15,9.60805890929249,378.99));
#2519=CARTESIAN_POINT('',(34.15,9.60805890929249,376.4));
#2520=CARTESIAN_POINT('',(34.15,12.3919410907075,378.99));
#2521=CARTESIAN_POINT('Origin',(34.,11.,378.99));
#2522=CARTESIAN_POINT('',(34.15,12.3919410907075,379.));
#2523=CARTESIAN_POINT('',(34.15,12.3919410907075,376.4));
#2524=CARTESIAN_POINT('Origin',(34.,11.,379.));
#2525=CARTESIAN_POINT('Origin',(9.,-11.,376.4));
#2526=CARTESIAN_POINT('',(7.6,-11.,376.6));
#2527=CARTESIAN_POINT('Origin',(9.,-11.,376.6));
#2528=CARTESIAN_POINT('',(7.6,-11.,379.));
#2529=CARTESIAN_POINT('',(7.6,-11.,376.4));
#2530=CARTESIAN_POINT('Origin',(9.,-11.,379.));
#2531=CARTESIAN_POINT('Origin',(9.,11.,376.4));
#2532=CARTESIAN_POINT('',(7.6,11.,376.6));
#2533=CARTESIAN_POINT('Origin',(9.,11.,376.6));
#2534=CARTESIAN_POINT('',(7.6,11.,379.));
#2535=CARTESIAN_POINT('',(7.6,11.,376.4));
#2536=CARTESIAN_POINT('Origin',(9.,11.,379.));
#2537=CARTESIAN_POINT('Origin',(34.,-11.,376.4));
#2538=CARTESIAN_POINT('',(32.6,-11.,376.6));
#2539=CARTESIAN_POINT('Origin',(34.,-11.,376.6));
#2540=CARTESIAN_POINT('',(32.6,-11.,379.));
#2541=CARTESIAN_POINT('',(32.6,-11.,376.4));
#2542=CARTESIAN_POINT('',(34.15,-12.3919410907075,379.));
#2543=CARTESIAN_POINT('Origin',(34.,-11.,379.));
#2544=CARTESIAN_POINT('',(34.15,-12.3919410907075,378.99));
#2545=CARTESIAN_POINT('',(34.15,-12.3919410907075,376.4));
#2546=CARTESIAN_POINT('',(34.15,-9.60805890929249,378.99));
#2547=CARTESIAN_POINT('Origin',(34.,-11.,378.99));
#2548=CARTESIAN_POINT('',(34.15,-9.60805890929249,379.));
#2549=CARTESIAN_POINT('',(34.15,-9.60805890929249,376.4));
#2550=CARTESIAN_POINT('Origin',(34.,-11.,379.));
#2551=CARTESIAN_POINT('Origin',(34.15,12.55,378.99));
#2552=CARTESIAN_POINT('',(34.15,12.55,378.99));
#2553=CARTESIAN_POINT('',(34.15,12.55,378.99));
#2554=CARTESIAN_POINT('',(34.15,12.55,379.));
#2555=CARTESIAN_POINT('',(34.15,12.55,378.99));
#2556=CARTESIAN_POINT('',(34.15,6.275,379.));
#2557=CARTESIAN_POINT('Origin',(9.075,0.,379.));
#2558=CARTESIAN_POINT('',(34.16,12.55,379.));
#2559=CARTESIAN_POINT('',(23.1875,12.55,379.));
#2560=CARTESIAN_POINT('',(34.16,12.65,379.));
#2561=CARTESIAN_POINT('',(34.16,-12.65,379.));
#2562=CARTESIAN_POINT('',(-15.,12.65,379.));
#2563=CARTESIAN_POINT('',(34.16,12.65,379.));
#2564=CARTESIAN_POINT('',(-15.,8.,379.));
#2565=CARTESIAN_POINT('',(-15.,-7.775,379.));
#2566=CARTESIAN_POINT('',(-12.,8.,379.));
#2567=CARTESIAN_POINT('',(-3.2125,8.,379.));
#2568=CARTESIAN_POINT('',(-12.,-8.,379.));
#2569=CARTESIAN_POINT('',(-12.,4.,379.));
#2570=CARTESIAN_POINT('',(-15.,-8.,379.));
#2571=CARTESIAN_POINT('',(-1.4625,-8.,379.));
#2572=CARTESIAN_POINT('',(-15.,-12.65,379.));
#2573=CARTESIAN_POINT('',(-15.,-7.775,379.));
#2574=CARTESIAN_POINT('',(34.16,-12.65,379.));
#2575=CARTESIAN_POINT('',(-16.,-12.65,379.));
#2576=CARTESIAN_POINT('',(34.16,-12.55,379.));
#2577=CARTESIAN_POINT('',(34.16,-12.65,379.));
#2578=CARTESIAN_POINT('',(34.15,-12.55,379.));
#2579=CARTESIAN_POINT('',(21.6125,-12.55,379.));
#2580=CARTESIAN_POINT('',(34.15,6.275,379.));
#2581=CARTESIAN_POINT('',(34.15,6.275,379.));
#2582=CARTESIAN_POINT('',(-3.25,-3.9801020972289E-16,379.));
#2583=CARTESIAN_POINT('Origin',(0.,0.,379.));
#2584=CARTESIAN_POINT('',(18.5,-11.5,379.));
#2585=CARTESIAN_POINT('',(18.5,-5.75,379.));
#2586=CARTESIAN_POINT('',(9.7875,-11.5,379.));
#2587=CARTESIAN_POINT('Origin',(-15.,-15.55,375.));
#2588=CARTESIAN_POINT('',(-15.,8.,392.));
#2589=CARTESIAN_POINT('',(-15.,12.65,389.));
#2590=CARTESIAN_POINT('',(-15.,12.65,377.));
#2591=CARTESIAN_POINT('',(-15.,-12.65,389.));
#2592=CARTESIAN_POINT('',(-15.,-15.55,389.));
#2593=CARTESIAN_POINT('',(-15.,-12.65,377.));
#2594=CARTESIAN_POINT('',(-15.,-8.,392.));
#2595=CARTESIAN_POINT('Origin',(-21.6,0.,389.));
#2596=CARTESIAN_POINT('',(-16.,12.65,389.));
#2597=CARTESIAN_POINT('',(6.28,12.65,389.));
#2598=CARTESIAN_POINT('',(-16.,-12.65,389.));
#2599=CARTESIAN_POINT('',(-16.,-6.275,389.));
#2600=CARTESIAN_POINT('',(-18.8,-12.65,389.));
#2601=CARTESIAN_POINT('Origin',(-19.,15.55,375.));
#2602=CARTESIAN_POINT('',(-19.,15.55,389.));
#2603=CARTESIAN_POINT('',(-19.,-15.55,389.));
#2604=CARTESIAN_POINT('',(-19.,7.775,389.));
#2605=CARTESIAN_POINT('',(-19.,-15.55,409.));
#2606=CARTESIAN_POINT('',(-19.,-15.55,375.));
#2607=CARTESIAN_POINT('',(-19.,15.55,409.));
#2608=CARTESIAN_POINT('',(-19.,15.55,409.));
#2609=CARTESIAN_POINT('',(-19.,15.55,375.));
#2610=CARTESIAN_POINT('Origin',(25.8,15.55,331.));
#2611=CARTESIAN_POINT('',(-28.2,15.55,389.));
#2612=CARTESIAN_POINT('',(-15.,15.55,389.));
#2613=CARTESIAN_POINT('',(40.3,15.55,409.));
#2614=CARTESIAN_POINT('',(40.3,15.55,409.));
#2615=CARTESIAN_POINT('',(40.3,15.55,379.));
#2616=CARTESIAN_POINT('',(40.3,15.55,379.));
#2617=CARTESIAN_POINT('',(37.15,15.55,379.));
#2618=CARTESIAN_POINT('',(40.3,15.55,379.));
#2619=CARTESIAN_POINT('',(37.15,15.55,375.));
#2620=CARTESIAN_POINT('',(37.15,15.55,375.));
#2621=CARTESIAN_POINT('',(25.8,15.55,375.));
#2622=CARTESIAN_POINT('',(37.15,15.55,375.));
#2623=CARTESIAN_POINT('',(25.8,15.55,331.));
#2624=CARTESIAN_POINT('',(25.8,15.55,331.));
#2625=CARTESIAN_POINT('',(19.8,15.55,331.));
#2626=CARTESIAN_POINT('',(25.8,15.55,331.));
#2627=CARTESIAN_POINT('',(19.8,15.55,366.));
#2628=CARTESIAN_POINT('',(19.8,15.55,331.));
#2629=CARTESIAN_POINT('',(-18.15,15.55,366.));
#2630=CARTESIAN_POINT('',(25.8,15.55,366.));
#2631=CARTESIAN_POINT('',(-18.15,15.55,330.5));
#2632=CARTESIAN_POINT('',(-22.2,15.55,374.));
#2633=CARTESIAN_POINT('',(-22.2,15.55,374.));
#2634=CARTESIAN_POINT('',(-22.25,15.55,374.));
#2635=CARTESIAN_POINT('',(-22.2,15.55,374.));
#2636=CARTESIAN_POINT('',(-22.25,15.55,362.797474532728));
#2637=CARTESIAN_POINT('',(-22.25,15.55,330.5));
#2638=CARTESIAN_POINT('',(-25.2,15.55,362.797474532728));
#2639=CARTESIAN_POINT('',(-25.2,15.55,362.797474532728));
#2640=CARTESIAN_POINT('',(-25.2,15.55,333.102525467272));
#2641=CARTESIAN_POINT('',(-25.2,15.55,339.475));
#2642=CARTESIAN_POINT('',(-22.25,15.55,333.102525467272));
#2643=CARTESIAN_POINT('',(-25.2,15.55,333.102525467272));
#2644=CARTESIAN_POINT('',(-22.25,15.55,331.));
#2645=CARTESIAN_POINT('',(-22.25,15.55,330.5));
#2646=CARTESIAN_POINT('',(-28.2,15.55,331.));
#2647=CARTESIAN_POINT('',(-22.2,15.55,331.));
#2648=CARTESIAN_POINT('',(-28.2,15.55,331.));
#2649=CARTESIAN_POINT('Origin',(19.8,-15.55,331.));
#2650=CARTESIAN_POINT('',(-28.2,-15.55,389.));
#2651=CARTESIAN_POINT('',(-28.2,-15.55,389.));
#2652=CARTESIAN_POINT('',(-28.2,-15.55,331.));
#2653=CARTESIAN_POINT('',(-28.2,-15.55,331.));
#2654=CARTESIAN_POINT('',(-22.25,-15.55,331.));
#2655=CARTESIAN_POINT('',(-28.2,-15.55,331.));
#2656=CARTESIAN_POINT('',(-22.25,-15.55,333.102525467272));
#2657=CARTESIAN_POINT('',(-22.25,-15.55,330.5));
#2658=CARTESIAN_POINT('',(-25.2,-15.55,333.102525467272));
#2659=CARTESIAN_POINT('',(-25.2,-15.55,333.102525467272));
#2660=CARTESIAN_POINT('',(-25.2,-15.55,362.797474532728));
#2661=CARTESIAN_POINT('',(-25.2,-15.55,339.475));
#2662=CARTESIAN_POINT('',(-22.25,-15.55,362.797474532728));
#2663=CARTESIAN_POINT('',(-25.2,-15.55,362.797474532728));
#2664=CARTESIAN_POINT('',(-22.25,-15.55,374.));
#2665=CARTESIAN_POINT('',(-22.25,-15.55,330.5));
#2666=CARTESIAN_POINT('',(-22.2,-15.55,374.));
#2667=CARTESIAN_POINT('',(-28.2,-15.55,374.));
#2668=CARTESIAN_POINT('',(-22.2,-15.55,374.));
#2669=CARTESIAN_POINT('',(-18.15,-15.55,366.));
#2670=CARTESIAN_POINT('',(-18.15,-15.55,330.5));
#2671=CARTESIAN_POINT('',(19.8,-15.55,366.));
#2672=CARTESIAN_POINT('',(-24.2,-15.55,366.));
#2673=CARTESIAN_POINT('',(19.8,-15.55,331.));
#2674=CARTESIAN_POINT('',(19.8,-15.55,331.));
#2675=CARTESIAN_POINT('',(25.8,-15.55,331.));
#2676=CARTESIAN_POINT('',(19.8,-15.55,331.));
#2677=CARTESIAN_POINT('',(25.8,-15.55,375.));
#2678=CARTESIAN_POINT('',(25.8,-15.55,331.));
#2679=CARTESIAN_POINT('',(37.15,-15.55,375.));
#2680=CARTESIAN_POINT('',(-19.,-15.55,375.));
#2681=CARTESIAN_POINT('',(37.15,-15.55,379.));
#2682=CARTESIAN_POINT('',(37.15,-15.55,375.));
#2683=CARTESIAN_POINT('',(40.3,-15.55,379.));
#2684=CARTESIAN_POINT('',(37.15,-15.55,379.));
#2685=CARTESIAN_POINT('',(40.3,-15.55,409.));
#2686=CARTESIAN_POINT('',(40.3,-15.55,379.));
#2687=CARTESIAN_POINT('',(-19.,-15.55,409.));
#2688=CARTESIAN_POINT('Origin',(-12.,-8.,409.));
#2689=CARTESIAN_POINT('',(-12.,-8.,409.));
#2690=CARTESIAN_POINT('Origin',(-16.,-12.65,379.));
#2691=CARTESIAN_POINT('',(-16.,-12.65,409.));
#2692=CARTESIAN_POINT('',(-16.,-12.65,379.));
#2693=CARTESIAN_POINT('',(34.16,-12.65,409.));
#2694=CARTESIAN_POINT('',(-3.4625,-12.65,409.));
#2695=CARTESIAN_POINT('',(34.16,-12.65,379.));
#2696=CARTESIAN_POINT('Origin',(-22.2,-15.55,374.));
#2697=CARTESIAN_POINT('',(-22.2,-15.55,374.));
#2698=CARTESIAN_POINT('Origin',(-25.2,0.,389.));
#2699=CARTESIAN_POINT('',(-28.2,15.55,389.));
#2700=CARTESIAN_POINT('Origin',(-25.2,0.,374.));
#2701=CARTESIAN_POINT('',(-22.25,8.,374.));
#2702=CARTESIAN_POINT('Origin',(-22.25,16.,330.));
#2703=CARTESIAN_POINT('Origin',(-22.25,1.04006509136567E-44,347.95));
#2704=CARTESIAN_POINT('Origin',(-25.2,1.04006509136567E-44,347.95));
#2705=CARTESIAN_POINT('',(-25.2,13.2267720929938,331.));
#2706=CARTESIAN_POINT('Origin',(-25.2,1.04006509136567E-44,347.95));
#2707=CARTESIAN_POINT('',(-22.25,13.2267720929938,331.));
#2708=CARTESIAN_POINT('',(-25.2,13.2267720929938,331.));
#2709=CARTESIAN_POINT('Origin',(-22.25,1.04006509136567E-44,347.95));
#2710=CARTESIAN_POINT('Origin',(-25.2,1.04006509136567E-44,347.95));
#2711=CARTESIAN_POINT('Origin',(-25.2,1.04006509136567E-44,347.95));
#2712=CARTESIAN_POINT('Origin',(-25.2,1.04006509136567E-44,347.95));
#2713=CARTESIAN_POINT('',(-22.25,-13.2267720929938,331.));
#2714=CARTESIAN_POINT('Origin',(-22.25,1.04006509136567E-44,347.95));
#2715=CARTESIAN_POINT('',(-25.2,-13.2267720929938,331.));
#2716=CARTESIAN_POINT('',(-25.2,-13.2267720929938,331.));
#2717=CARTESIAN_POINT('Origin',(-25.2,1.04006509136567E-44,347.95));
#2718=CARTESIAN_POINT('Origin',(-22.25,16.,330.));
#2719=CARTESIAN_POINT('',(-22.25,8.,331.));
#2720=CARTESIAN_POINT('Origin',(10.5,-11.5,374.95));
#2721=CARTESIAN_POINT('',(9.75,-11.5,376.6));
#2722=CARTESIAN_POINT('',(18.5,-11.5,375.));
#2723=CARTESIAN_POINT('',(18.5,-11.5,374.95));
#2724=CARTESIAN_POINT('',(9.7875,-11.5,375.));
#2725=CARTESIAN_POINT('Origin',(18.5,-11.5,374.95));
#2726=CARTESIAN_POINT('',(18.5,-5.75,375.));
#2727=CARTESIAN_POINT('Origin',(9.,11.,376.6));
#2728=CARTESIAN_POINT('Origin',(9.075,0.,375.));
#2729=CARTESIAN_POINT('',(19.8,-12.55,375.));
#2730=CARTESIAN_POINT('',(19.8,15.55,375.));
#2731=CARTESIAN_POINT('',(-18.2,-12.55,375.));
#2732=CARTESIAN_POINT('Origin',(34.,11.,376.6));
#2733=CARTESIAN_POINT('Origin',(9.,-11.,376.6));
#2734=CARTESIAN_POINT('Origin',(34.,-11.,376.6));
#2735=CARTESIAN_POINT('Origin',(19.8,-12.55,366.));
#2736=CARTESIAN_POINT('',(19.8,-12.55,366.));
#2737=CARTESIAN_POINT('',(19.8,-12.55,348.5));
#2738=CARTESIAN_POINT('',(-18.15,-12.55,366.));
#2739=CARTESIAN_POINT('',(-18.2,-12.55,366.));
#2740=CARTESIAN_POINT('',(-18.15,-12.55,348.));
#2741=CARTESIAN_POINT('',(3.2,-12.55,370.495));
#2742=CARTESIAN_POINT('Origin',(35.725,0.,378.99));
#2743=CARTESIAN_POINT('',(34.15,12.55,378.99));
#2744=CARTESIAN_POINT('',(34.15,-12.55,378.99));
#2745=CARTESIAN_POINT('',(34.15,12.55,378.99));
#2746=CARTESIAN_POINT('',(37.15,-12.55,378.99));
#2747=CARTESIAN_POINT('',(34.15,-12.55,378.99));
#2748=CARTESIAN_POINT('',(37.15,12.55,378.99));
#2749=CARTESIAN_POINT('',(37.15,-7.775,378.99));
#2750=CARTESIAN_POINT('',(37.3,12.55,378.99));
#2751=CARTESIAN_POINT('Origin',(34.15,12.55,378.99));
#2752=CARTESIAN_POINT('',(34.15,-12.55,378.99));
#2753=CARTESIAN_POINT('Origin',(34.15,12.55,378.99));
#2754=CARTESIAN_POINT('Origin',(37.3,-12.55,378.99));
#2755=CARTESIAN_POINT('',(37.3,-12.55,379.));
#2756=CARTESIAN_POINT('',(37.3,12.55,379.));
#2757=CARTESIAN_POINT('',(37.3,-6.275,379.));
#2758=CARTESIAN_POINT('',(37.3,-12.55,409.));
#2759=CARTESIAN_POINT('',(37.3,-12.55,378.99));
#2760=CARTESIAN_POINT('',(37.3,12.55,409.));
#2761=CARTESIAN_POINT('',(37.3,-6.275,409.));
#2762=CARTESIAN_POINT('',(37.3,12.55,378.99));
#2763=CARTESIAN_POINT('Origin',(34.15,-12.55,378.99));
#2764=CARTESIAN_POINT('',(37.15,-12.55,379.));
#2765=CARTESIAN_POINT('',(37.15,-12.55,376.995));
#2766=CARTESIAN_POINT('',(34.16,-12.55,409.));
#2767=CARTESIAN_POINT('',(34.16,-12.55,378.995));
#2768=CARTESIAN_POINT('',(21.6125,-12.55,409.));
#2769=CARTESIAN_POINT('',(36.4375,-12.55,379.));
#2770=CARTESIAN_POINT('Origin',(37.3,12.55,378.99));
#2771=CARTESIAN_POINT('',(37.15,12.55,379.));
#2772=CARTESIAN_POINT('',(37.15,12.55,376.995));
#2773=CARTESIAN_POINT('',(38.0125,12.55,379.));
#2774=CARTESIAN_POINT('',(34.16,12.55,409.));
#2775=CARTESIAN_POINT('',(23.1875,12.55,409.));
#2776=CARTESIAN_POINT('',(34.16,12.55,378.995));
#2777=CARTESIAN_POINT('Origin',(38.725,0.,379.));
#2778=CARTESIAN_POINT('',(37.15,-7.775,379.));
#2779=CARTESIAN_POINT('',(40.3,-15.55,379.));
#2780=CARTESIAN_POINT('',(37.15,-7.775,379.));
#2781=CARTESIAN_POINT('Origin',(9.075,0.,409.));
#2782=CARTESIAN_POINT('',(40.3,-15.55,409.));
#2783=CARTESIAN_POINT('',(34.16,-6.325,409.));
#2784=CARTESIAN_POINT('',(-16.,12.65,409.));
#2785=CARTESIAN_POINT('',(-16.,6.325,409.));
#2786=CARTESIAN_POINT('',(34.16,12.65,409.));
#2787=CARTESIAN_POINT('',(21.6175,12.65,409.));
#2788=CARTESIAN_POINT('',(34.16,-6.325,409.));
#2789=CARTESIAN_POINT('Origin',(34.16,-12.65,379.));
#2790=CARTESIAN_POINT('Origin',(40.3,-15.55,379.));
#2791=CARTESIAN_POINT('Origin',(37.15,-15.55,375.));
#2792=CARTESIAN_POINT('',(37.15,-15.55,375.));
#2793=CARTESIAN_POINT('Origin',(0.,0.,374.9));
#2794=CARTESIAN_POINT('',(-3.25,-3.9801020972289E-16,374.9));
#2795=CARTESIAN_POINT('Origin',(3.2,-8.7,374.99));
#2796=CARTESIAN_POINT('Origin',(-25.2,-5.40369720076392E-30,347.95));
#2797=CARTESIAN_POINT('',(-25.2,-7.88860905221011E-30,331.));
#2798=CARTESIAN_POINT('',(-25.2,-9.79717439317877E-16,355.95));
#2799=CARTESIAN_POINT('Origin',(-25.2,2.48491185144619E-30,347.95));
#2800=CARTESIAN_POINT('Origin',(-25.2,2.48491185144619E-30,347.95));
#2801=CARTESIAN_POINT('',(-22.25,-9.79717439317877E-16,355.95));
#2802=CARTESIAN_POINT('',(-25.2,-9.79717439317877E-16,355.95));
#2803=CARTESIAN_POINT('Origin',(-22.25,2.24647540980665E-30,347.95));
#2804=CARTESIAN_POINT('Origin',(-25.2,0.,331.));
#2805=CARTESIAN_POINT('',(-22.25,8.,331.));
#2806=CARTESIAN_POINT('',(-28.2,15.55,331.));
#2807=CARTESIAN_POINT('Origin',(-22.25,16.,330.));
#2808=CARTESIAN_POINT('Origin',(-22.25,16.,330.));
#2809=CARTESIAN_POINT('',(-22.25,6.3069310156089E-16,353.1));
#2810=CARTESIAN_POINT('Origin',(-22.25,2.18920829539132E-30,347.95));
#2811=CARTESIAN_POINT('Origin',(-28.3,2.79059545221934E-30,347.95));
#2812=CARTESIAN_POINT('',(-28.2,-6.30693101560885E-16,353.1));
#2813=CARTESIAN_POINT('Origin',(-28.2,2.7806551686354E-30,347.95));
#2814=CARTESIAN_POINT('',(-28.3,-6.30693101560885E-16,353.1));
#2815=CARTESIAN_POINT('Origin',(-18.15,-16.,330.));
#2816=CARTESIAN_POINT('',(-18.15,-8.,366.));
#2817=CARTESIAN_POINT('Origin',(-18.15,-16.,330.));
#2818=CARTESIAN_POINT('',(-18.15,-8.,366.));
#2819=CARTESIAN_POINT('Origin',(0.800000000000001,0.,366.));
#2820=CARTESIAN_POINT('',(19.8,7.775,366.));
#2821=CARTESIAN_POINT('Origin',(-28.2,15.55,331.));
#2822=CARTESIAN_POINT('Origin',(-16.,-12.55,409.));
#2823=CARTESIAN_POINT('',(-16.,12.65,379.));
#2824=CARTESIAN_POINT('Origin',(3.2,13.3,374.99));
#2825=CARTESIAN_POINT('',(3.2,13.3,374.99));
#2826=CARTESIAN_POINT('',(3.2,13.3,374.99));
#2827=CARTESIAN_POINT('',(3.2,13.3,374.99));
#2828=CARTESIAN_POINT('Origin',(8.8,13.3,374.99));
#2829=CARTESIAN_POINT('',(8.8,13.3,374.99));
#2830=CARTESIAN_POINT('Origin',(6.,11.,374.99));
#2831=CARTESIAN_POINT('Origin',(34.16,-12.65,379.));
#2832=CARTESIAN_POINT('',(34.16,12.65,379.));
#2833=CARTESIAN_POINT('Origin',(34.16,12.65,379.));
#2834=CARTESIAN_POINT('Origin',(0.,0.,340.95));
#2835=CARTESIAN_POINT('',(22.3,-2.08189955855052E-16,342.65));
#2836=CARTESIAN_POINT('Origin',(22.3,0.,340.95));
#2837=CARTESIAN_POINT('',(25.8,2.08189955855052E-16,342.65));
#2838=CARTESIAN_POINT('',(0.,-2.08189955855052E-16,342.65));
#2839=CARTESIAN_POINT('Origin',(25.8,0.,340.95));
#2840=CARTESIAN_POINT('Origin',(0.,0.,354.95));
#2841=CARTESIAN_POINT('',(22.3,-2.08189955855052E-16,356.65));
#2842=CARTESIAN_POINT('Origin',(22.3,0.,354.95));
#2843=CARTESIAN_POINT('',(25.8,2.08189955855052E-16,356.65));
#2844=CARTESIAN_POINT('',(0.,-2.08189955855052E-16,356.65));
#2845=CARTESIAN_POINT('Origin',(25.8,0.,354.95));
#2846=CARTESIAN_POINT('Origin',(0.,-7.,347.95));
#2847=CARTESIAN_POINT('',(22.3,-7.,349.65));
#2848=CARTESIAN_POINT('Origin',(22.3,-7.,347.95));
#2849=CARTESIAN_POINT('',(25.8,-7.,349.65));
#2850=CARTESIAN_POINT('',(0.,-7.,349.65));
#2851=CARTESIAN_POINT('Origin',(25.8,-7.,347.95));
#2852=CARTESIAN_POINT('Origin',(0.,7.,347.95));
#2853=CARTESIAN_POINT('',(22.3,7.,349.65));
#2854=CARTESIAN_POINT('Origin',(22.3,7.,347.95));
#2855=CARTESIAN_POINT('',(25.8,7.,349.65));
#2856=CARTESIAN_POINT('',(0.,7.,349.65));
#2857=CARTESIAN_POINT('Origin',(25.8,7.,347.95));
#2858=CARTESIAN_POINT('Origin',(0.,0.,347.95));
#2859=CARTESIAN_POINT('',(22.3,-3.85763741731414E-16,351.1));
#2860=CARTESIAN_POINT('Origin',(22.3,0.,347.95));
#2861=CARTESIAN_POINT('',(25.8,3.85763741731414E-16,351.1));
#2862=CARTESIAN_POINT('',(0.,-3.85763741731414E-16,351.1));
#2863=CARTESIAN_POINT('Origin',(25.8,0.,347.95));
#2864=CARTESIAN_POINT('Origin',(0.,0.,347.95));
#2865=CARTESIAN_POINT('',(19.8,-1.27363267111325E-15,358.35));
#2866=CARTESIAN_POINT('Origin',(19.8,0.,347.95));
#2867=CARTESIAN_POINT('',(22.3,-1.27363267111325E-15,358.35));
#2868=CARTESIAN_POINT('',(0.,-1.27363267111325E-15,358.35));
#2869=CARTESIAN_POINT('Origin',(22.3,0.,347.95));
#2870=CARTESIAN_POINT('Origin',(22.3,0.,347.95));
#2871=CARTESIAN_POINT('Origin',(-15.5,8.,409.));
#2872=CARTESIAN_POINT('',(-12.,8.,409.));
#2873=CARTESIAN_POINT('Origin',(-12.,8.,409.));
#2874=CARTESIAN_POINT('Origin',(9.075,0.,375.));
#2875=CARTESIAN_POINT('',(25.8,-15.55,375.));
#2876=CARTESIAN_POINT('Origin',(0.800000000000001,0.,366.));
#2877=CARTESIAN_POINT('',(19.8,7.775,366.));
#2878=CARTESIAN_POINT('Origin',(25.8,-15.55,331.));
#2879=CARTESIAN_POINT('',(25.8,-15.55,331.));
#2880=CARTESIAN_POINT('Origin',(19.8,15.55,331.));
#2881=CARTESIAN_POINT('',(19.8,15.55,331.));
#2882=CARTESIAN_POINT('Origin',(22.8,0.,331.));
#2883=UNCERTAINTY_MEASURE_WITH_UNIT(LENGTH_MEASURE(0.01),#2887,
'DISTANCE_ACCURACY_VALUE',
'Maximum model space distance between geometric entities at asserted c
onnectivities');
#2884=UNCERTAINTY_MEASURE_WITH_UNIT(LENGTH_MEASURE(0.01),#2887,
'DISTANCE_ACCURACY_VALUE',
'Maximum model space distance between geometric entities at asserted c
onnectivities');
#2885=(
GEOMETRIC_REPRESENTATION_CONTEXT(3)
GLOBAL_UNCERTAINTY_ASSIGNED_CONTEXT((#2883))
GLOBAL_UNIT_ASSIGNED_CONTEXT((#2887,#2889,#2890))
REPRESENTATION_CONTEXT('','3D')
);
#2886=(
GEOMETRIC_REPRESENTATION_CONTEXT(3)
GLOBAL_UNCERTAINTY_ASSIGNED_CONTEXT((#2884))
GLOBAL_UNIT_ASSIGNED_CONTEXT((#2887,#2889,#2890))
REPRESENTATION_CONTEXT('','3D')
);
#2887=(
LENGTH_UNIT()
NAMED_UNIT(*)
SI_UNIT(.MILLI.,.METRE.)
);
#2888=(
LENGTH_UNIT()
NAMED_UNIT(*)
SI_UNIT($,.METRE.)
);
#2889=(
NAMED_UNIT(*)
PLANE_ANGLE_UNIT()
SI_UNIT($,.RADIAN.)
);
#2890=(
NAMED_UNIT(*)
SI_UNIT($,.STERADIAN.)
SOLID_ANGLE_UNIT()
);
#2891=SHAPE_DEFINITION_REPRESENTATION(#2892,#2893);
#2892=PRODUCT_DEFINITION_SHAPE('',$,#2895);
#2893=SHAPE_REPRESENTATION('',(#1779),#2885);
#2894=PRODUCT_DEFINITION_CONTEXT('part definition',#2899,'design');
#2895=PRODUCT_DEFINITION('2026-08-21-16-48-11-618','WristLink_J5J6',#2896,
#2894);
#2896=PRODUCT_DEFINITION_FORMATION('',$,#2901);
#2897=PRODUCT_RELATED_PRODUCT_CATEGORY('WristLink_J5J6',
'WristLink_J5J6',(#2901));
#2898=APPLICATION_PROTOCOL_DEFINITION('international standard',
'automotive_design',2009,#2899);
#2899=APPLICATION_CONTEXT(
'Core Data for Automotive Mechanical Design Process');
#2900=PRODUCT_CONTEXT('part definition',#2899,'mechanical');
#2901=PRODUCT('2026-08-21-16-48-11-618','WristLink_J5J6',$,(#2900));
#2902=PRESENTATION_STYLE_ASSIGNMENT((#2903));
#2903=SURFACE_STYLE_USAGE(.BOTH.,#2904);
#2904=SURFACE_SIDE_STYLE('',(#2905));
#2905=SURFACE_STYLE_FILL_AREA(#2906);
#2906=FILL_AREA_STYLE('\X2\92FC\X0\ - \X2\30B530C630F3\X0\',(#2907));
#2907=FILL_AREA_STYLE_COLOUR('\X2\92FC\X0\ - \X2\30B530C630F3\X0\',#2908);
#2908=COLOUR_RGB('\X2\92FC\X0\ - \X2\30B530C630F3\X0\',0.627450980392157,
0.627450980392157,0.627450980392157);
ENDSEC;
END-ISO-10303-21;
